seq_id,timestamp,roll,pitch,yaw,gyro_x,gyro_y,gyro_z,accel_x,accel_y,accel_z,m1,m2,m3,m4,fault_label
1,0.0,0.024835707650561634,-0.006913215058559233,0.06476885381006925,0.03046059712816051,-0.004683067494466719,-0.018730956555934444,0.15792128155073915,0.07674347291529088,9.71610512281301,4516.276801307579,4486.097469215626,4486.028107392893,4507.258868146981,0
1,0.1,-0.0956640122328899,-0.08624589162565165,-0.05622875292409727,-0.020256622406688476,0.006284946651905478,-0.07264192604169688,-0.14123037013352915,0.14656487689215542,9.764844739902694,4502.025846140637,4457.257554413596,4483.668518264244,4503.327677691296,0
1,0.2,-0.057549678871115145,0.0187849009172836,-0.0600638689918805,-0.005833874995865536,-0.012034132244587938,0.14818225476071503,-0.0013497224737933921,-0.10577109289559004,9.974508982420637,4463.374690500869,4506.265907850143,4441.209896283607,4460.154418533047,0
1,0.30000000000000004,0.009843061793456176,0.03692332899977052,0.01713682811899705,-0.0023129656477648107,-0.0060220739117857755,-0.1182817592293942,-0.07198442083947086,-0.046063877095978756,10.021424445243783,4510.308548687054,4447.108795339118,4509.7225190818435,4488.447531587511,0
1,0.4,-0.03384610001529794,0.030583814442043396,0.1030999522495951,0.018625602382323973,-0.01678435046445277,-0.024736990068097167,0.033126343140356396,0.09755451271223592,9.714165152430942,4494.430230700085,4466.809950779819,4464.11380127758,4524.375774671826,0
1,0.5,0.06781200142854114,-0.0036005060790166923,0.10035328978920242,0.007232720500952683,-0.012902395092102486,0.028911648440673114,0.15380365664659693,-0.003582603910995154,10.122928731162801,4421.407646877307,4524.6570751312565,4502.611412047145,4491.029779486024,0
1,0.6000000000000001,0.004588038826775115,-0.09937844573004465,-0.021967188783751194,0.007142251430234928,0.029557880894830323,-0.041461617461891795,-0.08084936028931877,-0.05017570435845366,9.993080423540416,4509.862533289791,4484.107193886989,4515.3980229934,4502.912326480441,0
1,0.7000000000000001,0.04843224952664446,-0.03510265469386762,-0.032766214659776825,-0.007842163062643152,-0.029270298962642372,0.023689622165166086,0.026105527217988936,0.000511345664246089,9.76308257332497,4457.538877738488,4487.380640317039,4489.718564504197,4475.931681923352,0
1,0.8,-0.008064285583300457,0.020202542840726923,0.18861859012105303,0.0034915562566367794,0.005151007814455287,-0.005955673261293377,-0.19187712152990416,-0.002651387544921688,9.822046041988205,4573.897263374559,4494.229171056566,4509.046420270009,4498.958646908843,0
1,0.9,-0.05843390188097661,0.05714114072575103,0.07519330326867742,0.01582063894086094,-0.018187749095894778,0.11222354487488793,-0.1401851062792281,0.05868570938002703,10.248091125161997,4470.283910246079,4483.011068111917,4502.989540952629,4484.895730376514,0
1,1.0,-0.07753317155330663,0.0034281487403013664,-0.10623037137261049,0.009471848612703632,-0.018388484684676062,0.12399475240140316,-0.07832532923362372,-0.03220615162056756,9.972703443473934,4463.074070506981,4506.823798038124,4539.214282628473,4451.7755029631635,0
1,1.1,0.009231692926615211,0.012994139712421178,0.07818228717773104,-0.02473901421756164,-0.026409132261685526,0.04175532524935181,0.029698467323318607,0.025049285034587657,9.879289641899396,4479.599258352645,4506.96761091483,4508.79217419896,4478.569457459209,0
1,1.2000000000000002,0.09328872555723783,0.023691646045589376,-0.11913034972026487,0.013131072172676594,-0.01949363340454643,0.06296676829939617,0.11585955790074041,-0.08206823183517105,10.002675225848865,4512.383427808095,4524.6618047998345,4556.903789479618,4492.638356519914,0
1,1.3,-0.037686808217874485,-0.04447572148127617,-0.08158102849654383,-0.001542034188282084,0.006823039496332878,0.022135263946401525,0.08271832490360238,0.001300189187790702,10.100706815431463,4492.0602950028615,4581.6050749976885,4518.77002043295,4474.2852733075115,0
1,1.4000000000000001,-0.053544624903055615,0.024123620762159265,-0.02234627853258509,0.01428000988184184,0.009464752491470897,-0.005826313012549822,-0.0846793718068405,-0.15148472246858646,9.720697009586596,4525.691963829704,4506.422812323906,4462.6278366386405,4505.195427775536,0
1,1.5,0.01926586898644184,-0.044192871810056655,0.015372510594552791,0.0011641743689199979,-0.022859405956612462,0.028622988827862662,0.05607845263682344,0.1083051243175277,10.02076041040698,4458.669918961287,4471.865248802546,4515.45105801626,4515.413578527367,0
1,1.6,0.0257523843153024,0.19263657453273608,0.0570890510693167,0.02271131280361198,0.019080035269864046,0.05211130010446384,-0.031526924464034566,0.07589692204932674,9.655434957092487,4492.895441797799,4485.439093565127,4502.456224181589,4569.439757000206,0
1,1.7000000000000002,-0.09336325962958741,0.03431300951872567,-0.16127158711896517,-0.00943863731578867,0.021779011939347323,0.005142401527637021,-0.10777447779293062,-0.07153037092599683,9.945919549786936,4478.089001048486,4506.493757687459,4501.367155197115,4480.451989571826,0
1,1.8,0.1071972044662663,0.03169595111590056,-0.20251425866576073,0.003729086295388553,-0.01323572929536776,0.06819466678369791,-0.07925207384327007,-0.011473644146689901,9.910997455796092,4525.972655825104,4463.991107788327,4489.9649629247715,4485.751640665171,0
1,1.9000000000000001,-0.0326664616286856,0.08827271201405484,0.040498171096095555,-0.025217679086700903,0.018357238941095522,0.16977249576101067,0.1032465260551147,-0.15193699659540136,9.71315318542675,4538.007334475598,4478.769916031437,4513.314582844387,4523.23902160288,0
1,2.0,-0.04634652357890415,-0.002976267803090004,-0.3241267340069073,-0.020487752826685798,-0.005051363027863206,-0.09982265455718796,0.16324113039316354,-0.14301413779606328,9.721991102660605,4503.922217318583,4543.238198671984,4456.9241354646165,4534.894912564649,0
1,2.1,0.0005116530509793525,-0.04907543255239755,0.04621034742632708,0.003981193911469401,-0.012004337543175893,0.005584166799201513,-0.03853135968617602,0.011351734525124805,9.94242613490421,4547.580504484361,4462.865535035195,4563.991001239688,4441.437366014325,0
1,2.2,-0.007589254751779167,0.029415860324228826,0.028099186773503267,-0.012453990396411875,-0.0041624450071455045,-0.039440074772706626,-0.058936475694421155,0.08496020970210247,9.88140309719301,4479.21271214218,4526.9879962629975,4509.2189856262985,4524.385863565169,0
1,2.3000000000000003,0.03148144209618061,-0.041449750546103614,-0.05601810401969696,0.014945872102465237,0.012207405308669298,-0.0016721275171318506,0.0117327383308782,0.12776648957884248,9.691685722232835,4516.412921435101,4493.934220426983,4493.469563903183,4532.963305559616,0
1,2.4000000000000004,0.041270817449401496,0.04067548180003193,0.1305478807154329,0.000420076832655181,0.013639059425899278,-0.024821340527476483,0.032416635248844215,-0.013014305436768459,9.829399192998544,4517.8547107631075,4475.453379502996,4562.7716182705635,4469.819478555009,0
1,2.5,-0.06070943063938661,0.05790554367500339,0.07916626939629359,0.012482396341043103,0.012566910185285598,-0.00097974182775317,-0.08972543714858316,0.007580455819372634,9.674567657697578,4529.253592002533,4495.588278554936,4475.235084096224,4490.35842475041,0
1,2.6,0.020646572713781217,-0.028186227640198736,-0.08222203955664315,0.004873744229838246,0.004899331422174456,-0.04055545402969038,-0.04710383056183228,0.02320499373576363,9.520383131700536,4457.776086768703,4478.446673362427,4493.596585448645,4509.32722696794,0
1,2.7,0.0737678108474776,0.042882981160100975,-0.015993852996342713,-0.00038032415805377664,-0.02005058729275618,-0.0014810508793911944,-0.028865863892013833,0.03227185603380895,9.644553811289535,4515.580395427235,4545.982167390077,4496.737195546294,4512.051351662968,0
1,2.8000000000000003,0.03450719958555563,-0.020061023594291814,0.022409248181041678,0.0002518480156358972,0.0019535219709766343,-0.06184078270843732,0.0024510174258942715,0.049799829124544975,10.10022872155901,4528.778124782556,4564.595473725347,4476.979573113358,4526.16961910162,0
1,2.9000000000000004,0.009167100286917588,0.10949014666088362,-0.08082982853551515,-0.01679443684361552,-0.011987852908880443,-0.16991165794478455,-0.052575502168076105,-0.07591326615536981,9.840078757295242,4510.252679273315,4556.285125176477,4528.512715145582,4482.692890330128,0
1,3.0,-0.0449207335674179,0.02459595857532529,-0.1320233207020642,0.03662917531708708,0.02358880241442574,-0.03753405216837639,-0.17131345290908775,0.1353872374165413,9.787092030949477,4537.134489359204,4452.167170236169,4482.018749311387,4500.157310991545,0
1,3.1,0.002349029688237103,-0.022503273573962184,0.062284993234749876,-0.02135240858765189,-0.00284758970042587,0.00962365053695191,0.051443883405874906,0.07116148780888898,9.585071581632427,4453.976574877931,4538.330304656955,4509.969420359388,4477.545403903303,0
1,3.2,0.07755759877612615,0.005783731714642934,0.11792971840638265,0.001350369628202179,0.041214958497639745,0.14042726739545636,-0.02489641484790735,0.09715709509543555,9.93907518991703,4541.058946725971,4471.052296182597,4520.581543799954,4531.752734605488,0
1,3.3000000000000003,-0.08793697432115571,-0.05916292563328876,-0.20392321777601008,-0.005388136688891155,0.014350845115919247,0.12018856416768225,0.007409478041977519,0.1628615545571292,9.533979708357021,4448.8985268193455,4498.333569033101,4511.521963468179,4499.019157557177,0
1,3.4000000000000004,-0.10337210500199384,-0.00445600197563942,-0.13044695005048532,0.01339345097660077,0.007331964921936966,-0.07519038290618842,-0.05138669173366936,-0.10592135218889516,9.797464180545367,4528.654269615037,4470.4282186099335,4515.121395465535,4484.092271448827,0
1,3.5,-0.03964364161311721,-0.005351517997727892,-0.10352423224193741,-0.011072986106943641,-0.02395755785177697,0.15717801063331113,0.0035263551971728615,-0.06997255079925856,9.852795982146844,4496.630158509275,4493.370912014003,4518.425001001303,4522.725231301419,0
1,3.6,-0.026525057380526375,-0.028790912032234002,-0.027505169715164403,-0.046038423294711694,-0.030303821243971046,0.10934994139556198,0.16449677135012838,-0.024903603955637833,9.925311392611153,4509.337504636306,4592.366424253657,4533.587247343037,4496.162472255577,0
1,3.7,-0.04777702203002129,-0.08032231601287863,0.020346363586722312,-0.015127014905686067,-0.028445074191953485,-0.05172583073940212,-0.1081548003614395,0.1687141635072565,9.98632795138989,4499.760820760502,4544.398324166701,4502.321049229428,4474.161473960152,0
1,3.8000000000000003,0.07615620386348287,0.026945502184232934,-0.10372461543264565,-0.003806773561672164,-0.017512365067695143,-0.11062397847714689,0.09261775475316414,0.19094166404701307,9.530286485236172,4516.889077100717,4480.480722926345,4485.386238487059,4482.228182272834,0
1,3.9000000000000004,-0.0431995384839908,0.0024260813972413497,-0.08309501164110378,0.005409136515596776,-0.0010047621889827392,-0.01911584374931278,-0.09075636620415979,-0.05767713305683328,9.961078245165151,4515.027515628732,4470.673342656043,4502.979969162877,4522.541613701153,0
1,4.0,-0.0834702640560686,0.027168009618996753,-0.06626237589458467,0.011411973371863187,-0.015265183130850337,-0.14439056805316153,-0.16275424378831627,0.0048084946661382,9.861944500344297,4472.870501246868,4519.1577737633215,4450.154398131931,4498.01760604058,0
1,4.1000000000000005,-0.06055080998812284,-0.03259180539010796,0.004739867131641402,-0.017208267305679047,-0.007691110884596507,0.08050342473715524,-0.057689186952314876,0.08356921120651419,9.584058629068476,4515.894125337459,4543.247058619737,4425.850664996181,4476.093142335886,0
1,4.2,0.028853606359027003,-0.010152269302149635,0.03711458733713088,-0.012079703734316412,0.0017317957494579984,-0.01245417883136636,0.11677820616598074,0.025442084330121312,9.87752053241504,4487.643691016326,4485.371813277825,4487.023254365411,4511.833564271349,0
1,4.3,-0.02104922404101315,0.014488742844820646,0.2075400798645439,0.01742249406863385,-0.006520470643356823,0.09609711377311558,-0.04080753730215514,-0.2038124535177854,9.60838273781652,4443.876242369224,4489.454595478761,4500.552551375687,4550.293119368259,0
1,4.4,0.016346368688208133,-0.010955026440443213,0.08294055811834893,-0.0442227061801577,0.0047122911621713184,0.061669215510957345,-0.14785862457798415,0.11437540432069292,9.877699281498883,4487.541362582976,4518.983455983189,4568.1207857341315,4505.455987651755,0
1,4.5,0.012411029315016805,-0.022968044977012207,-0.08498443694647918,0.016606716330884914,-0.017121676518177344,0.005725298977551398,-0.04776574467651167,0.04789798257463919,9.87673242105739,4531.126198327737,4484.699508034358,4491.903751941199,4470.6370885265305,0
1,4.6000000000000005,-0.02221466300380558,0.01886502465224261,0.0756988616645352,-0.01844330648355251,0.017392118402113205,0.10845102870439607,0.041343490322370086,0.1876795812558066,9.655242160179286,4462.660358900657,4446.638392532872,4544.881329344676,4519.630969690622,0
1,4.7,-0.0027792335455227536,0.013998431315991015,-0.11254890472983765,0.04891503959233653,0.00258442363950455,0.008751583568391431,0.07257666238986919,0.048100923173671324,9.854776804855828,4476.28576633664,4514.14405071408,4556.460734894251,4540.36260138465,0
1,4.800000000000001,0.07965933133196985,-0.025560783821559258,-0.0989604820258581,-0.002515738401992963,0.0011144982457738921,0.08753532147767588,-0.16924646297148194,0.1529550319460614,9.778398420284203,4487.193567901578,4469.636868742195,4450.354299844027,4524.695117518858,0
1,4.9,0.0036658983594201945,-0.0644980449870527,-0.12950787720636162,-0.006715693985802565,0.03338043050578786,-0.020767308109088382,-0.15031429531181062,-0.024574306408594433,9.755455286050466,4419.093400711753,4498.371154004466,4493.07196409374,4520.886190944402,0
1,5.0,0.09244780474726727,0.056328251477387875,-0.02688886905548306,-0.022130518174833406,0.05146719606499721,0.004737474721159061,0.0013929291912946203,-0.002412508711000328,9.849616952153571,4495.669187642282,4482.790139793593,4483.594231762788,4499.01740189352,0
1,5.1000000000000005,-0.02717123855668825,-0.03564228913385822,0.010643022769189684,-0.005099544348417105,0.030079859771653773,-0.21207758467144097,0.10915068519224619,0.1246085192497629,9.395321953518371,4489.719372177589,4488.856774020126,4457.774649158466,4476.665499372274,0
1,5.2,-0.05552879227329144,0.08761352217118114,0.09356783931474612,0.025431101899883176,0.014433441280864703,-0.09032414169737833,-0.05245202662797737,0.04893745612279181,9.565574438221612,4521.389952905171,4492.790238055256,4488.755375773512,4521.328799046105,0
1,5.300000000000001,0.022213165574301988,-0.018048308290953996,0.11593298033642481,-0.021621266551997947,0.012318712138885276,0.0474481006374707,-0.03095464393139903,0.0326133022242118,9.55977728472294,4527.720810576207,4494.45293590671,4484.318309384429,4531.470276775107,0
1,5.4,-0.035217184527137964,-0.07042306481817799,-0.15566291735239038,0.012120199026912793,-0.025608587049925663,0.14038353455874916,-0.20819294078837222,0.16964563682900383,9.852203493440523,4497.098606643888,4483.652427395731,4511.974083430562,4498.870958927255,0
1,5.5,0.055165094100826075,0.005711382433101982,0.01503017614618776,-0.007272244244277117,-0.0011389124744213492,0.024624141511364734,-0.17101683926566258,-0.1348185422105713,9.958652818804543,4505.125963143838,4494.480499909419,4500.5530179919615,4510.42745116085,0
1,5.6000000000000005,-0.026987984015468078,-0.03891523627011564,0.019584525509768157,-0.01956745555230064,0.008165055114289436,-0.13620668833902724,0.10291556373256437,0.0472597482413043,9.861205946862775,4529.4807295183655,4549.964233333877,4530.431101950544,4444.773773060051,0
1,5.7,-0.06397884833678508,-0.03124092888478394,0.0026091050210833786,0.01035318040938246,-0.014514876263069312,0.014941341158166267,-0.07553829323533226,-0.061151780299194824,9.528667780630355,4472.3030026166725,4459.44946183151,4470.72380241068,4531.609253898235,0
1,5.800000000000001,-0.047469944441597155,0.13161910324186954,0.049331790088088925,0.003696722473897478,-0.017167155603624272,0.05602479035271931,-0.0575637826237774,0.012200981464536145,10.32201690765376,4497.118203008261,4534.47819978857,4478.904707246224,4498.950345285091,0
1,5.9,0.0885400317817755,-0.03134835288938837,0.18124485579969288,0.014155038709109509,-0.011249335517885354,0.05059261912444168,0.097255444962673,0.062180996221719645,9.49595505602191,4478.185884725254,4492.574440933455,4497.766997126999,4518.620162926521,0
1,6.0,0.008885050046662691,-0.06676721793550507,0.03801978510059632,0.012211714905676463,0.011195808958620797,0.08646245804436975,0.08339221545489041,0.04591800792284367,9.79596685770827,4450.171171994521,4512.888546573978,4506.230630614893,4508.147365115861,0
1,6.1000000000000005,-0.06383742879101548,-0.05405282702041312,0.10531528533329036,-0.0007911030771331008,0.013630013947452488,0.002265470090436894,0.002975613949574519,0.09382838059759978,9.706791054356525,4502.883623308229,4486.131741338849,4486.965113177031,4490.724836295941,0
1,6.2,0.011106688581685642,-0.023937431083173866,0.12557561255735208,-0.01789214604439008,-0.003737432883227181,-0.035178484661934,0.1446977884353733,0.019655477651157466,10.016368907893728,4455.433188808891,4508.011507976078,4526.688923868703,4502.468519678263,0
1,6.300000000000001,0.053274018753267566,-0.02586442250501861,0.140934744018558,0.045977962472385,-0.007256771208793181,-0.035640201712061746,0.1453384477117701,0.15795721457307124,9.705427994569346,4487.394395487125,4491.546461734185,4459.666484668972,4472.440441605474,0
1,6.4,-0.0502070383376034,-0.03838987825520643,-0.0034684887386781183,0.004684294650730415,0.031010009856281537,-0.07986832325910329,0.09843223984765838,-0.021398884422550897,9.800107258069515,4520.244584764998,4466.318339353131,4511.4722923855215,4504.993566246391,0
1,6.5,0.024622563200407455,0.014458432195390905,0.24553001399108942,-0.01275479968502632,-0.010619939100036353,-0.04985124211398115,-0.05554771191602547,-0.06373871273065178,10.04780330622151,4542.615127439695,4482.877611187516,4475.029332806873,4514.142466691592,0
1,6.6000000000000005,-0.027611152214048564,0.03164659088777554,0.02029230208512997,-0.03031488229994464,0.030950104026601234,0.14367021384764175,-0.06127886904843863,-0.03877015599359842,9.867173078144981,4510.033703699611,4519.756328180185,4560.306136162991,4494.6915831751785,0
1,6.7,-0.03991486222692269,-0.06896596140072636,-0.07309300399419191,-0.0006625394574759419,0.03589115727035575,-0.04140890392289372,0.022378795163889853,-0.0016422896072752075,10.047678654689618,4575.807972776209,4484.0739368123905,4485.316816724453,4531.324826312072,0
1,6.800000000000001,0.03409457448131557,0.09233536628680168,0.0583928185325964,-0.007185841815741191,0.011813096613846186,0.08869628644663262,0.08204821811973641,0.05072740311072978,10.02333493791783,4535.0788677133705,4541.464769731126,4519.461296627689,4494.986457590494,0
1,6.9,0.007335684321666142,0.06032544832541784,-0.08169356709872361,0.0073734661774580235,-0.007866776246547214,0.002299585834785399,0.12784518626072988,0.019109906801990335,9.81928730963123,4459.204315770602,4522.387606980817,4519.364525434232,4564.897641699164,0
1,7.0,-0.015388911747650042,0.010957516383196949,0.024938368371075527,0.03154906559526949,-0.001905910647739042,0.02232172206162714,0.060789650971653925,0.01866091231563581,9.720713277089894,4505.82269978695,4532.208952495793,4469.204541017668,4503.989090224406,0
1,7.1000000000000005,-0.035006040746958664,0.059752331446242125,-0.15231869047837748,-0.011178436945431768,0.007544237501290418,0.12524192233874723,-0.00657502610729878,-0.05551995266931984,10.186231413888118,4456.559582987513,4434.035821301398,4513.2004335016,4484.938373269421,0
1,7.2,-0.05106164085653567,0.03541782236496767,0.024380071377119884,-0.011281572614734567,-0.025606087973417888,0.06979658626241157,0.0650201177958661,-0.00991758637793829,10.179327399209534,4467.8974570102155,4454.2342448722575,4479.242757903563,4498.632419509335,0
1,7.300000000000001,0.012166972466134593,-0.012061802892816494,0.03520553965142968,-0.02503078848380888,0.02887529208146519,-0.0065720942714055045,0.11172958315881276,0.03427253463777041,9.901350643830757,4517.093018406966,4513.43125680052,4519.281682796026,4539.874575903973,0
1,7.4,0.009826058485073508,0.03545018787942562,-0.008973569428722673,0.028802344308989456,-0.013527846041185395,0.14407523463286526,-0.0040157950644343415,-0.14307751021180481,9.835620882982159,4479.568450275754,4525.219306469662,4480.421280620928,4486.614497003557,0
1,7.5,-0.09447703654727656,-0.022615315962453836,-0.24238793266289568,-0.031678056469714465,0.015208293122885947,0.06286401269206658,0.04254575617849648,-0.0966976143129213,9.800457728771605,4499.891923827283,4465.249059324224,4545.101949053014,4526.32086871727,0
1,7.6000000000000005,-0.011048208691483197,0.001344291949726539,0.02083828079475525,-0.040834697368485814,-0.004943547650411938,-0.054558739839823886,-0.10016200098949156,-0.02811002928859549,10.169537305369905,4519.225285838011,4482.864630306516,4517.177483440685,4541.98066309758,0
1,7.7,0.04623168414563844,0.0029815184960087066,-0.06469367777055739,0.013964466272271799,0.007869707708434991,0.07161545760221859,0.06351718016819695,0.10495527153193351,9.702952957687886,4539.52182196903,4505.927988140772,4562.257826178758,4479.3243654573125,0
1,7.800000000000001,0.08679819015826247,0.00989553917313239,-0.06514180036144483,-0.009677716681086431,-0.006406946163886404,0.033933275712153314,0.05228354880354996,-0.0573700003938579,9.805129081547804,4564.268110758356,4551.826295103021,4513.089710090221,4501.140104345046,0
1,7.9,0.0060015663359130654,0.030675898636520833,-0.10227925651984056,-0.005147530748466902,-0.03337168147755179,0.03193784980842234,0.0647195939702741,-0.0483186462299374,10.124797352658007,4463.22703010993,4456.068753593705,4506.733554556799,4531.412949078364,0
1,8.0,0.08419638457289344,-0.022944213143447002,0.10786808334312957,-0.0007701693900141442,-0.0034525459988163924,0.07069279499893379,0.06523228784134197,-0.15763921569842496,10.10530806994518,4541.402740624423,4481.233118954714,4511.8741060031225,4514.820905588482,0
1,8.1,0.013033688291195356,-0.027515257692271006,-0.06716233679380516,-0.0005110814198289056,0.023454580385187294,0.04348801236755459,-0.0370614332086106,0.07716987106483447,9.240291475873985,4534.462971011163,4447.808586636657,4489.126771757906,4466.409903161216,0
1,8.200000000000001,-0.06473407378604529,0.05804133936892597,-0.04677012013118914,0.006930077634614316,-0.0009384115775836814,0.038163266177849715,0.007682189106025536,-0.12829922241885697,10.009253363889428,4485.187302505161,4453.302543040208,4487.156545171023,4545.022793719029,0
1,8.3,0.042511087105674646,-0.01743260672039296,-0.03492577043184288,-0.006432701024347652,0.04153495967121682,0.030554836178524267,0.043004164719106966,0.10302834540318423,9.857757831805303,4492.228735625379,4494.109504527451,4497.851962217578,4498.883332904705,0
1,8.4,0.036381477181849,0.0025972942903649716,0.07326400772155793,-0.0016143316021716464,0.0015727038063218118,-0.15985605476256862,0.09163276747024815,0.03464884758979927,10.009602021971931,4413.112338654189,4562.651241143421,4495.812311155345,4533.245484502126,0
1,8.5,-0.051995296356276546,0.030638695253128484,-0.10534155631736562,-0.012475379213916102,0.038280627077335726,-0.015254592061067726,0.021743287317972287,0.08700677306887543,9.909136377594521,4504.512567154307,4510.948830073987,4572.102467557148,4498.271436088992,0
1,8.6,0.010054952335748376,0.0525327198003806,0.11055259329579839,0.023740606111207603,0.012774604440583693,-0.09144039301843869,0.16334315323010962,-0.1146345393018688,9.870527093047807,4477.3717244994195,4498.07584960221,4509.862872309104,4509.640716463508,0
1,8.700000000000001,0.02109603771176424,0.08068556345293236,0.045353430151397985,-0.004883132705812974,0.019281743365767146,0.09515763911397125,-0.12276078151369925,0.059740006984985806,9.95023454846218,4491.0730948992,4541.271204399349,4495.498332389024,4503.767293604146,0
1,8.8,-0.008653591214193481,0.0007789523790733767,-0.10962750868952019,-0.028801017651885887,0.03189010126449945,-0.06775690786546623,-0.09913923494563072,-0.21533901136037148,9.6822076504621,4460.307306197775,4549.260454804091,4530.294512680279,4479.3554896446685,0
1,8.9,0.11262179026721544,0.049088274349579714,-0.032483138350862244,-0.049988114297471464,0.045818851451814836,-0.11116579734108768,-0.1645398746956892,0.10225704320096403,10.297950481267854,4541.528184555315,4516.917273601571,4517.842630249958,4525.602466763409,0
1,9.0,0.03794642948933826,0.01405957119846879,0.010420110395187608,-0.0012518625579904482,-0.015079291777333526,-0.022454006149341926,-0.16929568141953855,-0.00983396267947499,9.612281778569818,4466.892320483526,4505.396824534604,4541.760068590338,4527.549498180069,0
1,9.1,-0.07852503018115886,-0.04948140682851688,0.0940771187988216,-0.019649747870766194,-0.004492662999940492,0.04400416792196415,-0.09683444548636354,0.010537550614595992,9.54319490101636,4481.958970681463,4509.5934580242765,4452.21018799405,4513.214242138812,0
1,9.200000000000001,-0.000981889946334061,0.02762449772085739,0.022391413406466144,0.027282808599476883,0.0025044900529581455,-0.03435244329002024,0.012229750303228377,0.05432980290363879,9.81977201406514,4501.217750736117,4478.940249365797,4480.112972473472,4457.92184184601,0
1,9.3,0.08747883715934697,-0.062193161769564256,-0.06929051977959073,-0.014368145311383949,0.017898487538888827,-0.023595974263362223,0.12477420726737339,-0.06734906242438686,9.86579883244476,4474.939588402207,4564.354473833202,4464.372047429115,4509.294621306811,0
1,9.4,0.03168884404660493,0.02068995487257491,-0.018528765887770828,-0.0025964139946685234,0.0008762294395821919,-0.01176016013027909,0.09638791167949097,0.22105230015913513,9.698501642998433,4458.905910612628,4497.351538549462,4577.391280129629,4475.889762960908,0
1,9.5,0.08195584027220337,0.08388504070382204,-0.05535882417079946,0.011379661583705507,0.03256793246257076,-0.03033021927899897,-0.02035803601023618,-0.058168091394864375,9.607048653861428,4480.52167364802,4463.281791997132,4501.022504047777,4476.900803068241,0
1,9.600000000000001,0.011689295589537387,-0.07779478231018137,0.03308802322144571,0.016670579232178493,-0.03987471285142911,0.02992452558780577,0.12276689924732923,-0.12096410186912054,10.144514477367542,4512.570570280981,4478.849644327248,4498.326927670269,4516.7498073756515,0
1,9.700000000000001,0.0038002695706205753,0.02693779962231846,-0.09206735930793664,0.00338721648072156,-0.028274289938099606,-0.008898084907896026,-0.09039076414647898,-0.07355299425897666,10.057218635042087,4532.739303617828,4518.274143627215,4467.230617059822,4490.507746509156,0
1,9.8,0.06065488499895917,0.0070858456819952375,0.23193295399816943,0.007866356787887437,0.003840982329800632,-0.02472931713620011,0.013354090478228232,-0.015246983638054391,9.951621735337719,4528.701069503838,4476.420316184762,4460.063011393267,4444.913838806901,0
1,9.9,0.025399566345627185,-0.05516833030869368,-0.2152890592952483,0.007771572090619282,0.04985999034865581,-0.0004856729231914659,0.08384907744516419,0.008182935854756502,9.790222069361771,4527.572294489633,4491.2917636743405,4508.021769422157,4509.65093418588,0
1,10.0,-0.03340452268215244,0.04960211747682614,-0.017495975669540864,-0.015114903189856895,0.010730196871408072,-0.07187743854328298,0.002818115736912825,-0.0009118996644203544,10.027179113166316,4514.240946986399,4499.249191237645,4524.532988976009,4541.706226470519,0
1,10.100000000000001,0.027890515317593113,0.0005176309921690304,-0.13118362323501595,-0.02130227326150745,-0.006104494087093353,-0.04876097617274265,-0.0186971302985446,0.005664992489710717,9.915938550871347,4497.885036658227,4514.595049314786,4501.934232444303,4440.736003009384,0
1,10.200000000000001,-0.046966769690937715,-0.007204377786080774,-0.12096947428411076,0.011998574599924091,0.03061501664687395,0.09750094813578533,-0.021344287093020803,0.14907261368499522,9.839733491440423,4489.887420866459,4481.597920093772,4490.925909405356,4488.354695443763,0
1,10.3,0.008520811118774386,0.00802869905249323,0.000304602015341447,0.008738763394926997,0.023812925495726826,0.0759643308353059,-0.14848979684499036,-0.25539211349019547,9.996863982247856,4458.993639047538,4493.257037943219,4464.896609218219,4445.9405868726,0
1,10.4,0.027073136410239403,0.03795775801513235,-0.057651040072671945,-0.0518208458428982,-0.010924888965049655,0.03134432043220372,-0.1478911568774129,0.018335991977915564,9.806938030165401,4517.378744988033,4503.587411052425,4470.807931773554,4535.897145049935,0
1,10.5,-0.007926478651348502,-0.001365226975496593,-0.09332679590731961,-0.008865645023830207,-0.01769605428053802,-0.013835684793873839,0.17117084801423435,-0.13719011429313563,9.487287720424652,4544.135109824808,4493.720289685444,4479.927817840203,4531.197140621883,0
1,10.600000000000001,-0.030280776986843207,0.09130048567734682,0.06779258713392691,-0.009758228162914053,0.04314616426531007,-0.048457193840267074,0.0742095372009307,0.029929258040649193,10.07034825787976,4546.845335901806,4500.960124471973,4477.397463889614,4513.799164288173,0
1,10.700000000000001,-0.03388576848760531,0.10066936237633116,0.013653533108273745,-0.007306431026242174,0.0036936061172981685,-0.10777010316237572,-0.09716140385106516,0.12004139079444254,9.67862114420572,4468.592670519542,4516.099582575818,4535.57112463989,4521.568599319952,0
1,10.8,0.049802384290290824,-0.03783975442847304,-0.14218106667418437,0.030026673039109737,-0.006453596776842715,-0.020066641316403788,0.1328194141849058,0.055623000940065996,9.901177554416321,4564.950070347032,4480.694453088596,4527.835203842437,4501.710393746913,0
1,10.9,0.013429613943162846,0.07642342132062659,0.05078357562896238,0.01076592158099266,0.021450146746196046,-0.029196218363430827,-0.08392096673390065,-0.10448091940210336,9.4167286821248,4561.68621389821,4466.90374902835,4493.362391292427,4491.695601003333,0
1,11.0,0.015370334890455037,0.04078686062696484,0.08604734883597454,-0.011661548771378769,-0.00334243427572823,0.02260639603906397,-0.02486911261835471,0.16073455760199928,9.908194990327651,4522.046333581495,4519.886438060023,4535.20421572456,4505.430646761111,0
1,11.100000000000001,-0.06484159739779233,0.019984397587632083,-0.0651356893791829,-0.010572333634995138,0.011727280375101866,0.09906264571469085,0.002127157673606165,0.03088330125989638,10.150442988927049,4507.222595384657,4578.050493425412,4516.965289368946,4447.177117225326,0
1,11.200000000000001,0.03766708105522663,0.01905791924413889,0.12897527540827455,0.013463627025399168,-0.0027691196796754765,-0.09794385890314926,-0.02090232572860253,-0.08505204542093002,9.693895310039055,4517.657352132618,4550.0971351305425,4511.840145894689,4464.123508138944,0
1,11.3,0.022230133411007037,0.05983157433228256,-0.060978290431938226,-0.0026803433334583538,0.00029376389458394186,-0.0627918650465792,0.0648280433843859,-0.012094814860778158,9.893906488781406,4473.375234665937,4486.876250990298,4521.671440734834,4488.815005437247,0
1,11.4,0.08634819256167026,-0.01998180928073012,0.022468472575188594,0.018651816637461797,-0.028367314658660634,-0.14086470495846207,-0.1525656314570095,0.1262584103427182,9.699628370821511,4576.745978570048,4483.072572040278,4505.536539095911,4546.263298577036,0
1,11.5,0.10030464440795615,0.1030751788318199,0.12083662305931425,0.02048125051622925,0.011850538984023662,0.06226888609333102,-0.055118571632853344,-0.08181988834223072,9.80932510851781,4494.894461324252,4486.403158520182,4520.891623423701,4528.659156257116,0
1,11.600000000000001,0.004420344314592368,0.0738765040527631,-0.1141689114133505,-0.0038731891855943623,-0.014336446412056099,-0.1493229293658448,-0.008268068584269926,-0.012174750838328354,10.112689948648427,4518.924350536643,4469.274395270124,4555.622776990026,4536.631010865761,0
1,11.700000000000001,0.02910488517343079,-0.011324204942491596,-0.09594392367234798,-0.00744413552142106,0.02177497239408372,0.15076690447476873,0.1543243528272189,-0.04888494217862741,9.586076513342197,4504.226587407336,4446.9468190331145,4509.695031425544,4495.57192241104,0
1,11.8,-0.023301825093412113,-0.07973515336333978,0.051360010656971655,-0.010654016793238227,-0.023398336714205763,-0.22978097706253195,-0.0027514905050636256,0.1772251596669744,10.142251842909575,4486.2871123024115,4481.933638189146,4514.063227682251,4470.0484368243515,0
1,11.9,0.0150895949909733,0.03830401391923452,0.12269332238843077,-0.0020030815295990555,-0.004073475003539317,-0.07023860694052489,-0.082688035403986,-0.022647889190152676,9.883473101363236,4527.407538786997,4475.90463147959,4544.780657068785,4491.866291968723,0
1,12.0,-0.001068364717421808,-0.03736058395739117,-0.24242402602729418,0.017680907927220994,0.014736877941848667,-0.02250620456945707,0.0066990717224871925,0.051593921770409945,9.497490828622691,4484.128419679611,4523.8279403886545,4462.371317304923,4508.806737964999,0
1,12.100000000000001,-0.06782909023117026,0.023321499121676317,-0.003564148229748357,-0.03230263631811019,0.023294787089143426,-0.05876732614384394,-0.0810252437014381,0.020056919723094285,10.039727469885744,4469.5253454306485,4501.850395495439,4512.864495009917,4520.793168217894,0
1,12.200000000000001,0.00882207776386126,-0.018351391954166116,-0.08275902206487197,0.001722877660927495,-0.021442780239712137,-0.2337080386795686,0.043655980415766786,0.09039348410861953,9.337413512891633,4469.708078858702,4518.574627830156,4561.724864091351,4500.623811230263,0
1,12.3,-0.03640014706145672,-0.009144822055242008,0.1374876419148185,-0.012919283582490707,-0.01598384013300507,-0.03861948177456259,-0.09533286082587124,0.012267031599479554,10.134935691693913,4509.692378193481,4492.429394936212,4491.245661932534,4453.104275739101,0
1,12.4,0.044155488857357955,-0.003891859850640102,-0.018047991359062567,0.06386215135689721,0.005975058167313725,-0.06014328400761475,-0.04263575962055433,0.11484457091967548,9.832654082107553,4456.851660650479,4527.576868037256,4479.95567743383,4556.198933286526,0
1,12.5,0.05400240328573243,-0.02236609478293756,0.1281016361735113,0.0013571102105480659,0.01705547350244439,0.03877862538355798,-0.08463566549908735,-0.0643549832317462,10.015992163516232,4489.956740036804,4487.89054610274,4471.346322619519,4512.707971967804,0
1,12.600000000000001,0.10312624596215725,-0.053376645712713645,0.002421945667275807,0.028244411108308585,-0.001592827824914303,0.03618974369997871,-0.10623935281468798,0.04283070972076486,9.772571146999091,4529.571899870396,4535.621581546942,4577.686909260558,4517.388995196407,0
1,12.700000000000001,0.016289815829108323,0.009719215078866802,-0.03531662928106884,0.006769676869233823,-0.005908028202780588,0.013476878101569143,0.13175975356079597,-0.10065425652796411,10.03797571222581,4539.513452020196,4496.457944190268,4436.344353029742,4481.765340387167,0
1,12.8,0.06484972732805547,-0.0011434031149441062,-0.09993022322949108,-0.010095498424564349,0.01681240053009106,0.04373868545611034,-0.023893209916969433,-0.03668244118146876,9.731648370191236,4472.327694465045,4548.4612706840835,4490.330385923659,4536.514755624765,0
1,12.9,0.07606580259612257,0.049915544907398024,-0.043162031271804846,0.008074601806732189,-0.00048391212781832333,-0.07229614885841025,0.0324359281721603,-0.11790397911598026,10.047535877692313,4486.061481081048,4506.034789676185,4508.498636146384,4492.232850788878,0
1,13.0,0.029334690073763738,-0.023745182831126223,0.08712972974572442,-0.026919593604934972,0.0025275915909282365,0.1551143199246628,-0.10003313246055748,-0.06777449705248516,9.912781569931784,4505.387453458188,4510.518902978207,4514.67561390443,4519.041644056853,0
1,13.100000000000001,0.05548499209781116,0.020490932846425627,-0.024125765461854246,0.013451474024054626,0.03799763869790431,-0.010610699710605884,-0.09745293046706416,0.11070806692869728,9.785923767209281,4434.819913619579,4525.422650314513,4483.940154421382,4497.284001530875,0
1,13.200000000000001,0.01659901652845073,0.009524983988953321,0.07094518171390395,-0.008709727411396867,0.010262115963521654,-0.020763734206713375,0.0738810480887503,0.061536748401305345,9.622912259591082,4532.579463485251,4483.921096646579,4524.241733948435,4511.01861940204,0
1,13.3,0.09190918383975613,-0.011173299118592607,-0.03493167961181975,-0.0003883921177546522,-0.006063595656685509,0.063995352155364,-0.1616310608436588,-0.10536824191463541,9.596439415684161,4528.5092277592075,4551.318401177457,4496.866523443876,4494.9353483043,0
1,13.4,0.0035026081556590693,0.058093915130409526,-0.09273531341905741,0.004767379654695703,0.019503952595648594,0.04008753359518762,0.01895816165987434,0.10010460925671412,9.269353541400154,4520.336259585927,4480.377729506177,4445.081013094306,4515.336077985749,0
1,13.5,0.06868292725814788,-0.006872425731384593,0.09528745472029389,0.03224556515977291,0.02629828907168095,0.13119716234971143,0.07421274910718922,0.0075433638901592805,9.489606837620567,4492.618125356102,4474.7026021405145,4565.128281524934,4494.72342562703,0
1,13.600000000000001,0.006160240339224284,0.027574268802023377,0.004360244637245373,0.03390102080861506,-0.01245298723468904,0.015568596418979418,-0.07424705856980483,-0.1320022511220706,9.687646181818943,4498.888896088548,4487.120933264482,4479.227370603784,4457.810476089845,0
1,13.700000000000001,-0.004155278631434739,-0.07523601870155011,0.07600559636896026,0.0016487950586900658,-0.02915102998929861,-0.024736726163989076,-0.07521564055905833,0.031917451041918045,10.078090089204629,4443.744825910628,4503.4507823744225,4495.196016133001,4520.1402022935135,0
1,13.8,0.010659831411884459,-0.03759846658694096,-0.03190539356666182,-0.015920517136069783,0.021520142771971968,0.0017049318937553777,0.19011906857530075,-0.006066081381462078,9.668318646617909,4454.588568221615,4445.905809712322,4452.475921709835,4508.013799530345,0
1,13.9,0.025436251161496694,-0.07905953510160668,0.08950383140761155,-0.00966122103366879,0.0029358602397109874,0.12897765026043395,0.08968393158655319,-0.026853064790583234,9.631761554916944,4435.44553796012,4478.425400422728,4493.666092835169,4470.384614185465,0
1,14.0,-0.006562848354615236,0.003842594147938411,-0.022485598180807857,-0.013000051616469195,0.0033730934393345537,0.035355251965552725,-0.10903990774428461,0.141093237974627,9.790282373543148,4500.565488688346,4521.246432697697,4506.996483937905,4528.594099017398,0
1,14.100000000000001,0.014356208260091211,-0.030621868732021898,0.03615035252061016,-0.022874524146413236,0.002171194115530463,-0.002658399251556864,-0.020811685727253972,-0.012853751143893075,9.433630190900473,4483.538252767771,4502.785347034233,4504.795691759922,4469.169745772221,0
1,14.200000000000001,0.06328539204323504,-0.04330874241072505,0.09694572005267368,0.008543887237433698,-0.012924546196876061,0.14202487140876097,-0.11936368317564801,0.09191541736100016,10.010116463608597,4479.881393727701,4541.77395900193,4492.498604562032,4508.660808878396,0
1,14.3,0.013016091938561037,-0.00671543707352739,0.08108082731597821,0.01586977441104426,-0.034970639464763614,0.1043472194302522,-0.16624919880356745,0.10325462043416574,10.035341027365517,4467.271007093544,4487.675571361362,4466.828859945422,4493.552369091338,0
1,14.4,-0.015401714209287064,0.038983026613466996,0.13103087461196083,0.027913676215799123,-0.011243360531566042,-0.016737749899562223,-0.16834381922209504,-0.08058700664961888,10.002970326619492,4548.467484706447,4462.969533843602,4482.226072225413,4499.207827291232,0
1,14.5,0.01400805794098034,-0.04048017599608231,0.04240610444640897,-0.009476786941418323,-0.0002890454175655821,0.04370273984029597,0.0006422269810937817,-0.04363858905265686,9.788078039214835,4497.34911122384,4488.899669103536,4492.236118119987,4547.959415115141,0
1,14.600000000000001,0.028045972397061938,-0.014774015901458019,0.06969544045107356,-0.006676389795120199,0.023462492751732827,0.029571375375847513,-0.01073021440042289,0.04477169258102776,9.495824769586301,4466.196975932706,4464.182249808028,4504.288292842911,4551.975449984553,0
1,14.700000000000001,0.11156500730963162,0.03190255507203786,0.0500844474944457,-0.03602115468305478,-0.010853475994680435,-0.06302270015265911,-0.06208475982511161,-0.01681438185847896,9.715581884460574,4440.621005688727,4522.437307683526,4467.817709227806,4507.177405923335,0
1,14.8,0.10370413348749868,-0.045969229579321175,-0.253028752274633,-0.005720084437602217,0.02201919269997142,0.15666779633764752,-0.1229549594452417,0.04966992232365217,9.71693790864399,4496.821549370876,4579.330300410511,4454.910890148145,4507.612189844837,0
1,14.9,0.02338465858827166,0.05428931624696736,0.009798315347089545,0.006161010790082046,-0.007832971348435823,0.021530155299608587,-0.03431922754974105,0.062157188985605086,9.736077932791273,4511.313011817066,4499.122115589451,4533.781507523165,4498.458188292346,0
1,15.0,-0.08865162341034408,0.06309607503569958,-0.09057323008626189,-0.013075326772976396,-0.011913225880869842,0.10995504745366538,-0.21356742139786955,0.3137748533659994,10.021211361813211,4506.697167423875,4498.353179981512,4508.566622245729,4515.63367285138,0
1,15.100000000000001,0.03226077929750285,0.027780223300172425,0.008958068125524882,-0.003946768406146522,-0.003025465673070234,-0.015592662428214481,0.11337700968670646,0.05935567222808619,9.221922273067145,4519.6770232958925,4505.842085841563,4499.438737306623,4488.344446407334,0
1,15.200000000000001,0.056205635999300674,0.0473763231061429,-0.07728776678236092,0.008141045742490702,-0.01943313469082572,-0.11036945318311445,-0.06267172245899652,0.08623934723827588,10.000625009075218,4515.392562602919,4521.75287360544,4515.485348613449,4480.755552143311,0
1,15.3,0.021596127233697034,0.040020476261384115,0.07542913298135744,0.02377826742949286,0.014166076944021276,0.028115856603326633,0.10701502383164274,-0.0026521259249060064,9.633625069754457,4495.107991081687,4477.652920655806,4479.744651750769,4495.664439878535,0
1,15.4,-0.03962099604999807,-0.015398076481952015,-0.18936146669537857,0.004265874147458771,2.4109507244484736e-05,-0.06536709048545525,0.06592456684324051,0.09375701376265584,9.488488027126206,4477.118256643013,4476.925729506381,4471.802906966734,4524.884245257953,0
1,15.5,-0.009691306938640176,-0.013225742065530538,-0.20038623644067535,0.012708360604184527,-0.02478516789706945,0.00479461042130626,0.02773769379581917,0.1360658595838651,9.548235920176179,4409.4146353253755,4505.5154863426105,4554.015335445326,4537.168390588183,0
1,15.600000000000001,0.01048297076373129,-0.02458180928160237,0.08071225966373104,-0.019470923994089374,0.009527155387124385,0.04043761273333015,0.10602099074988798,0.27596600389110776,9.888483193435754,4484.731091228775,4499.23277063424,4446.9277228533265,4479.158606067328,0
1,15.700000000000001,-0.020464121905655202,-0.026204419896729628,0.0152354872033722,-0.01644839864764401,0.02242061334648943,1.6565193455767507e-05,-0.0009300321138614418,-0.032789471651291785,9.841038136771797,4524.752947940029,4473.986093528673,4480.256505327742,4490.8882191367,0
1,15.8,-0.06729354617366075,-0.04096289298607489,-0.04762208735446591,0.01748778361425455,0.005251226580038499,0.01548719290940355,0.08508979621679723,-0.013737178839939666,9.88809296998578,4496.903347412025,4507.960870481988,4482.517240271653,4426.835485251707,0
1,15.9,-0.006713958109315208,0.07113740680499701,0.09262154022415925,0.019307949691823416,0.02472261443612436,0.007092607276914995,0.019731570740559562,-0.06176518954343502,9.74678542879459,4518.473134493134,4536.116533115064,4495.81661172957,4486.494322054457,0
1,16.0,2.639794282986464e-05,0.030060337446455743,-0.14438548161335418,-0.04592361906274477,-0.011010736989831672,-0.09765699407313269,-0.05081401976473109,-0.014778031881747153,9.719350318195398,4543.574026034123,4509.802342938069,4509.014230788325,4518.6662143213025,0
1,16.1,-0.05694165588903846,0.05195558937101344,-0.007576428653545989,0.013409612344824252,-0.02143714466080311,-0.12430070128128515,0.08178896580250287,0.037640952609751664,9.629589689128498,4473.910107561759,4533.763043532443,4464.31764321398,4549.280188597679,0
1,16.2,-0.04503103673239344,0.03191959628041915,-0.03286184757489846,0.012063748621646862,-0.010882280042283851,-0.013023432485783538,0.004091917539572113,-0.10021874557814728,9.958164869084026,4484.603593005852,4493.142002539799,4470.169518761744,4423.129990236141,0
1,16.3,-0.009551388130008451,0.1206307710806458,0.07846042878980239,-0.00038520759468789283,-0.0052578165841653535,0.0017972714249637103,0.054711911517521,-0.11808128153088449,10.032864338933775,4521.461439463237,4521.545571771238,4513.154272164292,4500.588499730819,0
1,16.400000000000002,0.033643061798341,0.029590706687068903,-0.03540407109410238,-0.01147203545793802,0.0020371259052397337,0.12392161211961499,-0.12391070756539009,-0.146752526575244,9.842952168247304,4501.526631055681,4505.200249931112,4507.318595937255,4493.3039323609555,0
1,16.5,0.07449317193010412,-0.08004519892382578,-0.0828497024780246,-0.002065095202980948,-0.03286377622308335,-0.014068352354565694,0.16614701657280184,0.002088648829596179,9.856140181143736,4462.1950570448225,4481.5091577588155,4488.744108590282,4490.468547097313,0
1,16.6,0.06408218975018844,0.027884553036256227,-0.1111457956937032,0.0049300955686400975,0.009964434969935702,0.09121192308170133,0.15805406865683735,-0.10150941918278687,9.647828497757933,4462.2726642325615,4492.97940422679,4513.99075123339,4529.620035497673,0
1,16.7,-0.0037975511821261385,-0.015992376162742197,0.015175799224874038,-0.01670285803260046,0.04179077443389547,-0.1286128821694447,0.018474057889572446,0.20236062192296395,9.811359968912,4494.298828949955,4489.276637315687,4494.588249547128,4541.185454240296,0
1,16.8,-0.11059309556647534,0.07667168506481628,-0.14239571524501451,-0.005333046584688296,-0.008584888405973237,0.04708426158165758,-0.15981243518837476,0.046217266608194287,10.21486192465737,4459.104779862216,4505.691185028312,4480.140534666101,4512.776616185791,0
1,16.900000000000002,0.000957388870787603,-0.032074345452215484,0.0487872284871074,0.036086962195734866,-0.0038180758345459738,0.05758063537185455,-0.12932729578711638,-0.09564363768180088,9.904481255576076,4544.523480856079,4510.66840046357,4490.608259084305,4499.978742162701,0
1,17.0,-0.06252038669848588,0.03022576631776834,0.08823330623234092,-0.009041806656661608,-0.009400842955190029,0.02127025837216388,-0.043671973604059555,-0.0066132614625822456,10.229944357833304,4492.58922897762,4489.249795439363,4480.573745830945,4522.325759144998,0
1,17.1,-0.00906120866090515,-0.0324686519160713,0.1321304032273012,0.028392060090272744,-0.012008471314774102,-0.1493231961088493,0.10075136898369222,-0.0684629825760004,9.968125119832553,4440.8968854686445,4526.777920148979,4463.664842121577,4521.922923571996,0
1,17.2,0.0007136533918217054,-0.04769697096983225,-0.04070363129267805,0.013726369139134015,0.002117889062304685,0.04675303843779874,0.19764405845154856,-0.15642416117110514,10.133442514993725,4503.130678125696,4473.036478550306,4460.09059122783,4494.326388276689,0
1,17.3,0.04608250559622297,-0.006377456018876711,0.15111549302473476,-0.02902351380103118,-0.00024177895692109122,-0.10019147555304952,0.036363188262496786,0.08868873900973004,9.72584764126379,4421.873584301186,4505.968444403895,4513.102156552005,4512.128842648851,0
1,17.400000000000002,0.061789109591107706,-0.05355268398245244,0.06802161054504495,0.0238501502495595,-0.03557175168013034,0.025572146073518178,-0.05041798310076715,-0.00815226731016459,9.879535296707667,4485.383143076593,4479.728757625152,4501.0245725246405,4467.3826218341155,0
1,17.5,-0.05429125644425928,0.03396866414782517,-0.11487940351586562,0.013326250018184238,0.009251825857079024,-0.13806453830324775,-0.06775646523356552,0.11941094030473726,9.613766893772064,4486.067872130719,4513.861826797557,4523.501715278478,4492.453833418665,0
1,17.6,-0.02987550973458208,0.07111849308492539,0.1738899663797579,0.01957716101563591,0.0017063628513004812,-0.06466125773127411,-0.08304444065565653,0.05225141052657575,9.893679644177737,4542.0479577883925,4519.513502776084,4454.907590947206,4531.558428531687,0
1,17.7,-0.04990303136572065,-0.019198563597617582,0.025020020625169448,0.03991334979567929,0.06219837112010722,0.04853784473089462,-0.018319661872038786,0.05345056484805503,9.987531085174767,4490.379971233284,4553.85634067737,4506.902122775742,4514.932292672742,0
1,17.8,0.03329621260272307,0.021079330530722785,0.08389405004696122,-0.012345063730938464,-0.011166035078920611,-0.0880123386377356,0.043950123062022645,0.07789365035121142,9.901554573230378,4550.234773000426,4499.832119435128,4520.062249667775,4467.24897371582,0
1,17.900000000000002,-0.019354985123720053,0.03477688787828888,0.0849102110743144,-0.005879338953283645,-0.0014319850371613365,-0.12142989973446476,-0.03570292008066094,0.08903831635197862,9.925041003221313,4515.019971641436,4501.493210615429,4500.211894758845,4480.190365815796,0
1,18.0,0.03494142101012674,0.02104864721946949,0.04920188479927993,-0.010520696853351608,-0.04306685839742489,0.08777221694029566,-0.04788374560084042,-0.08627757640431206,9.9486957823828,4488.2396208024265,4531.798091521398,4518.510178487301,4520.507079696014,0
1,18.1,-0.06829778556002672,0.06059719926932003,0.026125053123385606,-0.007385542784924063,0.0028677693468450215,-0.1420988186318656,0.04086528114806709,-0.10293715081820716,9.539465942831294,4454.329224413464,4533.380651249698,4481.122098189217,4546.011831297495,0
1,18.2,-0.02679007315261489,-0.08536789787964734,-0.11165244399486592,0.024716232400138774,-0.0031179635587333505,-0.04386298371924807,0.01600182258527877,0.050178273616754504,10.033479763180493,4543.454976896788,4489.206940626327,4460.218569417539,4487.596045166301,0
1,18.3,0.013014025329144308,-0.04818794631053055,-0.0957150914895043,0.006875757630997709,-0.000973047031409023,0.0026237596329269208,-0.07584953347000695,-0.023040071420576735,9.62515337114634,4526.705952333744,4531.057480041713,4444.614364132857,4472.1146741942275,0
1,18.400000000000002,-0.07482646275450396,-0.03250119672034491,-0.008343796979036087,-0.028992904393970603,-0.018437196262506263,-0.08031658976651988,0.020726732939894396,0.006934433703625043,9.66565248933255,4505.304626164182,4483.599597462382,4491.850346690218,4550.203562708956,0
1,18.5,0.06702305258951739,-0.06497906184637989,0.08297324178791746,0.01622793108983184,-0.022965265775052365,0.06550221150038885,0.15379319184125528,-0.11225448062444139,9.626499435797149,4530.529844005305,4508.14485932477,4516.544288257186,4510.217676492015,0
1,18.6,0.019534796046407208,-0.06632360641555415,0.10473177066214484,0.02339179984855547,-0.004587814881360556,-0.0034781559851089945,-0.15311075025557222,0.05142547560178349,9.924411488342828,4498.13426949002,4533.730600796115,4489.977683070601,4516.938177776808,0
1,18.7,-0.05098321693460578,-0.001177607543711906,-0.017435425790283586,0.004506158440818832,-0.007390538576667172,-0.010517807653733424,0.08260471714415063,-0.043676423723821745,9.488684579852265,4552.487517126163,4541.4436223607145,4461.232119146832,4520.691234157356,0
1,18.8,-0.025148738527567157,0.013174360766552979,0.029422412901349372,-0.00468815600632644,-0.01567531331172793,-0.05524328418530075,-0.09161919154812426,-0.08318222082304448,9.796564341990129,4478.527200326677,4520.461561971379,4544.617384660078,4482.598402758898,0
1,18.900000000000002,0.011970225026768854,0.024984255515146693,0.04720022709192744,0.0015191053583217481,0.014853648367194447,0.03857991621445258,-0.12376624223272979,0.08691560643892732,9.98745816745335,4477.101416874642,4501.138135063428,4520.499869784332,4493.72058541262,0
1,19.0,0.05364890238830059,0.11819362473096805,-0.07859860326349824,-0.027620892063075497,0.006076371912097514,0.05772500041009148,-0.0230866373844769,0.14532606633210343,9.542278840055351,4520.787558690949,4481.824175377234,4551.581337186219,4559.775460595043,0
1,19.1,-0.0383328293891674,-0.02747785679542901,0.0859587886979802,-0.0077426129957902925,-0.0009082243586447644,0.0020310736433928147,-0.19196731561976565,-0.001383774609423725,9.672054445187166,4485.206315328007,4543.308960104065,4462.304793171622,4524.39615560244,0
1,19.200000000000003,-0.013948146516590426,-0.01398800842479172,0.07903718960517114,0.006801025891377809,0.011412259944390619,0.07745477284262889,-0.03313083831833227,-0.061223673450775035,9.59296989468844,4475.237684100632,4588.472832759262,4537.340387422104,4459.46776901376,0
1,19.3,-0.06612289783717851,0.024093303085924576,0.0547264797377967,0.010977676706347288,-0.005099115871073957,-0.010036340800232017,0.03278795241593574,0.008589300629333042,9.366139925450494,4493.106011082744,4474.45780697219,4505.256342567255,4589.557770078102,0
1,19.400000000000002,0.01837408327371522,-0.015676484308619894,0.09218015019772523,0.009653757744184253,0.008401889809036826,0.04854804745725368,0.20565435648295416,-0.11308884353259158,9.904726415362292,4472.208566100554,4516.665379390268,4472.439404655417,4487.478995591848,0
1,19.5,-0.014754495711895316,0.048790835967235456,0.09184544439424139,-0.02491434752892769,0.0010986822199969745,-0.05676638837993381,-0.12585049106753346,-0.02170170504243704,9.748303442308837,4572.801494590366,4512.988794760821,4458.671474977373,4483.056779874872,0
1,19.6,0.05106916477146992,0.10442213864349625,-0.15859833122379585,-0.0375984877027809,0.03741930350743564,0.03116913418967231,-0.08682927318763665,0.05346290861224354,9.282850452196625,4500.1012651979145,4509.834635185292,4527.728104186135,4469.583121431224,0
1,19.700000000000003,0.0042843580701679524,-0.04627123130297937,0.02553837556743171,-0.017906926447260482,-0.008162016783204412,-0.07966523158321832,0.0651136241823657,0.08584511166566654,9.763075886008517,4501.147139848801,4456.542257560994,4491.009700559796,4498.493861488748,0
1,19.8,0.13103965455149877,-0.05559835128870819,0.14641772387524374,0.01993717546931616,0.005612728089802728,0.14068963873561066,0.03721054726068629,0.03891591956679288,9.799375869396492,4536.707066472559,4532.894077014326,4481.229681375114,4460.422584162037,0
1,19.900000000000002,-0.010149031869782854,-0.04000192821988233,-0.00635245746153551,0.024748762693682785,-0.0091460331017358,-0.0034258705049259905,0.005802273480839523,0.08484308822052847,9.36062213320308,4481.798991157041,4506.338510768384,4536.002368692806,4485.242926574814,0
1,20.0,-0.0938276353020937,0.030985572298306813,-0.06353623888256293,-0.023793333181807225,-0.01248690779426448,-0.014762028612467963,-0.06047446645382128,-0.22055660570990693,9.989413239377427,4538.246251238362,4519.545659740185,4465.869429887255,4493.955253981574,0
1,20.1,-0.00032606576147290313,0.02993971947809551,0.06683404887180809,-0.014683475975569916,0.0016399111282712085,0.03658243236921929,0.14558223221467667,0.07045065398247231,9.967811337475105,4502.514798837881,4542.313774356106,4512.292883878785,4474.167362694793,0
1,20.200000000000003,0.07016849850625954,0.03489516362695138,-0.04430440211284823,-0.009589859347984868,0.005931510902815236,0.03705478362140678,0.019729226563120646,0.03113086734428849,10.149991474915277,4532.146294567046,4505.71906773795,4528.239317423025,4469.024282894174,0
1,20.3,0.01989635249734045,0.09046531748665551,-0.021804589539237387,-0.016952678572381696,-0.013041777771861215,-0.08717064298739106,-0.07847619081277035,-0.0370508098590029,9.528886596164272,4500.468550018488,4527.0683152136,4472.767314595592,4545.578517709253,0
1,20.400000000000002,0.025539604426379738,0.05152902928120287,-0.06578345538521371,0.017090504541332315,-0.02183867800790626,0.0712198000669207,0.01718393397935312,0.05532512199847837,9.57488107887503,4473.147904731702,4517.916846547601,4471.549559873274,4513.896188762974,0
1,20.5,-0.06835689032301229,0.04240871063333341,-0.12325233147685091,0.011045998753590466,0.012512618672920018,-0.05574174547436599,0.05820265670847269,0.026044226333355597,9.702231628761453,4469.743359477714,4441.121229249823,4510.489501418991,4453.055916859138,0
1,20.6,0.0047672099720654105,-0.013172410804112456,0.06791427754381955,-0.006040909989797284,-0.0065889557269418276,0.058549656343063645,0.03350580290841176,0.03161559571827783,9.903853517961705,4453.932836303787,4522.703660399609,4518.374063820408,4469.499506142705,0
1,20.700000000000003,-0.012204023683710066,-0.0019653643813815594,-0.013449678440173272,0.006677199331370694,0.02862733563662367,0.0865413382138263,-0.13122191934314062,0.06220699903060487,10.075786663907083,4511.604255620676,4532.729412755579,4560.368113371023,4530.71128638321,0
1,20.8,0.012465429782086444,0.052254423704237676,0.01448878330968912,0.00047806086569910944,-0.007028284714274651,0.12507306870656865,-0.08184286659420015,0.15323677246781162,9.909972824748074,4458.0208147559415,4511.029478789743,4436.999204770451,4518.765240504931,0
1,20.900000000000002,0.044261574149449555,-0.02961779778260268,0.012354769595558234,0.03908314867500572,-0.010114934085238734,-0.08471260696452804,0.14816634024625988,0.19625871905307948,9.81073913436957,4530.343891062251,4540.244277465927,4477.725473023848,4485.440824938964,0
1,21.0,0.06154372565773675,0.08425071393542548,0.056288086017435485,-0.017596287070041086,0.03974122223398883,-0.04247767182495716,-0.033513778117145177,0.03423378344896215,10.120832084142956,4525.619279296567,4512.445965010857,4513.898655903543,4501.305440059304,0
1,21.1,0.027906975725925317,-0.12647800388471517,-0.029660745906979837,0.00482643869833562,-0.023020281672390144,0.030905865424924798,-0.020447122098612155,0.175547569831549,10.124603945042972,4486.025832926455,4495.474868652999,4497.781573031748,4486.450215715211,0
1,21.200000000000003,0.009751249201406338,-0.03791410344437951,-0.11306153349375264,0.012454224478005371,0.012590591684436216,-0.0643452607727994,0.08953554307625997,-0.06315777291653314,9.860633047607596,4524.610320378374,4498.991623058889,4513.642227364234,4484.507110683373,0
1,21.3,-0.00982332917140486,-0.010292971544017019,-0.0746578346540239,-0.0035354832623156417,-0.030972365977274933,-0.039292299771368375,-0.028487549336967084,-0.025617975249538013,9.761700510825845,4498.147074004196,4514.383245542582,4526.235512223976,4480.507043194552,0
1,21.400000000000002,-0.060160042769457224,-0.05210222061215515,-0.04872029211949272,-0.007038426356330182,-0.015399921323949146,-0.10368933313999155,-0.04561208274741882,0.018142662011397137,9.929005893167114,4483.27730840675,4487.610065335697,4472.199050734581,4499.056824888757,0
1,21.5,-0.042421431709540734,0.028656390662060008,-0.17858664919341113,-0.007192593449049248,0.0060221467838348424,0.014706761305800349,0.2693033663980497,0.034980002456790754,9.609189080631598,4497.136072587327,4446.712609996006,4497.582007521097,4475.008318289977,0
1,21.6,0.045769513778008086,-0.027477013729776747,-0.011676591579524664,-0.012711156828088068,0.03477702703706663,-0.025699421289432936,0.18325570434792018,0.08141517621182666,9.906413345467078,4511.061994419526,4511.813918946487,4442.169822619631,4491.633498175477,0
1,21.700000000000003,0.04225789855921608,-0.0024448591737052773,-0.1405189846803575,-0.0010480890115493891,0.03408211032510983,0.09975133724277756,-0.006200400936603175,0.09514492770580867,9.73669859592639,4448.883852395198,4472.266020356114,4546.886663055246,4491.780207545121,0
1,21.8,-0.012169198968750905,-0.014991909813744028,0.1904136589573007,0.03251917830724126,0.044375604668962676,-0.012723616832004103,0.029562448874709508,-0.15166425494207914,10.105386885223655,4464.966613461962,4506.503266912879,4467.080924171015,4482.333995197839,0
1,21.900000000000002,-0.04186312155248502,-0.030393763033790894,-0.05391227031489786,-0.010965375898501542,0.016666678235606143,-0.08838902344500162,0.022054142701386687,0.12179591523055584,9.70736072709732,4478.462433277572,4493.084261244592,4535.391756250821,4505.823228928601,0
1,22.0,-0.026560714730379926,0.02419383255940199,-0.11022921498364234,0.013627190208858959,0.008172146154035352,-0.02462467769111073,-0.08385857984472311,-0.08866809222834574,9.916963467269182,4536.869415074671,4480.880767589136,4513.7516011065445,4437.389189441938,0
1,22.1,-0.02923088653285998,-0.0015529466435450978,-0.09096834169818337,-0.01873012749579192,-0.013355591129377724,0.023375418266109855,-0.01873290184063747,-0.2238231233324972,9.385859969472987,4481.794044664285,4513.730597581606,4417.574854718243,4485.008094715451,0
1,22.200000000000003,-0.026312392825871056,0.0694168889104224,-0.03850218117128637,0.007659779694818569,0.0028251428017492647,-0.17044531838457605,0.07682072166317373,0.021539650545628796,9.911653727934919,4617.787131193089,4437.476611815042,4551.740899492834,4491.376574417989,0
1,22.3,0.014366445220150466,-0.0022756122650621088,-0.042423633339804354,-0.011396658564775175,0.006590174711460183,-0.12137389573373433,0.07505791675217656,-0.041619440488525394,9.58398613219193,4486.499614260126,4537.714476505877,4483.939947389514,4510.753608546289,0
1,22.400000000000002,-0.03654781378577367,0.03789609249618098,0.06855077387902041,0.03697217666592823,-0.00351127890998431,0.05349238438063253,0.009806753953894456,0.12958717818630144,9.666233522478255,4522.350159386318,4494.1590811165,4498.074354686745,4502.7525745334515,0
1,22.5,0.012612019821333871,-0.005811452156097909,0.021471318317052637,0.03156236115124369,0.01970899371230437,0.06953236739975173,-0.04555395260238707,-0.08892408282283243,10.00106011164755,4526.2814037758935,4544.180120272529,4481.880581220923,4493.11354033919,0
1,22.6,-0.08197420812627171,-0.019623555303043647,0.09965705105794473,-0.00932990758456396,0.012809595904016476,-0.015240248479824907,0.03240570282215607,-0.11476913898156674,9.82704188992678,4410.265920872978,4494.39311525514,4451.085802688546,4536.179835496405,0
1,22.700000000000003,0.038870367638225566,0.023333549098304054,0.15210062271593802,-0.018978330416496745,0.034947263958311166,0.07457532514083078,-0.023655528721894605,0.11356201471829441,9.588741297517673,4475.2645751541695,4481.742308302809,4484.13066875808,4468.303270717192,0
1,22.8,0.061154153354766254,-0.012942720018491583,0.035250496835687956,-0.011407027328273612,-0.03641206601097034,0.021604588671313766,-0.1912254975419777,-0.006863404608546861,9.536336992233439,4559.618279976924,4527.340881665242,4503.172613738145,4537.91120032964,0
1,22.900000000000002,-0.04231579887328679,0.027173968933504652,0.01998104337187135,0.0052804016266734,0.025447070002135357,0.05859936822238418,0.028872366282502327,-0.16548874362282961,9.617990740944109,4496.318731992128,4502.8011712283,4466.093888259782,4572.350300267352,0
1,23.0,0.07581970276267865,0.030105916019624174,0.007203686128374476,-0.004244179398023034,-0.019038369200444712,0.006198441481509003,0.025775254014275068,-0.12417605754816244,9.87683528344898,4495.342228535257,4442.765773263678,4474.188449676615,4487.5918339973505,0
1,23.1,0.09438438286700952,0.02782765622668791,-0.13354815690998914,0.00972072578835274,-0.030946079778767312,0.08661528431096586,-0.04711246518178786,-0.009363618873917085,10.075159329508438,4461.3850929424725,4458.08645444661,4482.49202020962,4531.15136553058,0
1,23.200000000000003,-0.07596730377384213,-0.14160777990552845,-0.04511588584089988,0.011034815998218409,0.024005234994776584,-0.03705290896683192,-0.04114266071160025,0.11539007342557472,9.436051660060917,4488.34437674451,4505.712716697752,4513.476561638551,4484.705799204274,0
1,23.3,0.0017220505852920676,-0.12441636767064948,-0.06582484123338483,0.009070174251089348,-0.01964588068509359,0.00471873772716779,0.0446872500802698,-0.0342549200857765,9.844092754199314,4471.118023041462,4493.801661609119,4518.306485087676,4504.709188829053,0
1,23.400000000000002,-0.029326563478196777,0.011210820214539651,0.0714609790636618,-0.04099882557154956,0.023181481299117953,-0.026900379094485758,0.04254899332402303,0.1197246923645228,9.535665260553907,4478.716769927174,4491.343539123729,4476.487394366267,4552.048097275104,0
1,23.5,-0.04283860469133964,-0.02777733897434333,0.02043890316029768,-0.024042990521521777,-0.007913614235125276,0.02539626090001401,-0.033286040438251126,-0.009338685889994829,9.704133577510326,4454.565890724577,4509.647796340178,4552.647992149417,4500.552048923503,0
1,23.6,0.011263205862377477,0.034636137755842976,-0.12693304965466992,0.03405029316259211,0.0040465759284560405,0.13054855192712872,-0.07330329955239893,0.18180619225578248,9.965031098806957,4516.591202575571,4507.020733630595,4492.544141457766,4536.015949754216,0
1,23.700000000000003,0.007017993492402348,-0.09835348517935762,-0.11171864617070025,-0.003716915043854946,0.006199979663311102,-0.0045270791119916675,0.12189707897936633,-0.1951101864038625,9.838717587301032,4445.460623238386,4522.791368864525,4497.16623856674,4512.588299160723,0
1,23.8,-0.04319414802948831,0.06397324658288756,0.10417246640588514,0.011670886060237752,-0.0025903449372688156,0.04638858282361057,-0.07068925679873489,0.08555556590207121,10.139896178864785,4532.118316799376,4478.111925905778,4510.8425195181935,4461.205753687241,0
1,23.900000000000002,0.028619515558783788,0.022530170643126943,-0.18698163395321643,-0.023235676878247277,-0.005662777934875343,-0.0240687797712661,-0.12094769354188054,0.038897872935218375,9.860294721788103,4494.171926040644,4477.326254995249,4531.461213792497,4549.6622133926485,0
1,24.0,-0.024178074192326857,-0.03060834585774104,0.04912076654119963,-0.007160587594939725,-0.0027879440132646833,0.05917225213797371,-0.1909356087507293,0.13183023248526693,9.824536104865869,4487.655205663134,4497.322975373357,4498.872880650615,4448.063960896652,0
1,24.1,0.0747469113726618,0.0020662816135309232,0.044300213044737524,0.019030995411480855,-0.020423249151206004,0.037877751922818274,-0.02676410908987936,0.08467707752164938,9.384554515929702,4497.027170992762,4481.915380326481,4512.967888519025,4514.101325621046,0
1,24.200000000000003,-0.035381294741101306,-0.03560869320880218,-0.011066536855732945,-0.017932844546304165,0.01683967390904254,-0.02953657603579569,-0.2906988219321642,-0.037482205662180614,9.602291235831206,4451.061725536171,4462.877200853322,4503.2822541549895,4539.859224847447,0
1,24.3,0.015659223693249,-0.030325169410786987,0.04559041951707027,-0.009181806204379835,-0.013892007383262892,-0.09234901345863876,-0.17518288067517193,-0.03899237065594453,9.841610697984027,4497.101289899553,4487.52099216158,4471.627618179096,4518.247385750549,0
1,24.400000000000002,-0.06585659599732925,0.03880139569217377,-0.10022170189267249,-0.0150487047470607,-0.02933570381231354,-0.04011217175085093,0.09753124584779789,0.05156280884439565,10.005684422405608,4515.664276378018,4466.8899051440885,4490.076323270173,4476.594026126476,0
1,24.5,0.06652874520195201,-0.05983943232131558,0.08936976893891109,0.017859077402175384,0.03659240403432174,-0.03277492741035979,0.07123221595801621,0.22816518365388427,9.686471664613261,4453.9487925740295,4443.599698982767,4521.38136086584,4443.505493758243,0
1,24.6,-0.018615952646896142,0.021865659351948036,0.018517553682991406,0.008508897283683446,0.004445797116017081,0.10230926506507146,-0.0952316380738797,-0.06769951384585314,9.655468110945836,4524.905754355878,4527.011957651852,4513.536759579555,4535.504810006698,0
1,24.700000000000003,-0.05890204336881904,0.08336120557755686,0.15232386217122584,0.014712439944914935,0.0356359781754212,-0.1325298566142219,-0.052444813626265185,-0.07353034606819524,9.954295864751469,4468.495777811936,4522.724854480124,4541.116084319901,4520.85608700252,0
1,24.8,0.014187551183075056,-0.04939366704503746,-0.08468509661253647,0.024992378105933334,0.015586980078106648,-0.0031215615502035296,-0.04179095457658906,-0.2025807873111377,9.595829516263112,4557.342572614191,4461.586332869926,4505.6843946366325,4530.223319195856,0
1,24.900000000000002,-0.06274613340011463,0.009235523739054166,0.09379155375106552,0.0002499864381450067,0.05736806111333537,-0.13348794071025563,0.10587285298838789,-0.017280173739646437,9.964384030967336,4513.2392145509775,4478.0053140867,4506.86989177378,4444.262956458051,0
1,25.0,0.03016237502856969,0.014907923299526282,0.06386601686431025,0.021162366501743003,0.007352396804194218,0.011847153583862097,-0.08810683366612923,-0.0712220763649051,10.047346924035466,4543.090062171179,4492.856686910638,4501.380082417598,4472.861568750187,0
1,25.1,0.05863784226337224,0.03327084118458894,0.1941217436463749,-0.01756646154359478,-0.007560157980364344,0.018515673802045784,0.06464895377257707,-0.021566763754763234,9.63540778190926,4526.442225867707,4521.634060876368,4472.511776983089,4540.663284033165,0
1,25.200000000000003,0.05850993545983019,0.006714824862389644,0.00795978623760364,0.011081155422318143,-0.017234061405125164,0.002402518333126574,-0.21523835446091805,0.08764556455029356,9.497701355511628,4545.1025948528695,4490.096397181006,4493.649990542065,4481.167982817465,0
1,25.3,-0.01440194369610382,0.07092656725740183,-0.24878086565350796,0.025539307721763757,0.006760469622034164,-0.09656173182857725,-0.1075312393049238,0.1676393027208203,9.620898624011454,4465.3994846821215,4534.119436270942,4510.156586288577,4471.862232703908,0
1,25.400000000000002,0.01083124877023095,-0.05128763418201387,0.11008213984226052,0.02122741929746267,0.010640123976438862,0.028932884899761327,0.17611881248673739,-3.136726117747121e-05,9.57362517491584,4513.484217384969,4562.581411486113,4469.557215204424,4489.15611699918,0
1,25.5,0.020822301905072633,-0.002695242450286958,-0.09823035803773146,0.022437157124609416,0.04640081444034519,0.015690516721912587,-0.09040682897360003,-0.15489605250534752,9.861595196244236,4533.116320299488,4514.255032394862,4499.9278847724345,4482.321850446321,0
1,25.6,-0.05460818163590449,0.04173756631624411,0.09137716213855857,-0.030914595733814665,0.03179677956361368,0.045925697671520105,0.13995946451457936,-0.13421277484851152,9.536835168916912,4495.530920706981,4515.083532806856,4553.890824687809,4521.182367414454,0
1,25.700000000000003,-0.012134063840601667,-0.05131846038329461,0.12300005727191501,-0.019294108515014296,0.032569371095446435,-0.022750771968520746,0.15905820726178505,0.06789312900592784,9.78260090211151,4484.418108845216,4489.772763679618,4512.849500771257,4502.3146948865315,0
1,25.8,-0.029690570403435257,-0.008281570515881612,0.00785770297191498,-0.042574681888296245,0.009163362295773974,-0.07837769797734455,-0.11533324032057451,-0.16873443471107105,9.451221500426422,4459.3365749066315,4478.729371271085,4558.597774125797,4484.223609723143,0
1,25.900000000000002,0.008887505313401567,0.020024069325316435,0.013106518621584873,-0.001548869214519873,-0.023905875271984893,0.11607420386233695,0.18071966436378853,-0.1682658694122686,9.605194281822724,4491.60568972869,4471.063866152695,4515.178966603676,4478.151833927802,0
1,26.0,0.10825280339033012,0.05952742971717981,0.02125740306322149,0.020539725266394644,0.02211800848714618,-0.04511579904465946,-0.08162172445419648,0.007814306296964744,9.982327224899588,4504.171811959603,4452.6901055342705,4475.915266681474,4497.780814092169,0
1,26.1,-0.0037832802162915133,0.09862710883949041,-0.13859879423989982,0.010111784836717493,0.029782262166565793,0.1817159796338237,-0.04043974231839613,0.04914294527201998,9.92395207143973,4505.864451946599,4497.034643962821,4513.079261685001,4424.032617443409,0
1,26.200000000000003,0.034103474503131566,0.0063088951830983595,-0.02224748967782654,0.04093724391439116,-0.013498680375811046,-0.03224607912520246,0.1991553302204734,-0.08320613048498567,9.699976943412693,4495.589237297075,4525.222034463886,4506.234075220599,4461.221239585432,0
1,26.3,-0.026608428156359477,-0.03036772166061057,-0.007722104522304558,0.008516873172596582,0.008364115117759443,-0.14208094032387217,0.10639409875608562,0.02525688459966235,10.086906409518782,4513.32594981872,4533.039688732073,4513.996359343504,4540.386772686083,0
1,26.400000000000002,0.02611253180088893,-0.004895762322145203,0.2272434720446882,0.017780742445597842,0.011474888420088264,-0.10210435332306687,-0.12883076174635377,0.02927154821418534,9.839104239553649,4481.5763230497505,4504.2294809883615,4547.658807841308,4520.862074236509,0
1,26.5,-0.05705042548763692,-0.0055754413571471855,-0.08049664808525608,-0.0077539983281712235,-0.008272313312592854,-0.03821164660832042,-0.1255135371973395,-0.012765468151819013,9.697878472630538,4412.116539299932,4561.5891607350495,4532.663089626501,4488.71097825225,0
1,26.6,0.0009409524870299213,-0.05858271736587809,0.16957228778108654,0.037945773895462234,0.003133874564930492,0.08188245153482758,0.017528677893392387,-0.13367254388759306,9.727635326207269,4503.957839003158,4486.363568437697,4493.440401676949,4497.258013274726,0
1,26.700000000000003,-0.004043924893273066,0.0026129245248741606,-0.1060605066396601,-0.014340322982558724,-0.025691685313999388,0.07822524397489602,-0.21056469418403245,0.11535903433169255,10.087269879452569,4490.934582390521,4421.905887365181,4489.160683140981,4498.074475161336,0
1,26.8,-0.05052991099644567,-0.025760919690412137,0.15301951988633514,0.01329854324603482,-0.018491282287562,-0.12780793356763456,-0.03270173176097711,-0.021345677935043827,9.909239837472663,4483.94049862297,4515.344987260856,4558.054621201807,4524.465030673328,0
1,26.900000000000002,-0.0024044253665386293,-0.009157523552664734,-0.03566731341798712,0.023612818249042895,-0.012546268919026058,0.0036178167199986053,0.005119790188108535,-0.0501784192811532,9.53550689042318,4509.68923510853,4498.169880844339,4515.007214083097,4483.991990806825,0
1,27.0,0.061041064940652395,-0.04383868906059224,0.17120402840178928,-0.03495273019656523,0.008695401291137824,0.038034454602129876,-0.07955570679408824,0.04243939378610126,10.065903733952032,4433.495434819378,4515.082344224725,4425.2018753900975,4471.030055894304,0
1,27.1,0.08145831824504726,-0.029089101669602702,-0.11738799644089726,-0.003958754579693638,0.041358126763271046,-0.1465345797764821,-0.10513099116393446,0.14974316831796264,10.181540468707547,4496.897063271292,4462.8284189242,4562.875305054275,4547.833271752476,0
1,27.200000000000003,0.03394734938811165,-0.040620117446871,-0.0049029340838036735,-0.003207201620896615,0.006617026092311556,0.11608011505050689,0.08794170411374032,-0.10773760769847583,10.085299290003908,4509.393964200394,4520.611973875767,4543.996225778358,4466.652592514593,0
1,27.3,-0.0017912789353231467,-0.026572727567960752,-0.1567859425365456,0.006934199552098398,0.05023113103168847,-0.14720621956046023,-0.003228061104947033,0.06405429350747735,9.834615640331236,4496.606158424528,4461.023509096625,4506.983602288205,4477.297080689522,0
1,27.400000000000002,-0.10949608524892768,0.05972961102568654,0.09583858198420425,0.001033219537021596,0.004581493764114051,0.08594544101724491,0.02243396567780826,0.09040175547613144,9.75050355982523,4539.359512157218,4509.623571777981,4505.8215583081765,4461.898167338639,0
1,27.5,0.014347792715085437,-0.041597745874722564,-0.06382827265284942,-0.016307512566322423,-0.0213246986379845,0.1699817122413569,0.13313390619884033,0.19203675021442612,9.565420996088887,4502.137612497327,4461.194771243877,4479.129153684088,4472.456190497503,0
1,27.6,0.06197920032207808,-0.019811483905087995,0.10683793336940164,0.01208241779177036,0.04607277504209578,-0.11835553785117792,0.1259233239786799,0.11464408704007277,9.615324232394594,4530.2140000941945,4510.084348890787,4493.175712201398,4475.28193539084,0
1,27.700000000000003,-0.0359554725724593,0.10249060478929631,6.82818957482628e-05,0.015642600030629183,-0.015817987633351065,-0.06238823569773111,0.10819848092499423,-0.13495762115515322,9.726957246418946,4501.020822332167,4503.341178055201,4494.627201449515,4511.874593432878,0
1,27.8,0.034642787790890577,0.0367318772729665,-0.09858038086678267,-0.005683101958575944,0.023895257237538756,0.07157177500590979,-0.1372859451481064,0.03514799003522017,9.414354950125038,4501.408047061811,4556.933010502379,4471.563218481931,4474.970308635253,0
1,27.900000000000002,0.03820148907864298,-0.0771400757604823,-0.06327550298850391,0.011928822751635053,-0.012685716953788062,-0.01887759897687773,0.07441857103150346,0.04215460835365613,9.86336367925908,4489.826331621899,4511.1018334580685,4496.288019597007,4513.734168297774,0
1,28.0,-0.024846601255898913,-0.009128448718977056,-0.0989957792552014,-0.000700152200124718,-0.0162200172725769,-0.08912371601295947,0.025866114785538814,0.021273977585766032,9.966574746989714,4487.066232912747,4512.241585405102,4516.52392716821,4513.3432142349475,0
1,28.1,-0.041282684140107107,0.007468174113559445,0.036414029605466136,0.00014356933815883884,-0.0417295531674217,0.012839169917878406,0.22125310393972422,-0.036003926875698276,9.664384580428937,4511.200456791342,4509.3713463139975,4535.782054962492,4462.263955322734,0
1,28.200000000000003,0.03656901262874962,0.029521103062573176,-0.014214653694054611,0.0067737463584338,0.020589149631967146,0.06978523040227602,-0.11430193120737286,0.08201581867554845,9.797062278993497,4502.186222940465,4502.1959097300505,4495.492710336052,4535.751224913212,0
1,28.3,-0.004185897992460601,-0.055977306419158435,-0.03935298559697289,0.0035738943362095123,0.024584295685941008,0.04824757479590669,-0.0850535278747044,0.24851899166788916,9.862955062195596,4538.2617221399705,4495.4485669926835,4516.0007773411635,4525.184055135552,0
1,28.400000000000002,0.0609097355877128,0.052868415268911256,0.08721970000729778,-0.006301734623882172,-0.011434920839121229,0.026608600825935805,0.09331280723410694,-0.022272070077660706,10.023034393142877,4543.578502364586,4472.510372427798,4474.892378886112,4495.78874823284,0
1,28.5,0.015380633409459821,-0.02622835068835255,0.13522026788671446,0.008481337230369024,0.0007889409648147898,-0.1148727619094822,-0.13158158164275072,0.02810092502818063,9.383480874769033,4530.379122289322,4495.255384668831,4597.292789087842,4569.237487518483,0
1,28.6,-0.009072453462375838,-0.005316850126565749,0.09955815140020298,0.03406345219836076,-0.03276058114872034,-0.14291003722837492,-0.062203480555438145,0.05827375831738644,9.90937471810152,4532.093143649516,4464.00907414904,4430.515684110934,4525.740425859064,0
1,28.700000000000003,-0.04140981364826173,-0.1009243932194319,0.014506374595938162,0.015863513764373546,-0.0024411426424255454,-0.03662787089459914,-0.015936223214590657,-0.037058276240078285,9.540390577611968,4478.559579690287,4515.638397150415,4509.650356241295,4505.041794179005,0
1,28.8,-0.04975742409266898,-0.009075158106783358,-0.21770650464428548,0.003569533277707795,0.028577154156271347,-0.11793057056336846,-0.058592767331775535,0.032910677871012955,10.060568526885497,4486.553261510995,4479.232490122023,4440.932305727518,4503.103143879243,0
1,28.900000000000002,0.10210380200718722,0.013867923098233795,-0.0022278979183713316,0.006441646215339709,-0.0002218400789720412,-0.0650411497808104,0.08232799156777054,0.02257615231117544,9.813522650386732,4470.739019181652,4539.105237958042,4519.941082359994,4483.412374878981,0
1,29.0,0.050091242684096864,-0.02487854191926036,-0.0782003492511037,-0.015194062349605741,-0.035421371061761825,0.03772339043345646,-0.18311448783383502,-0.12284438312657626,9.394882398184293,4497.417909216273,4495.490386191844,4490.199113604409,4468.722669159883,0
1,29.1,-0.058611687671832,0.02321849317732871,-0.055055193170848775,0.006327166430722895,-0.01770497372248445,0.014485019421686587,0.13032780373160638,0.05861658003927833,9.727517236356704,4507.715969110678,4492.780044764094,4500.236405540842,4490.231668435545,0
1,29.200000000000003,-0.00821676029426956,0.010604667653708762,-0.09933586995819507,-0.020317576539799567,-0.02777085107662422,-0.1280216883602968,-0.12172826922204794,0.01594625068041292,9.631442496901624,4515.408433926933,4501.041412462577,4440.944873596858,4519.649267526651,0
1,29.3,0.040539932279585494,-0.04969313374174267,0.042019154289499164,-0.01712996474818398,0.001953407534966708,-0.10115987255639725,-0.1793106452534577,-0.03828171896129687,9.785254210745034,4488.0696091915615,4464.479083253324,4488.003028136066,4508.078842577422,0
1,29.400000000000002,-0.002244651506126849,0.009125051529960671,-0.0670115200454233,0.023434358294323193,-0.023523466731095614,0.03900482376693749,0.11818910929599616,0.04809080927488954,9.769495154587034,4484.151088600111,4531.082629531387,4457.31075224215,4470.896272188611,0
1,29.5,-0.019877888274586072,0.06188268787559991,0.03797676360408961,-0.01936091517020491,-0.006206154107698073,-0.04914585152770355,-0.07097889922335351,0.09788895585567792,9.5356513741473,4548.263425672031,4524.8468907055385,4532.725850118111,4486.111814639242,0
1,29.6,-0.007497035953955468,-0.0716575907262356,-0.0524662407066803,0.009873096952863017,0.025921261235627924,-0.08857254534419613,-0.03655059369852658,-0.015129922023252232,9.530842159561503,4517.740477252752,4478.280290047722,4494.1382894646895,4486.441518842644,0
1,29.700000000000003,-0.03946692528598372,-0.000352249274027735,-0.02156095785680224,-0.007437157645573312,-0.014569232433606857,0.025561973662636434,0.1653617268492285,0.013988723283912739,10.009223642982226,4458.293342245396,4504.732843178813,4467.078950430868,4455.692252174043,0
1,29.8,-0.036968570372951814,0.05959496672067865,0.09500158286696457,0.004860094441087994,-0.030654011197798616,-0.015702452111034944,0.030170000890173555,0.017553622957859793,9.441241283303851,4473.2904645594035,4498.077667075539,4516.088727285516,4434.1161653670015,0
1,29.900000000000002,-0.008106198773992922,0.007152438493947618,0.08496119885162132,0.013857151684748735,0.011651426376176104,-0.06399524053615474,-0.19080021371233077,-0.0393052757061401,10.010326365041713,4541.803635825733,4521.316473068933,4512.880224684052,4511.389189451579,0
2,0.0,-0.02780593733803903,-0.006503014677681002,0.1669069525826331,-0.018851160115837526,0.03229557581419703,-0.025762252359364673,0.13254321090950785,-0.14068150094975382,9.92718084023293,4477.896895921572,4457.541984242274,4506.5560212723285,4530.284153657879,0
2,0.1,-0.04224707192967482,-0.07495079802292007,-0.009184476433495513,-0.0017487065755436215,0.010966392551089974,0.07596756570915907,-0.00594151812724941,0.18555033147942632,9.854846948907058,4489.607204819793,4451.652979226915,4492.120214390515,4489.908391637666,0
2,0.2,0.04801523981407352,0.023124181203342704,-0.11793691216326173,0.00344508772822075,0.013430623434581068,0.12224250875102662,0.08875039674140595,0.07608466543114778,9.822017198923033,4511.6493601627035,4537.485147021185,4460.016678075611,4489.516820183491,0
2,0.30000000000000004,-0.03862843743781204,0.018957655936306207,0.12302221756507876,-0.011939485734421478,-0.04780608734938876,-0.032977659601957615,0.09134737320174066,0.05376299029498797,9.895637249562116,4491.600200943765,4461.629077913406,4515.458829648734,4474.971545698962,0
2,0.4,0.10920483666902281,0.028525360417725798,-0.058064830255395106,-0.012227704947772564,-0.0018588841322717657,-0.019160153761739983,0.11168337755299543,0.018641616974404633,9.663673652218295,4556.713220554673,4501.479249945607,4523.065190279067,4481.753204776657,0
2,0.5,0.01815578138722617,0.015555499557159761,-0.1889649292096153,0.0403055022092128,0.025812889218450943,-0.03177562529167901,-0.11022697404558555,0.0347561613803552,9.82733953988288,4510.670068456897,4505.747321885823,4515.187229679178,4543.419170981754,0
2,0.6000000000000001,0.028405160256432305,-0.05248277494549706,0.1362562852712452,0.032812291269765745,0.0630411346902417,-0.08987952265916783,0.0242882013150275,-0.20820987031889873,9.920629831275843,4483.553991054997,4557.703373844749,4476.761550899442,4449.324508860982,0
2,0.7000000000000001,-0.023563187035125985,-0.09877438856085688,0.07510994545073102,-0.04130166092512641,0.0005691516236631776,-0.16622494558849574,-0.03202978045366419,0.1643378155804534,9.88212957828716,4474.095191851052,4499.063895331828,4500.540506161334,4514.178910375303,0
2,0.8,-0.06834291816404132,0.029628363692366533,-0.27043916316027755,-0.012597691047276207,-0.009765476849030893,0.05066614608569908,0.002263085267686914,-0.14055630538562866,9.613001374836598,4505.960400286423,4497.627979744063,4482.626276710927,4485.57498631464,0
2,0.9,0.03480839985796445,-0.025884628643460736,-0.008809124402907329,0.043398731761610854,-0.028473652737678462,-0.14814741852597269,0.07835896647986068,-0.06786430612941033,9.746352494451477,4476.565308656067,4492.205995776974,4547.9561433628905,4524.063853758544,0
2,1.0,0.043111175594348856,-0.07081135278963228,-0.11511537365528693,-0.05678157318970854,-0.01618761642165508,0.07653625491085268,0.051694651574837096,-0.02215132629521239,9.80553994325639,4479.333433722738,4506.142766472053,4522.976348384418,4451.5233963776855,0
2,1.1,0.014982384391867408,0.046621743547733366,-0.04151002889633696,0.014014012242411673,0.05629308888945106,-0.008347423438951354,0.039330705000532366,-0.07380570836613916,9.846250232520411,4513.808148749469,4505.845270208104,4469.409140408734,4506.190853139764,0
2,1.2000000000000002,0.07310979693588185,0.022431788225726366,0.09619871890718411,-0.0047402394002525544,0.014998004788474212,0.022341427057322078,-0.09509107296872321,0.03185210047988745,9.611660667311938,4481.013591753456,4505.679849218771,4508.9173282014035,4464.323026047686,0
2,1.3,0.05269928855914381,0.028600313915023646,-0.07047284356108839,-0.030751695928983507,-0.002898091581628626,-0.03567549710889281,0.011314045705302282,-0.036311666115556654,9.408508627850999,4488.349591850965,4490.831426667951,4519.009830743222,4479.054009761669,0
2,1.4000000000000001,0.08393373366862832,-0.09558202753258786,0.13111674978026244,-0.0044863794175620956,0.017191697446871126,0.006384118724698648,0.11395555360254693,-0.038736196455281126,9.590275914964439,4542.615128618132,4496.595580623536,4506.646754208727,4537.042557421344,0
2,1.5,-0.05159776210472175,0.029774544881962867,-0.05898947564628909,-0.002643387112887437,0.001445579307685778,-0.12001774891575488,-0.07788370428204348,0.13510728924131393,9.98723823771696,4498.120812680183,4507.293703755387,4491.172724830906,4540.697501574839,0
2,1.6,-0.010017628889708195,0.011592104606742403,0.1146030144142065,-0.015547429696918132,0.03117578368993788,-0.12243691277947015,0.16296421311127987,-0.03726755839519746,9.761460250434943,4443.299694864511,4486.356158478669,4468.805804069193,4481.770609638796,0
2,1.7000000000000002,-0.006865548289443981,0.047889580723645284,0.020760335140062577,0.006153533068022277,-0.021910387776911247,-0.07046032716821841,0.1798725018351312,-0.07352010347632466,10.141241650411459,4492.708164033574,4500.068638084305,4532.110954806898,4538.15677265816,0
2,1.8,-0.005540628013954375,-0.019412152676076946,-0.005592044852221312,0.006759150564642366,0.01782607373739511,0.0003383887195321261,0.06188862980231537,0.1638359732270941,9.886261922452958,4509.349585680144,4454.432675247298,4421.078095895128,4511.651271876905,0
2,1.9000000000000001,-0.0047412115640436125,-0.025739133745737098,0.024353020418634463,-0.0012080745839381658,0.022555605012677973,0.006888869460718232,-0.07469232850701676,0.09901662389592891,9.76657378501076,4515.796100510169,4485.677678814216,4480.505193435077,4502.525046905571,0
2,2.0,0.000641432177184256,0.023991351768341652,-0.026864575330974257,-0.03672719567540795,-0.008655477671767773,0.06350547737150525,-0.029737607924310645,-0.024638340251454803,10.007275301181188,4478.640803182232,4453.715903452713,4495.181066414235,4485.474781462538,0
2,2.1,-0.0483123159876627,-0.008768922794934537,0.04915056472467837,-0.00018577123135631493,0.006139621453724755,0.14507261588123385,-0.03428788615575641,0.02783486346446696,9.708157327480174,4474.609208403391,4482.452770397467,4485.637242854349,4510.784273926413,0
2,2.2,0.11745378933503788,-0.03580217181379202,-0.04166253056154626,-0.001262460262224965,0.007915976974194942,0.0210840649563828,0.12840957939481173,-0.24263920705352082,9.332614025960867,4485.1236548396955,4532.919005626311,4453.030559051832,4409.771029809187,0
2,2.3000000000000003,0.028558970310960437,0.012182861185135722,-0.10902084067994298,-0.0197107920144186,-0.01939487439269349,0.008842825397915212,-0.0626315276183007,0.04940639189755197,9.239074667419123,4474.294444046166,4466.218381172668,4492.3097796488255,4483.8585672452955,0
2,2.4000000000000004,0.03989218899478833,-0.09296683858300288,0.0045491476330752,0.01116672846423411,0.037132948731239096,-0.03854127768747802,0.03244586043525171,-0.18038627925623651,9.331608759137396,4525.343231273451,4499.833191190558,4535.355380693953,4458.797913330907,0
2,2.5,0.02599510697643763,0.09344089202719266,0.04197056083572659,0.005531630111820975,0.00017112161648699664,-0.12567051657007297,0.13555729357103483,-0.06108576398050658,9.910896651276603,4453.108970802862,4464.616210064766,4543.052621976667,4489.580931331265,0
2,2.6,0.07266377380212723,-0.003911532952925891,-0.18418977729578576,0.01784135199463441,-0.011797846355112156,0.05589510508136348,0.002521086754008212,-0.15431182279428704,9.842858953074114,4565.886694264584,4514.789593755434,4498.274467409836,4532.260302058707,0
2,2.7,0.010533423260155541,0.010476711513139718,-0.10916251721591026,0.004676960515791967,0.020708868328338896,-0.06688497216800197,0.14244958212469477,-0.009170602414512598,9.632446097692293,4529.928962307607,4491.396172927852,4522.7854466245835,4491.247241032243,0
2,2.8000000000000003,-0.002991307176495185,0.02467801021671458,0.029089705759000592,-0.039910635609034774,-0.022424874801887835,0.07435279878326524,-0.013213658890154726,-0.05237313027714218,9.538285196948506,4467.607910361725,4439.3460408011415,4496.961578438954,4482.0468725825685,0
2,2.9000000000000004,-0.04832939454926576,-0.003406171258397655,0.036397063085273816,0.041863958644198895,-0.030237668391264273,0.09275048346404177,0.0973101561015072,-0.07790927393767005,9.850647190917206,4486.271002519871,4505.5706574125625,4545.273930402136,4518.168186978939,0
2,3.0,0.025430418661672102,-0.02151546599773212,-0.14840566649243353,-0.004169364210808158,0.024132163097278305,-0.1221734285271718,-0.10550893681766951,0.012626773623406818,9.613069043030547,4476.2242965865435,4487.292042548154,4459.031477874296,4470.776344613509,0
2,3.1,0.03517139583936544,-0.0653684891115482,-0.15978721344948377,-0.012600499590677888,0.014639110050196915,-0.015753744639751165,-0.04645810781156184,0.004435879751560705,9.46085851342807,4514.841169613251,4511.503050942109,4487.720745777128,4530.177735353893,0
2,3.2,-0.05637480494765194,0.056395449662678454,0.015449366559525113,-0.006731051797563468,-0.0003974727073662314,-0.008581181264875339,0.1220282896417717,-0.10766791274710136,9.657496152170681,4531.089086762175,4482.133951944485,4527.015992319948,4550.983079490261,0
2,3.3000000000000003,-0.020089751347081686,0.03406811632876527,-0.11536922813398585,0.015094665961356184,0.003988479719735342,0.037843062572817214,-0.06455720720353951,-0.16610834155671728,9.910650412949902,4438.097905425617,4490.479485232724,4528.235455992599,4505.756932076191,0
2,3.4000000000000004,0.09741713223949067,0.051255457629088674,-0.06538983883255765,0.0005462675970287733,-0.000947414050888719,-0.1265741410676902,-0.09403989164843533,-0.056076090697986025,9.402755899428813,4501.4248040475495,4492.527844660409,4449.813182960653,4512.12638595832,0
2,3.5,0.035793637234547974,0.011351723943244445,-0.03240681752089702,0.011828843035037099,0.013604407209533822,0.024592285577575073,-0.0824612250434761,0.02766007655111807,10.049096130165097,4482.101128241648,4562.938180173973,4484.231071980438,4500.972210400204,0
2,3.6,-0.03362427980031681,0.011163541796013044,-0.17422216926352752,-0.010920835976334425,-0.021842424006971343,0.010827067831383272,0.09944473755089074,0.06460061871145516,9.335668127828223,4561.262089587836,4508.8583982186265,4476.70502578521,4504.713837569729,0
2,3.7,0.008809491125134619,-0.033342435847578185,0.019791666734207552,-0.012149445752406146,-0.008087239853800455,-0.05490233086040676,-0.1432671289739653,0.01458364702153839,9.927059887303269,4515.446507882291,4524.597757579057,4509.730206300446,4484.018235053493,0
2,3.8000000000000003,0.04198319322155944,-0.06787587699209675,-0.09006713825124801,-0.019284001428464894,0.021601121182786204,0.07542308113120605,0.048730523704499484,0.10719298652117973,9.634143443517603,4510.457853595829,4496.244767148505,4525.4064631165475,4496.543273023434,0
2,3.9000000000000004,-0.01924714442050406,0.0270454259280495,0.08761691671912329,-0.013366903896936034,-0.001221513427047522,-0.08467525069133222,-0.24980610174929396,0.0200459631413729,9.931781071250926,4507.862004272602,4441.513148467369,4489.474517097706,4433.449567198468,0
2,4.0,0.06848505538270924,-0.05430272910590431,0.12554036094598964,0.018917392873682912,-0.018011807050721234,-0.0906227961014196,0.03503702163863383,-0.08443240371830711,9.830496928431643,4485.515172275793,4446.565247566031,4433.0859594262665,4506.800527454838,0
2,4.1000000000000005,-0.02807788731653127,-0.027654490845706616,0.06958638390937853,0.023468845532648896,-0.0054508944272361835,-0.02724789655278892,0.050014303311388376,-0.13569355696995752,9.85463061094954,4516.556579154664,4520.406906252529,4441.897418924926,4477.159341905732,0
2,4.2,-0.043913162641173335,0.004994347720460649,0.0480744579767984,0.029934208148919627,-0.009899309607361462,-0.03980579986473711,0.11496720188787471,0.02965769385303051,10.063530302237595,4508.661840090295,4465.286501438602,4460.006149356665,4453.454632528232,0
2,4.3,0.03310259173792366,0.059429841154350405,0.18493621413863812,0.016862106646464804,0.023256771550699717,-0.046401306612294774,-0.11564158167438568,0.08500793324175533,9.893536150447881,4503.223331230227,4511.621144418989,4509.695564473746,4538.514505795607,0
2,4.4,0.06474927924084779,0.027211017617017354,0.08458028725629282,0.010281251048495517,-0.009223394640692379,0.060525173993051205,-0.13944950688592617,0.10538915522958832,9.571095412046793,4508.574098603842,4474.6453812472155,4516.601669492233,4498.982243222163,0
2,4.5,-0.07973779790816662,0.021034981550923943,-0.05779207768327106,0.01762293441626738,2.651377468814459e-05,0.03163367883104305,-0.0957568955015212,-0.05893322314273619,9.718272272779783,4525.701074407277,4550.321312634164,4475.844847447714,4532.3054443397305,0
2,4.6000000000000005,-0.10848387088628511,-0.059709470054614466,-0.09587784561867749,-0.027050173788814448,-0.0316717677957516,0.03303991297102381,-0.02140676977278614,0.037940539760510976,9.948094537224303,4507.968509795176,4519.732895284511,4497.914031412732,4464.390198350828,0
2,4.7,0.05289070904103981,-0.02945560663905635,-0.0935596298762426,-0.0035583575160879634,-0.01825621838593026,-0.03339443055915458,0.03440539215634665,0.03483417392461269,9.630433986714875,4485.368838811538,4532.229990143107,4514.892003532018,4562.251951180457,0
2,4.800000000000001,0.059006408687076385,0.057214653427996955,-0.1387868550455802,0.015277207032668452,-0.0010621360339382131,-0.04407854428305996,0.01680153405325285,0.09452115346114837,9.910166318200844,4473.6457859597385,4522.273767407779,4480.872373737721,4506.5004935689285,0
2,4.9,-0.015167503373856712,-0.010943312586781287,0.07662429750405096,-0.020803874396317958,0.03890390148553866,-0.1456868855435597,-0.05976676832548571,0.0370211889941741,9.926862833287062,4496.985728382849,4498.278278909954,4512.316502559828,4493.06791567627,0
2,5.0,0.0696590628967453,0.041967455711580115,0.08728243510056347,-0.01932313446740834,-0.0015877684881140575,-0.024037275897656297,-0.10056013756894658,0.03601641839457669,9.702470848444037,4519.662114895507,4467.89425311317,4551.571218385255,4473.1100202422385,0
2,5.1000000000000005,0.010965116860021804,0.03959296551940338,-0.05706404302001128,0.017049372868659013,-0.024583671956008326,0.11616941593460484,0.0014149264965758294,-0.05964114079688796,9.750163645514514,4524.267578081782,4482.466341244487,4477.519269317317,4493.3539020724875,0
2,5.2,-0.058848105638498405,0.09102719539709078,-0.05663945912147233,0.01663233572360807,0.0041894016729554515,-0.07876272403855744,-0.0005954709212729384,0.0784002779310748,9.77234773298274,4535.79338837553,4530.645461783456,4527.56744563975,4486.21029683181,0
2,5.300000000000001,-0.05399212238907435,-0.030679380268139725,0.019624094066672048,0.01091573427064711,-0.04343142809520895,-0.0006490561289400232,0.015808922532318442,-0.027754425631555158,10.068254767803177,4512.653402227526,4539.305757242427,4493.521184389493,4528.124324775208,0
2,5.4,0.08175331972637598,0.06558467246363306,-0.10921415934287332,-0.005073521550847619,-0.0069032941089959285,0.03914036280610621,0.06863535550145332,-0.08388926740257363,9.823567702783388,4439.402180035316,4543.258350174056,4484.628772779699,4501.675918195335,0
2,5.5,-0.015482485699403062,0.057301378750670755,-0.2837506441397379,-0.00033220684651817976,-0.002116375149953958,-0.03629091100733462,0.17262265456356327,-0.08873294588557712,9.964359235447132,4510.6875836611825,4537.845577576066,4479.984327456675,4478.010933026288,0
2,5.6000000000000005,0.05480349537386993,0.02126606541650552,-0.15449373466767588,-0.010786100289265408,0.00772765307696122,0.06702113772372713,-0.06792306531929551,-0.2914255989816941,9.914644637147408,4463.390379301681,4439.479836056327,4415.030222250476,4524.419425805932,0
2,5.7,0.006430872520248327,-0.011282819035612582,0.13890243629627616,0.01274649366046145,0.03232600085443833,-0.11141883777335972,-0.0034550623953963516,-0.16167133749480145,9.764123533628908,4492.541524386999,4518.798409117892,4501.366916434257,4518.702214148398,0
2,5.800000000000001,0.03517200665694471,0.10774643386915711,-0.03152966552861244,-0.018820454013327582,0.0049216723063281766,-0.06418240217116349,0.1481960768436536,-0.028321803894523257,9.696884726425202,4485.860528365466,4521.552522704149,4495.2675905030555,4480.749995396089,0
2,5.9,0.08326759588117655,-0.04280849203308751,0.003556607403299353,0.013046123032204609,-0.03262670220834146,0.03842084011247399,-0.10551076754804495,0.08227827808340026,9.617469797616206,4520.7830709554655,4533.174991988842,4525.843095768984,4507.5394994471435,0
2,6.0,-0.011565047146484972,-0.028820978816742195,0.1471034690817104,-0.013989904403352864,-0.020741321471399923,0.0532295148026264,-0.07961368031864954,-0.09500634974661272,9.521279147566048,4485.512704816185,4497.518549283105,4507.292751829821,4528.539187328985,0
2,6.1000000000000005,0.026344896183289685,-0.00954361097765899,-0.01981956763797199,0.01020314937830367,0.02545140325857139,0.010105135958656015,-0.0469130854210409,-0.09928660010855456,9.520958947117556,4519.988090161306,4517.339355709187,4517.320905753199,4496.1402166094385,0
2,6.2,0.07034673729458754,-0.024205924729240887,0.09552692372072055,-0.0007748578997908605,-0.012167015293586752,0.04740242458542091,0.04096361186839937,0.03569727592669261,9.82625568441124,4498.863207548495,4571.651159786114,4535.5276993558855,4521.684806849566,0
2,6.300000000000001,0.005589957910169413,0.05035786002983346,0.05179947763914519,0.0005240950554807133,-0.006071286505318301,-0.006473387013015057,-0.3170425735878056,0.02106008392976418,9.71230478397793,4547.780099948486,4500.580322124352,4464.331097413951,4498.503595376156,0
2,6.4,-0.05230605425312521,0.023670370785623323,0.02909473643394854,0.019156792622165353,-0.015817635833891307,0.0027206476982517443,-0.13650217954266353,0.07014947819247146,9.913774236088026,4514.874150630827,4500.0485709407085,4512.4431867236635,4548.1301732492575,0
2,6.5,-0.014254712852100698,0.006932259185504225,-0.10861262991814098,-0.01736521923196665,0.001956265861866148,0.08831468373615257,-0.025628082425157246,-0.023591652931212393,9.728622951099126,4483.957299874671,4508.849143671265,4455.082270644641,4538.428187300002,0
2,6.6000000000000005,-0.033271114906473026,0.036095174271907074,-0.1269998597393876,0.013376802610924363,0.01343889215628995,0.030736165760471723,-0.09944285217997922,0.024954818959807702,9.573388763053122,4492.417102347114,4530.88239302866,4523.901057812122,4500.455488276213,0
2,6.7,-0.048740328796142096,0.032279385608709674,0.0019381237698025214,-0.04640631196460847,0.015652596526330362,-0.0019386267095753717,0.12024512479830723,-0.10952705188428047,9.1746592373608,4508.372515750356,4508.74691030046,4449.2798511718065,4470.645013624002,0
2,6.800000000000001,0.13776088718599508,-0.015280530707690169,0.07309589763762162,-0.013013196547367673,-0.04180605797706313,-0.013620659743672442,-0.02656045602861052,-0.03998782386683715,9.787071832898722,4507.928048149369,4495.496491462386,4462.079814961579,4514.585543746858,0
2,6.9,-0.09746858776612116,-0.10251787286421002,0.07391804947015679,0.010140405442707136,-0.0011479073014807203,-0.11163588038040576,-0.07079109406740754,-0.026274674768650405,9.490821206285178,4477.829140259303,4519.5699101453,4542.819160928677,4487.416957420243,0
2,7.0,0.03782441771580492,-0.09570300352937337,0.06594512411136115,-0.01607896829454962,0.006146912334159402,-0.01982019345917674,0.13204140097838343,-0.08744356483399182,9.935521259512367,4491.614776101104,4495.25083565971,4494.484383205224,4474.629806865177,0
2,7.1000000000000005,-0.0007049482953335789,-0.003132411106091075,0.02412402484067293,0.0016901029138572516,0.015959890992244725,0.07388068928378949,-0.10506233218278012,0.08687725005907711,9.572732714578029,4517.635676644132,4518.592163541086,4442.660493250125,4502.789377395882,0
2,7.2,-0.02342480566801579,-0.03793826289676875,0.13508523306990056,-0.01307358281274838,-0.016127538582360997,0.006055595200407476,0.06855897462984165,-0.01416485860101269,10.04327410913385,4515.929269858922,4434.6536604080575,4484.11599109479,4483.144737019449,0
2,7.300000000000001,0.023968047671471118,-0.1312408528187056,0.2549009708717722,0.010620521897884202,0.002977536078353822,0.0945254173135317,0.23436540528126248,0.08707466445884032,9.999762619294325,4503.920700733932,4495.754227398991,4485.726136679853,4475.216640248564,0
2,7.4,-0.03435070498497487,-0.06752779821714916,-0.007587145068502332,-0.03369335154452774,0.0038183304828742137,-0.0029064486433873393,0.014693529838668779,-0.052213157001999244,10.425372074036101,4540.803477005409,4462.663724997458,4506.986042622807,4481.75981571188,0
2,7.5,-0.0507239863353707,-0.06700360355619675,0.043221669075925395,-0.013627604701391478,0.019356520480504083,0.07950257716243513,0.13739143852114497,-0.08523867660741036,9.905073122138402,4518.973626499269,4485.774654746881,4476.846841278214,4548.28561997328,0
2,7.6000000000000005,0.011374793786602687,0.0317983875355869,-0.08220760118279274,-0.024385689330443876,-0.01138899548984221,-0.009921710991199763,-0.1064220006817349,-0.0009844808650383006,9.4722989623863,4466.398577325904,4520.127337448306,4518.113715608337,4488.243697038394,0
2,7.7,-0.050888215453847654,-0.05137017757630055,-0.03732682459413141,0.012890369832905828,0.018564913826886492,-0.039722538838557524,-0.1153492425984784,0.026784363786633333,9.64529300587483,4484.452420834164,4539.758282713111,4524.813462856973,4504.739229367544,0
2,7.800000000000001,-0.06359595005563615,0.010569828373532946,0.10626572907875265,-0.007512673315310712,0.027022281799734302,0.10341962316145656,0.16637328321434736,0.030524312653135294,9.927478339961203,4542.425618649932,4513.42181811207,4484.962976766294,4486.5437149041645,0
2,7.9,0.011927747688686959,-0.06452807109731094,-0.014325891536419263,0.021930942364605074,-0.04382507702330562,0.1227585681435612,0.11223742187031596,-0.045976461583047634,9.918678165574363,4500.09443180719,4536.899711053161,4529.480494283098,4457.99787830451,0
2,8.0,0.02936312067320884,-0.010281392682162382,0.00828325705180999,-0.01456343801939631,0.03496274138241671,0.08320494559220608,-0.07397711639729673,-0.13346106069102326,9.73286547380443,4513.035079382739,4507.206175318387,4537.593984743047,4523.6975916654255,0
2,8.1,0.048478451287645344,0.016342770030521866,-0.13892987302109902,-0.0039139706229380285,0.02120179479817331,-0.004121834281971685,0.05030903686237468,-0.03187483152461331,9.604037630291632,4496.299678078617,4509.271423290979,4480.329368416156,4492.9286626543,0
2,8.200000000000001,-0.04697316209929914,0.0559622458782048,-0.0294455757588034,0.029055110902523662,0.03057495701081817,-0.006483677177739501,-0.10084487325473497,-0.20858978777333373,9.515592585394643,4458.784955253041,4541.354088823845,4503.474737616808,4511.688135722759,0
2,8.3,-0.11102105044675631,-0.05989832146086308,0.0887079776446287,0.005735482247651725,-0.0029441055737119454,0.045187388688009804,0.1635797806135815,-0.02210424635370506,9.823873960531614,4505.777907561939,4571.76328905822,4437.019312067429,4520.496690443664,0
2,8.4,-0.005740112437953184,0.02833858630920898,-0.06573725539947244,-0.0009793006171690051,0.014228211589309902,0.24903281608350727,0.08080361894020716,-0.08480655980305087,9.72524806359546,4486.397576748484,4446.130704821099,4490.097294248957,4521.984872454653,0
2,8.5,-0.06371160595383976,0.052424132552529625,0.04877748210843382,-0.014684666439420757,-0.0028305927467569486,0.12786574461128264,0.07335478135058658,0.0008783654898147817,9.762463336607803,4502.2982721135495,4484.647093261731,4436.85751482843,4561.265337316042,0
2,8.6,0.007766249959970073,0.019907363256126857,-0.005790774987690872,-0.01470233601449176,-0.0037184896189754145,-0.1279515809755449,0.22770864980533045,-0.12345119984223961,9.603606743230564,4486.792223868408,4538.642271745572,4500.435269977879,4462.915926119086,0
2,8.700000000000001,0.06271691803786698,0.03655003133927407,0.05384349572164524,0.014314684823416808,0.047887238011649014,0.17480759160288897,-0.06867153430032953,0.16238849928111523,9.88663363795178,4514.972874484132,4449.2318750507,4494.888427038354,4475.615292289903,0
2,8.8,0.04140294074466547,0.053554025020140256,-0.20744863510163114,-0.000440697280085409,0.022437230095885045,-0.014934316985075597,0.07290636450023645,0.03511654676270841,9.878332046390526,4491.860550657951,4463.502575875928,4466.35409557725,4521.28057543366,0
2,8.9,0.000972912775944156,-0.006925612230361238,-0.04238900423223526,-0.006103776909615035,0.020938235889762787,-0.02681952654944214,-0.13410647133015688,0.07436517755401732,9.769024667227058,4500.941875965983,4548.227349191985,4499.383183279485,4508.675510193561,0
2,9.0,-0.05894617456491627,-0.010983472617548007,0.060952604520860126,-0.031107474676824846,0.004016901862314192,0.008063285811584504,0.004128745558743939,0.10371588986582432,9.876887702969706,4544.342156950694,4470.192314532179,4504.077737016551,4502.534003591699,0
2,9.1,-0.05346272468775401,0.04781475010456731,0.2324673305852818,-0.0003401214896766199,0.010100421765475338,0.00676147806522618,-0.07135846699071759,-0.18207602778020163,9.668845303380927,4458.241248571448,4551.123062341773,4496.546709182303,4489.622420128585,0
2,9.200000000000001,0.0444576912393903,-0.0560875551427944,-0.07668640380045524,0.0013614453849724207,0.02057537982846961,0.04013480361350306,0.024832514251588222,0.007811773523601635,9.890047171105355,4506.049587153878,4469.100831756692,4501.382376648995,4467.789340232467,0
2,9.3,0.004054127145041186,-0.02403239707441207,0.25393816227828614,-0.0007978876750342384,-0.028084791325231777,-0.010734416854153965,0.051935874563788814,0.16733639461525238,9.692109520012258,4452.527160779291,4524.50511034293,4458.58203882301,4486.915336754775,0
2,9.4,-0.012881024275549702,-0.0034816726650054087,0.06891644570743356,-0.013672685645727753,-0.005474585043335214,-0.0011416282359510805,0.014959795751878805,0.009782717470792268,9.897201155044517,4525.315185289252,4511.779023469529,4513.607565705276,4452.533304997605,0
2,9.5,0.002511384958284022,0.023975377400080433,0.07289411945704503,-0.013847015484675885,-0.0131807854977729,-0.04592805402268787,0.05364138998913434,0.10338810549242086,9.72850797854168,4527.238869408811,4503.704394274938,4496.271426685127,4493.658473105461,0
2,9.600000000000001,0.03733056823010786,0.016278890839353504,0.22758254276476375,-0.017044492859946483,0.010362034040599514,-0.04233608078492103,-0.08692869869886438,-0.0010867137034972145,9.837470495881409,4587.545206651803,4494.475625529504,4466.09463811546,4508.190321524831,0
2,9.700000000000001,-0.10373200187731842,-0.0045978391302132935,0.0016025282295160427,0.01589200765890423,0.01947244498855694,-0.0402855695126174,-0.015061401462993302,-0.0766120830610671,9.584387489038463,4509.296843381419,4461.792433542102,4487.561192982844,4470.144781203023,0
2,9.8,0.027484159314512986,0.0900715049633244,-0.13015879828033314,-0.037060369657951384,-0.002497737707001348,0.0012558236766206704,0.021865930675729773,-0.044632051523434496,9.769872140234915,4511.025312316218,4531.212926779345,4441.348536890451,4488.9318168290565,0
2,9.9,0.01069043969705317,-0.0458988052305368,0.17311696317672998,-0.01270819760457474,-0.0008258537401456568,0.044481767747383265,-0.059128478880189454,-0.18465730478044173,9.724269094616695,4530.883216677811,4489.893146196446,4474.606970956231,4527.770166285081,0
2,10.0,-0.016538744801152635,-0.025508040682510863,0.014945608966330954,0.015415004192375749,0.04763427063465092,0.06617888861259384,0.11598399663883444,-0.050596619898785535,9.604826378806106,4501.869940488574,4503.215097457788,4467.644617759062,4494.741164102879,0
2,10.100000000000001,0.019965880085956546,0.018019669750904008,0.05042878533842724,0.0058192946027488595,-0.010140173185401115,-0.041112050131907454,-0.1198951397993876,0.1784775039185095,9.812690072923859,4493.254408326155,4472.136237556426,4588.0697370698335,4467.800159033313,0
2,10.200000000000001,-0.02144239628030367,0.020791841814303026,0.06002129657442778,0.01915864110431368,0.036152170155385265,0.040492612436856985,-0.10560307999666677,-0.025694512512178153,9.871566474502778,4562.046781245174,4458.065835647271,4536.077295156757,4505.397431086392,0
2,10.3,0.041891526761474035,-0.0050997358317966,-0.08424326301263264,0.01501745558802664,0.013088620542112423,0.07776455725917775,-0.001330463537863531,-0.05998220233198494,9.498242600995232,4524.581198044182,4512.716684473319,4471.0265210140815,4483.842789801101,0
2,10.4,-0.023337940597572028,-0.0741492215991209,-0.08176823966051339,-0.022676607136127083,-0.008249580237758734,-0.059095799866365026,-0.1627004920866749,0.20225902305694815,10.060508146205846,4476.6294173544,4508.172641899609,4512.523952694639,4535.732575643205,0
2,10.5,-0.04093025133300393,0.054605339199121306,-0.05479053042069351,-0.026717248083372266,0.014482731186289946,0.10326067392979425,0.2587908973530685,-0.11997252650902135,9.949783937016159,4487.705962686194,4523.500761315721,4455.885313463063,4462.116906729043,0
2,10.600000000000001,-0.038793741158324194,0.003948202283404226,-0.06410812665383554,0.013181086878268394,0.020537892365158288,0.04796620329962847,0.1618787639660868,0.0415826629455343,9.566620657931967,4540.90129540615,4481.84531293182,4527.312554990567,4547.212026496653,0
2,10.700000000000001,0.022834400536519958,-0.07480794065823249,-0.09182121665097916,0.026454889337702712,-0.0033824537128563275,0.006365882795373267,0.07588244161636093,0.06963228620803234,9.865759962477092,4493.739948863386,4490.6199466280295,4525.73696475874,4516.607085932033,0
2,10.8,-0.012865000030889482,0.05410561564965704,-0.012903411512978379,-0.017033243486687867,-0.015179413978066896,-0.07829926690478128,-0.02724100166036872,0.1233724278336193,9.648980963793898,4505.654272830543,4480.299319631177,4492.190728761857,4454.698763640443,0
2,10.9,-0.01102691145782687,-0.009685268990248103,0.05402879440356954,0.004465618265107411,-0.023967842499040905,0.08673585952348342,0.021030304022199537,0.01983935171774867,9.808163529322973,4484.467276583334,4506.5340701924615,4514.267653077857,4447.593129259633,0
2,11.0,-0.026938041867304786,-0.012747348520179468,0.025617060569427814,0.02386622011854252,-0.015434816291935648,-0.03983694774542736,-0.05125341106465501,-0.08015275901045416,9.740562700977549,4523.124066599639,4468.38493513907,4512.834431854587,4448.94293309945,0
2,11.100000000000001,-0.0280668998221103,-0.016474465010899303,0.1674859672914065,-0.00549604609505376,-0.04402486946901837,-0.1599111125489,0.003402958634668099,0.06137708557899087,9.88509117152545,4505.027103174029,4534.86778792517,4483.812263377886,4526.847316680804,0
2,11.200000000000001,-0.08160074425132087,-0.045247391646903314,-0.18070413949318165,-0.0054969060133958445,-0.0009252243453268508,0.009128119378121594,0.0061883352887135215,-0.0927553330811728,9.771951831117358,4455.076599941827,4540.896869253967,4490.89121781306,4485.333416428689,0
2,11.3,0.07944701642220414,-0.062112326677461464,-0.11255871140319691,-0.021924406497371304,-0.001357427633989638,0.034530530371007784,0.07396754681178337,0.2571995317494969,9.360113509159849,4518.262067673732,4483.286082822833,4482.407545533337,4481.406836152383,0
2,11.4,-0.04543848354039867,0.0842262417301726,0.08422973270139028,0.00046391957114749646,0.027020315049740007,-0.12100231722391006,-0.13307051313309262,-0.21779677321946878,9.670117091975342,4504.850955801143,4503.08575733797,4504.480257331797,4457.668295068018,0
2,11.5,0.0401577371307011,0.011981375911949898,0.07330542814659985,-0.03785524355180104,0.006229817175955797,-0.09502121919340216,-0.03973232525513619,0.05343648986363834,9.828218721251183,4474.4538006066205,4500.188194685533,4454.053940542691,4534.508021876949,0
2,11.600000000000001,-0.010264200974812563,0.0559274972127663,-0.052653168709604306,-0.01047151976813166,-0.01528373573275693,0.07009391453544603,-0.07094311573284759,0.06445954324151765,9.733509520466143,4440.7211010032515,4482.890577966406,4464.626753569115,4501.01708171047,0
2,11.700000000000001,-0.05952038678372451,0.04629875503573084,-0.009107586035302723,-0.0035519198951747795,0.013117842755751652,0.077112554726069,-0.0020098751769651647,-0.07712002995492906,9.455206076777575,4479.418507288945,4481.483632600562,4503.211723589769,4489.64559356586,0
2,11.8,0.034396648602571404,-0.030649163563534476,-0.005704116685294177,0.023679748863937786,0.006836504279099331,-0.004803003335085161,-0.06019444419351771,-0.0633231396714977,9.63987734940961,4483.769794026513,4522.669975162329,4493.343351861232,4459.506807918563,0
2,11.9,0.08840846465298918,0.015998259557258154,-0.14069434005131695,-0.008836978544816477,0.002217727656568357,0.13636736746379016,-0.11081124582588693,0.09760407193559467,10.08989728539447,4481.140370847763,4491.674591434193,4468.910722578787,4493.896165767591,0
2,12.0,-0.0018294987171465584,0.03298249990411852,0.10901834710204468,-0.014961921292432942,-0.03934650128451989,-0.0016995823420993704,0.029353752996864053,0.024941768768504166,9.744665350498192,4503.742562989918,4545.463344250567,4511.452025068876,4488.7989472499075,0
2,12.100000000000001,-0.02500989085479979,-0.008492617883886533,0.163673996183064,-0.003666014190523946,-0.0003958868904141594,-0.038585085674904235,0.10989833574419648,0.19598372547446752,9.900122609886278,4502.483187113563,4501.103484995227,4428.470796336428,4522.354525928545,0
2,12.200000000000001,0.006708320799792177,0.021417102533036247,-0.07114621940837049,-0.0076891375795418325,-0.00822049873006346,0.08172983872584311,-0.03787598366030934,0.20826603221097978,9.896172483803008,4461.729520200128,4496.143611202441,4480.449746335307,4434.168525905399,0
2,12.3,0.07997354700568948,0.0351571271110002,0.053320731789931256,0.003308073205994085,-0.027640351373848755,-0.03868937116443494,0.08417807747840128,-0.10512200297825028,9.303646136749837,4493.186819766573,4495.747273379174,4504.066902492441,4521.855559305436,0
2,12.4,0.03188029061156043,0.012938490262196081,0.11955313880867094,-0.030379395616266295,0.010091636289547805,0.0501230690669554,-0.12395622860802397,-0.15028706086823895,9.66081157470488,4480.153756724541,4522.602583905073,4481.5638364892675,4474.309544451564,0
2,12.5,-0.030581686834727957,0.05593161670771059,0.0013043374376952134,-0.003585020507138236,-0.0022001099740210296,0.10336482674612181,-0.07491717266032419,0.1315508290940104,9.852099259784302,4495.18741854074,4575.0270149380285,4468.3308153060425,4489.38942721299,0
2,12.600000000000001,-0.06162156195820001,0.047623098526808474,0.1689188933651679,0.03339845562809278,0.024478975062920096,-0.01580963742367725,-0.03652409774898465,-0.16711697724940652,10.217174707036358,4514.069342344454,4485.241292853915,4539.841706669609,4470.8170644972,0
2,12.700000000000001,0.020331101711133705,-0.008631456714541734,0.0638677139880301,-0.0012714707837224292,-0.029018557822224483,0.006046109813603026,0.10488641418753622,-0.0029216405853985244,9.965023024317818,4468.634115429779,4499.212176201904,4481.264686347343,4522.409425203141,0
2,12.8,0.0015745781130997887,0.03450368381683063,0.10877104261578661,0.013832371502427767,0.005462368685872884,-0.07985698068091242,-0.0002786110666901238,-0.053309040201583315,9.741187208659156,4488.763975477493,4470.602232756532,4441.27984232598,4479.955708550167,0
2,12.9,0.009668972596207954,-0.06740885227137451,0.0015682236471624344,0.03800536848621929,0.020461131105044786,0.13148332072964233,0.03911278769327262,0.11675098229864461,9.665207053906443,4480.66979198934,4417.825793815876,4535.584364221269,4546.2097193945965,0
2,13.0,-0.0276588622673635,-0.012697585319861754,-0.07538621136909615,0.007653071029549832,0.022498650906064815,-0.13942175791048328,0.04094385306422523,-0.027667177171914543,9.832678878393338,4513.769820050229,4494.353926836815,4496.892394397826,4493.583744973361,0
2,13.100000000000001,0.04851581008941407,0.02093799800637483,0.022058353773736078,-0.025419034421845656,-0.007571594864263084,0.07189353282713394,0.0037696573123922905,0.06595314695891384,10.163302360065527,4531.158182076265,4502.794750130993,4484.6703248941285,4423.393512118323,0
2,13.200000000000001,-0.008419246123642627,-0.016300624790842457,0.03903661943953757,-0.0030781045394937517,-0.006407701188735887,-0.14235191444057765,-0.09399678291500665,0.047665104080055753,10.15318152622654,4497.074238487631,4509.834332207223,4528.574344708584,4475.673181913992,0
2,13.3,0.018340702164272114,-0.03702450531660793,0.08648244384910114,0.0030280609590346524,0.005969036279628795,-0.06260788779348712,0.0707032359610785,0.20847129212310161,9.608417660914359,4489.807229770574,4506.948224225042,4523.592186359874,4483.213611441316,0
2,13.4,-0.141651514507137,0.06795947470820125,0.07605061195841427,-0.034858950609733305,-0.012151375835591118,0.1254545943621861,0.1447796418457866,0.09386400226789447,9.774777513208027,4502.489622564375,4496.0722258462165,4533.847193498065,4473.724727805146,0
2,13.5,-0.04028998274421024,0.05051372934180079,-0.004436145551156164,0.027569347109076162,-0.013430244139610914,-0.004382268827106008,-0.09224129848439533,0.0007362681423567135,9.514290612600242,4485.370997371351,4456.912384052156,4520.817696995738,4521.49768019279,0
2,13.600000000000001,-0.08651313652421726,0.06669428727502864,0.2497415126419854,0.0009201277347268191,-0.012822285204492896,0.2259464472802437,-0.13189684983025107,0.002010646686909839,9.845924454526385,4540.354428613572,4510.792169253804,4485.040983126347,4471.464468888361,0
2,13.700000000000001,-0.01709109101230678,-0.05034636804725721,0.004782531978468295,-0.01128392359720973,-0.029880755865795014,0.1004116630699923,-0.04976725234290394,-0.12681368049753125,9.776348173102493,4502.05114697903,4447.605998232629,4509.949430013773,4468.585272939292,0
2,13.8,0.08555144045953939,0.02619802560383674,-0.03998999901093166,-0.01490335540634701,-0.002099354151272479,0.04902325932666318,-0.002549412858519966,-0.021715880713685663,9.82167405816358,4481.884232062891,4489.703822194709,4437.42622683285,4529.211786925571,0
2,13.9,0.014939889016088096,-0.03867279220167151,0.1898734981355239,0.001740329607847731,-0.020722871439503937,0.06853899371763668,0.03980482165092625,0.03945799854842194,9.724848879069683,4513.514871713341,4492.147251293367,4516.678243549375,4442.851666379681,0
2,14.0,-0.021693673148959456,0.08610775489040974,-0.07670674554003006,-0.012076765949863733,-0.008959226768999502,-0.09718449087109146,-0.22082807762282522,-0.023058639852361285,9.837171884816332,4498.42484794384,4495.653643141563,4501.2912261255115,4530.685244146523,0
2,14.100000000000001,-0.00952230929646084,-0.02870412885436348,-0.028112548488808634,0.011586935195135515,0.02824053757086499,-0.050251499133534265,0.009893378702888372,0.03383574419359597,9.611484398654236,4500.612515016388,4456.029784279737,4446.928490887818,4511.002392236767,0
2,14.200000000000001,-0.01919373706653914,0.010114020381060957,-0.0017894977008350054,-0.019528000973275946,-0.0009050860392867295,-0.09864810440118842,0.13909723580014008,-0.1355970344859964,9.770842945806285,4468.731852358583,4517.112635200824,4490.057058861555,4484.439998411363,0
2,14.3,0.04266007725257773,0.0014715295838776093,0.05166444459359673,-0.019626518730349297,-0.028096338878550137,0.008576636963210692,-0.03188463554947312,0.06264346724539442,9.794018309467491,4506.152260177038,4451.298524101762,4556.653108188428,4495.072740449039,0
2,14.4,0.03487934851695995,-0.041804583510981326,0.030800990221734093,-0.026056895270494908,0.009041356765193421,-0.028477926750866623,0.0029190503935567448,0.06979740301300975,9.563491937755945,4479.465248081616,4513.719728432603,4562.946644236403,4495.857529960155,0
2,14.5,0.029556805896196626,-0.005348573492924003,0.19422455947562997,-0.034944433339305116,0.0018924208933871602,-0.13004352268496489,-0.2506571570536717,0.029746205311781654,9.837899559229493,4491.454891867734,4496.814177298807,4592.948983022137,4492.254745859057,0
2,14.600000000000001,0.025506218062503746,-0.03246824098069405,0.029523257504060315,-0.00476467350111235,-0.008210369654594601,0.14551188257602599,0.1177184963184339,0.013674664739923069,9.349157612811208,4489.169723302423,4581.090826932153,4493.080150000808,4533.09652716161,0
2,14.700000000000001,0.07209712009763004,0.010948195792798755,-0.08418216318681523,-0.04870624663565777,0.013683264172179091,-0.06518048022588385,0.017615045188769215,-0.12498203395893642,9.75695249190596,4501.011571647032,4508.057807431329,4466.555334379427,4535.90732846284,0
2,14.8,-0.02984473923659857,-0.08372347302266227,-0.010902341996346382,0.0006875061805292018,0.003211788663435196,0.10897059229480634,-0.02364488367358594,-0.011961962436877135,9.589363123753381,4524.616605086637,4505.5292719223435,4487.399168181175,4442.859759196036,0
2,14.9,0.07222060975275438,-0.06138399822280286,-0.059127800936970565,0.007166890221520065,-0.02393115857233373,-0.11948078226025148,-0.21239475827006649,0.07209969529056358,9.700962751054735,4587.8181027742,4470.169348031074,4472.356469297132,4483.038210891438,0
2,15.0,0.012156732756924455,-0.023510166939265567,0.061233221400251205,-0.01957176779977309,-0.02763183436927162,-0.1438571791527286,-0.22235741679371968,-0.05180690194750568,9.749803937521357,4481.056889175505,4537.302173915615,4536.840906288244,4489.955910376665,0
2,15.100000000000001,-0.08969605565959815,-0.02833525540275264,-0.05998213939170615,-0.01314269924556116,-0.013954378077964898,-0.05227703165798458,-0.03865416158977598,-0.06355410988155567,9.85166450172512,4510.811061477146,4472.680647384525,4538.131959780211,4470.598130944782,0
2,15.200000000000001,-0.08089003069076686,0.019038903568252587,-0.08174081344143398,0.00642582941514776,-0.04807337202201061,0.1113964753186454,0.06722934080404022,-0.15004765491630018,9.514244575230743,4550.167977122926,4477.878602895061,4474.974454538021,4432.018437175521,0
2,15.3,-0.01753891028007771,-0.011385980741787642,0.07154930967694853,-0.02798156856368951,-0.030405735844812192,0.03607701078211815,0.10067300712270649,-0.15711523511178832,10.026302817259948,4501.126255244605,4532.75416017224,4497.893389154471,4424.331662475362,0
2,15.4,-0.007598369115801944,0.0530071909335635,-0.08937460190837143,-0.007759299378149044,-0.003522670071019566,-0.23196111038947856,0.16713475754374763,-0.09013756798971745,9.91114708649456,4497.398965915554,4537.728571690781,4512.181683672842,4492.95227185437,0
2,15.5,-0.044675754625964015,0.03989253506910695,-0.1873441303954617,0.01291780840551785,-0.021980895031097455,0.1001826929565312,0.016129954266269512,0.06441237678501087,9.826397762764945,4447.42868714577,4474.17812509814,4520.171680128342,4504.999674520795,0
2,15.600000000000001,0.05904949526528361,0.020163728151858587,-0.09667018907026598,-0.01592128275441268,0.0020583478104647442,-0.18512352528000844,0.16734418856229852,0.04417467363775573,10.055406919409775,4452.581881775725,4537.3369548106575,4566.944967330833,4460.3736493386805,0
2,15.700000000000001,0.03857008974518833,5.549723436465733e-05,-0.15444338482482445,0.009857679437037395,0.01667206409674697,-0.04809012421350775,0.1165916520255223,-0.1666763406789198,9.511048770710072,4504.097921867663,4500.761558339168,4478.502795347277,4524.287833079156,0
2,15.8,0.02654471571079747,0.0429069535467008,-0.012313643535226761,0.012051605359566817,-0.00891300606059989,0.16430549520692764,-0.08125457701219858,0.21052974294583124,9.816977589417883,4458.734673312938,4541.042380514658,4503.777041651849,4525.533722951407,0
2,15.9,0.061192795927129666,0.016897777707251264,-0.05922408448128146,0.019514267553385003,1.5110149091910961e-05,0.05486862548867352,-0.21537305737914614,0.044698171700985195,9.682282834970994,4549.5992891153555,4518.692620436673,4507.195732375479,4514.5892998005065,0
2,16.0,-0.049922042643835915,0.0811628345264027,0.19913704184169045,0.007858270210964326,0.031808071371472776,-0.04553185589380271,-0.07971135662249808,0.004092474872892285,9.89698820767358,4488.180399562706,4516.133045711054,4509.191684462203,4470.050796741269,0
2,16.1,0.025939650872586064,0.043176412126076064,0.017146931759039096,0.02305296206523385,-0.024348075869939038,0.03743603377054814,-0.11702807063967749,-0.11140813582330876,9.683813833252442,4471.738194492773,4483.560125437766,4493.575490678664,4525.1146345899415,0
2,16.2,-0.016057951935285125,-0.07928128533847964,0.11400678464951604,-0.01674180267230079,-0.0011744085420925744,0.03572292055525692,0.01996104184027828,0.10941795475214755,9.905800628678552,4474.160712609087,4565.35686521975,4505.830003900147,4495.579793201355,0
2,16.3,0.04819627115277855,0.012472547296503612,0.03992281929393271,0.049843679972013735,-0.005502428565100933,-0.025420871521391667,0.011657851201246381,0.10715159355810387,9.508693193961921,4441.033323255705,4482.386541881396,4450.982311228221,4487.2550595742305,0
2,16.400000000000002,0.025124984806464513,-0.044537443177613184,-0.14268265767813423,0.0013867432343069594,0.017250869692303408,-0.135597875081329,0.08202323983059842,0.08173062037383262,10.000817020431326,4536.554406446151,4566.060417739788,4489.317238541428,4503.287147402336,0
2,16.5,-0.02082192166240128,9.884223779053879e-05,0.1532873355636312,-0.026900289678613378,-0.01722099344331151,0.1101744749203649,0.10200365069020899,-0.0363131646817078,9.980880400224144,4510.236475274761,4545.008238270029,4502.235287814803,4530.768963416177,0
2,16.6,0.13210059552463102,0.029904957752373312,0.004932816579484363,0.014448939704419588,-0.007305617164077698,0.19103741644197858,0.01800710376959815,-0.027293332022551287,9.642862198995994,4532.916605748193,4526.015622384833,4485.079368857577,4517.293540353673,0
2,16.7,-0.07542779841064283,0.009248528753657814,0.04527563520766945,0.03414659619118446,-0.015416376054573789,-0.10226821030418595,-0.08954279609250418,-0.133656850031492,10.077331471551798,4546.459178850721,4509.606497338465,4536.638848370554,4504.018751417407,0
2,16.8,-0.004755582385038301,-0.016651880952688086,-0.03103909913775655,-0.030956031126180627,0.005285095272146782,-0.0032267128171235004,0.07453607240778758,0.009352349643860971,9.777459259686182,4473.864209099771,4502.164597104653,4522.147116924485,4465.699830267484,0
2,16.900000000000002,0.004373687684036963,0.011652147576474196,-0.07180647836182644,-0.011757126098160004,0.004612216975324289,-0.09067368146340984,0.03499237152493925,-0.08953543736592001,10.022570738606644,4570.134832361649,4474.177295948945,4516.02623587124,4478.197742853539,0
2,17.0,0.05204770868988948,-0.06326292045426075,0.048058675842771265,-0.017459779337787053,-0.004139691781967375,-0.08248202201178456,0.08223504708957537,-0.08369803544395871,9.920392851866366,4489.67705915213,4496.5658288460345,4504.432677222004,4477.145259850235,0
2,17.1,0.010518355677044346,0.07651672821772056,-0.07780947858327143,0.023436202865476898,0.029961952669755685,-0.06529239912224352,-0.1455054605090552,0.03019609001717647,9.700518495446627,4556.05809657489,4501.0442262149945,4475.934017758945,4465.585214669649,0
2,17.2,0.05449524795454152,-0.028559198704209327,0.004382879946042826,0.01911605490224962,-0.009685167038616604,-0.003674306299212851,-0.0016568409822520077,0.06833245115160919,9.928148867102065,4493.3965880623555,4501.909471844896,4488.846629654296,4455.671627792417,0
2,17.3,0.01288004286990647,0.0946095880416534,-0.08837191406910629,-0.015460594192054061,-0.017414555432874828,0.057967342297849805,0.04484854541964401,-0.015853769241645672,9.626396187672208,4502.771303749198,4453.061336179926,4504.302797005725,4526.145731582638,0
2,17.400000000000002,-0.0625599568316839,-0.07662591384148319,0.15794378916948595,-0.012235192790091698,0.02271895691887644,-0.012319813215826536,-0.016195481694132745,0.04384126994966453,9.633200228650713,4503.974914304869,4488.555317555277,4460.385196697849,4510.124462241792,0
2,17.5,-0.013165390343895808,-0.007851241422235391,-0.12101609434141579,0.03182800735525608,0.01753428372772232,0.07713247073375828,-0.0305444702441682,-0.17291828895034203,10.200583476497902,4498.167074759824,4477.536006119399,4512.504047234494,4535.013623640099,0
2,17.6,-0.0011525278042733096,0.06392875839696872,0.10829999385168686,-0.021527623748041166,-0.013475802113189527,0.0766029730623814,-0.2712612563810438,-0.014945569316498878,9.523833759675066,4485.703385956995,4491.035397329124,4489.252668662774,4483.432162436622,0
2,17.7,-0.054857182481440704,0.1145955633409343,0.1867462004161351,-0.02324131640512566,0.03164233502607135,-0.031957239237828235,0.012918747333171048,-0.006327395989691587,9.678050271749207,4529.515570308185,4503.776595917299,4485.7034573034225,4460.862316685986,0
2,17.8,-0.044679750685956025,-0.08206900578010484,0.0012223548415169466,-0.023933311845687918,-0.005311210250370825,0.10960814828882967,0.11992995729215856,-0.0032276894102617813,9.79258305477137,4556.39623648263,4515.622683610762,4490.165806203704,4457.219456486387,0
2,17.900000000000002,0.019693660908237164,0.04146618862914312,-0.06316515245136439,0.0058240551027606505,-0.007271465898300582,-0.014722591935920218,-0.24878220575623314,-0.02217814037161355,10.003873860481612,4481.057923333004,4501.57579104646,4477.321478799242,4510.813250288783,0
2,18.0,-0.010826159876808681,-0.046962077034100345,0.1332551467665128,0.018578640270644303,-0.012098135278563496,0.03982306475342219,0.053741200282038076,0.0642301235011176,9.471148820800986,4530.198196230979,4482.909031112228,4489.265161996762,4579.136452567806,0
2,18.1,0.01509366903605059,-0.01931612377235878,-0.2205294372755906,0.027795282678927113,-0.02690419341617205,1.4197248877200397,-0.03313522990878492,0.14164117917002925,9.964647997333152,4495.264874704792,4509.248761909164,3281.9884292138668,4504.189610686961,1
2,18.2,0.003666837238906834,0.04843849478406767,0.09671781224389496,0.009879547644112896,-0.0072469511509220454,1.5593457835512101,-0.009196846620304662,-0.1081914368713133,9.729342441617813,4502.53580951353,4527.306473509942,3294.4941548352854,4463.724038662812,1
2,18.3,0.002837084164840971,0.0056728020028276194,0.018583762890275305,0.018397430319088606,0.02037846480179797,1.4524631302094666,-0.06161434580489435,-0.10401987109554732,9.949763134056095,4543.464603250131,4490.5475421627325,3292.7570830582504,4544.003476706969,1
2,18.400000000000002,0.025277892660750385,0.021811785240052756,-0.11909165059737269,0.01357456138558838,-0.018582726810195165,1.4092783851252033,-0.03467715767667122,-0.05857927234486902,9.765680061122993,4456.770550964253,4528.76448919403,3333.830588835493,4441.579725775776,1
2,18.5,0.04892289028332751,-0.040526431491081316,0.08569755369827861,-0.0013689298533283128,0.0005755112816199717,1.4851921880463026,0.12121292042334862,-0.12395880125250283,9.931568067747003,4533.039904946687,4521.490202416212,3369.7409674297023,4484.131597118259,1
2,18.6,0.047865241129676564,-0.005304531767071016,0.12334060763526696,-0.0001537799144273895,-0.007757515637249392,1.6044857763097302,-0.049156193901893006,-0.14127257589005562,9.706630623365236,4518.570988397656,4541.761162547613,3303.3338812588954,4539.545912017021,1
2,18.7,-0.06790874607387969,-0.022163173240895145,-0.02885751171541012,-0.002291188549450393,0.0016818877650039302,1.5552728765913755,-0.04448068381704903,0.01390286869531256,9.80097542193519,4472.223302883265,4496.589999327557,3295.6902141030864,4495.047583049909,1
2,18.8,0.0015879728290725374,0.0037836770306693066,-0.043229517910733026,0.025454294679425296,-0.023389612584060332,1.4423223913224084,0.2779963624223556,-0.103799135498923,9.53924906505805,4522.034302350036,4437.686404386784,3292.941782700827,4564.374747752295,1
2,18.900000000000002,-0.07724679610767003,-0.09909822428693567,-0.14991812019576983,0.01796719136693971,0.02249553439971625,1.4589928962417194,0.06832124040010688,0.13902553275119897,10.167469282885966,4492.609941564605,4430.9558484699,3275.3736323277094,4487.195874151942,1
2,19.0,-0.01294693982891953,-0.009392970050435975,0.11188945979306693,0.02548856853375163,-0.003433473078495667,1.5878787900841456,0.03576613666310894,0.006450597286257172,9.991308831421993,4502.167561447138,4561.734335312933,3256.847664996163,4484.544873027239,1
2,19.1,-0.0063259448476975155,0.02197263452289953,0.1267960487103089,-0.000487971344723133,-0.028444592990124144,1.5674011117164004,0.07549587661419645,-0.19418586593794063,9.80923917326584,4452.295745079591,4480.060467074938,3272.915732191116,4524.27794094726,1
2,19.200000000000003,0.00584150870860919,-0.06427955003780138,0.08800659629573424,-0.028676116478568287,0.0066022758094188725,1.4348791464566755,-0.03656770825305199,0.0504270748038384,9.914289879811907,4540.109072206679,4497.532389009856,3309.1935258889002,4486.86788032787,1
2,19.3,0.009099494131139882,0.021974302400425586,-0.009830984745437601,-0.03607500968184993,0.006629417926617907,1.5291649181884366,-0.0680173476347951,-0.12843870360725143,10.105175830100794,4514.743365326832,4493.127569072349,3265.8890135055753,4475.34555514736,1
2,19.400000000000002,0.06512951983931158,0.006883097043402305,-0.05505870670007066,0.010193784624493123,-0.016287963748926475,1.6200674424224302,0.1352800534896725,-0.04665740712027766,9.684265950593828,4421.456004039232,4455.552576853459,3259.8159067512674,4504.055710229622,1
2,19.5,-0.016311685222067978,-0.06726677437076208,-0.02811640424645573,0.01010674295294697,0.010556786998311743,1.3480263775312895,-0.012826348048383084,-0.13833407769716105,9.990345739428056,4523.524392490605,4473.059183210266,3277.018643927988,4486.161988485051,1
2,19.6,-0.11263966973656697,0.016798408672028833,-0.027284454634013074,0.019403501651357184,-0.021968184359251054,1.4504701641400055,-0.15065252580391153,-0.10042905634942532,9.573603600786356,4529.879210365393,4479.052144537458,3303.7252705423384,4488.577097884146,1
2,19.700000000000003,-0.06347326330064065,-0.008415021158582135,0.059910333186359466,-0.024155187850867045,0.016182255814627577,1.4320223262817844,-0.04829839260728408,0.05306831230100478,9.677312768556103,4501.127245780076,4490.559275136357,3303.8810402011145,4428.577826834295,1
2,19.8,-0.09148409076040415,0.03079835030234191,0.10371814056490503,-0.018209734070630427,-0.004880567043422687,1.523577540232184,0.06932176016587042,-0.20276772716708488,9.632791950604325,4490.022618604504,4521.094205917081,3374.952914511645,4493.1598281957085,1
2,19.900000000000002,-0.07034887310519944,0.020113403860064903,0.132099578954071,0.0021602824195900185,-0.018132970903085858,1.5766395153184014,0.0663545618498435,-0.10260808441956244,9.88628512350687,4529.917967029766,4535.456701276767,3298.0065307407162,4489.25761661462,1
2,20.0,0.06136369110406314,-0.060508025149044256,0.04385792909210054,-0.027400532547288584,0.021307525445192054,1.4793563587511072,0.12685832356474694,0.049141275635552706,9.565355953987615,4542.738831962317,4546.537357992832,3326.4685947779763,4477.152364048913,1
2,20.1,-0.015300697717870444,0.00727136087028797,-0.07037103993314334,0.033846931449264095,0.0028865294345207368,1.2837321562314115,0.03393558127562204,-0.034815739681731316,9.79501468877631,4488.941419026429,4524.2113924982,3333.5906333566013,4508.49159486776,1
2,20.200000000000003,-0.016965559356907953,-0.0020668602404585127,0.0019599616577628295,-0.01604860079729674,0.011578572971424696,1.5368033859088372,0.15404412397766734,0.1255349780288475,9.672865016481975,4524.608951235269,4471.471398507166,3320.8779630282256,4484.501574037196,1
2,20.3,-0.051162661168779225,0.014002267134870223,-0.2674567128154141,-0.03501951148810456,-0.0035498376754856636,1.5065953413307873,-0.03693187701581889,-0.1579436298717599,9.646421631572299,4511.736279817122,4517.453453118851,3299.5133064721217,4534.705013431109,1
2,20.400000000000002,0.019869851172961715,-0.03737278269791061,-0.02805020534116174,-0.028057323144157095,-0.002162779807828335,1.588968049537707,0.06852900847109679,0.14020093259191221,9.749422951240202,4540.382993835427,4494.200873206561,3344.1475524770967,4499.344297576737,1
2,20.5,0.035361568690213833,0.07375561821549279,-0.01934276285812056,0.0043677797508834834,0.025777268504126045,1.4893597468855948,-0.13208922825061611,0.214300705458491,9.716047107132573,4504.762681528126,4534.680200083534,3281.745182888064,4469.763962603336,1
2,20.6,0.012686864838741659,-0.08965381989561949,-0.028790607686792025,0.0049007732863081185,-0.005399037936503283,1.3765239245451402,0.15941779562040123,0.010353815394917538,10.096230423552349,4492.198912494587,4473.599640549277,3308.075427607655,4493.526386210154,1
2,20.700000000000003,-0.058888072899567906,0.07348921293937478,-0.06222702228939961,-0.03680532769591137,0.026563321079146655,1.45965615873499,-0.06078238926156243,-0.1765387587029974,10.158188297319398,4461.31558238371,4501.75348442117,3327.3786096762133,4512.651507990093,1
2,20.8,-0.0029827155996095802,-0.08508329291437082,-0.0809724835767284,0.0037560067608504405,-0.01574348139973993,1.5162687567999014,0.06817434088151418,0.09625028858001017,9.564764128437464,4565.8993816493685,4523.024380336624,3299.948575389928,4532.686097492299,1
2,20.900000000000002,0.11827038859999868,-0.07193600505284348,-0.022526264249135362,-0.04756863319746657,0.0038530306529604937,1.5292315393540112,-0.003916211544275943,-0.065453357099831,9.400097096762336,4511.206010502353,4543.66303451746,3282.2694463279972,4513.2017978706945,1
2,21.0,-0.07840721567100253,0.022860653184625695,-0.03933822977446571,-0.015248359012058288,-0.015207272824322611,1.4685110734373592,0.038243331569253546,-0.13121632011955178,9.73057693368643,4498.755846660026,4467.028823264044,3353.8999560502507,4474.39513559816,1
2,21.1,-0.03347184568167452,-0.0489153974911249,0.17984800871381176,0.011058104571989632,-0.018731840124872844,1.5884985247087975,0.020069869428887832,0.02572534211115017,9.74110455824951,4477.51752039129,4510.132982971638,3283.647383100132,4554.502668887253,1
2,21.200000000000003,-0.0634645552621552,0.07680783864274726,-0.01113188487978007,0.005981714680422118,0.01666315533258869,1.449580056399645,0.08642483846986365,-0.27075438553811776,9.666002093355612,4472.278115779768,4462.3948196288475,3293.5513548576314,4511.572499045451,1
2,21.3,0.03513299992496529,0.012043837860020381,-0.06656934648935468,0.007380328756503343,0.002485713897017014,1.5748844934348813,0.07769367029315166,0.003047641392062887,9.63054939876775,4480.411495325037,4483.506319210859,3290.5420099825124,4508.041512827693,1
2,21.400000000000002,0.03575871950640292,-0.002555934650768883,0.0016124787900472439,0.0028661261000000743,-0.0103181062626468,1.4259686193885635,-0.175543789731071,-0.06951493580768724,9.904629090653557,4478.912656858813,4492.865788877222,3313.9929386223694,4515.62068489268,1
2,21.5,-0.053976642608301956,0.04985296782268207,0.11273500893554854,-0.022596997144371196,-0.01647673739282308,1.5952872546516954,-0.014685352125530089,-0.2219777947451851,9.530063699053462,4492.518911244825,4465.108720491462,3287.5972868809067,4500.971886410507,1
2,21.6,0.07311273020173645,-0.014522695811389453,0.10725417995727589,0.02857520324073541,0.028686193387041523,1.5227803674708456,-0.19632891478389744,0.04608248654038653,10.019679977562708,4497.567986836937,4552.337516102258,3325.7950068440236,4517.048201314584,1
2,21.700000000000003,0.0543190355602919,0.016668492563043907,-0.24928104993953537,-0.009982779029407312,0.023943360544957073,1.4353926927921363,-0.022347250523693917,-0.10448363139030713,10.166784519040354,4550.44477372254,4473.483933145778,3304.4189400116725,4479.585178567078,1
2,21.8,0.030747231951568907,0.02548415386211645,0.08117055716132655,0.006638368954157746,0.058708124127769365,1.417766098799141,-0.17106033544365143,-0.03930902007014615,9.496402346887947,4455.22613189982,4469.960560374061,3272.334332837051,4471.361456941499,1
2,21.900000000000002,0.025910947522270578,-0.02530945305426681,-0.017951457487248017,0.0178846554900187,-0.015326450495628526,1.4788363281036223,0.03657599860929155,-0.19415678006202214,9.333018898209884,4510.383519863932,4514.760428417007,3361.9266040455723,4504.7428462760045,1
2,22.0,0.040986985862904744,-0.009773632179298691,0.029722722158508637,0.03334513683499068,-0.04247985636251271,1.5330893006057345,0.21355867300773662,0.028203421920934252,10.14011459264657,4481.123635514116,4499.038575175088,3301.0057410716577,4433.472267619237,1
2,22.1,-0.058408891392510015,-0.054843753969199306,0.08220660780325274,0.0174430621136811,0.006480728854130666,1.5659282317484564,-0.016414941272177394,0.12019316695395432,9.811757688526415,4501.735921422803,4492.032221002128,3320.5335143290927,4487.364035501612,1
2,22.200000000000003,0.04882156885990341,-0.056607457035800335,-0.10989162547281939,0.013748535102530084,-0.001770884291660254,1.4636886867077497,0.08900577324754598,-0.06072614140860845,9.769959749139927,4541.976838502134,4546.174270374319,3347.17194630811,4491.536226691983,1
2,22.3,0.061535145249223516,-0.04744764138843391,-0.0906902874722061,-0.047009117052487226,0.0334573640379706,1.4308816120739136,-0.012653257974705998,-0.0910324341928284,9.949033049666028,4488.73099017848,4460.855493287011,3313.2498769255817,4456.988099255693,1
2,22.400000000000002,-0.04187028626577457,-0.10534445573130405,-0.1423958112197607,0.003570583394409557,-0.039290720762058494,1.3815083420302627,-0.00023689161328080568,-0.05436068960930526,10.208407327191862,4555.016896380731,4473.962326117466,3316.7141285521043,4522.478476706384,1
2,22.5,-0.02987394290122017,-0.0747770768249102,-0.0012298449308057614,-0.0034569134962822187,-0.008715289939412384,1.5353853494531589,-0.07507296070055988,-0.11519975475791432,9.831816594069966,4511.5791027770665,4464.700651682999,3327.8427183297326,4446.885565866718,1
2,22.6,-0.028905672935782167,-0.01290042680988045,-0.06362237126519298,-0.01130120947102385,0.03742148964616228,1.4319292728768882,0.2441221722471914,0.043712677973105185,9.8284110274624,4514.28721060163,4575.897832477559,3270.1922098820564,4466.387462431909,1
2,22.700000000000003,-0.037743309828596056,0.0016071573482280448,-0.17257711248125734,0.0004467847863721602,0.033870942668273445,1.5121125912499822,-0.029268545897527695,-0.06181604486836274,9.989702340910313,4475.225016802859,4555.391877617977,3358.000792431431,4507.702523959853,1
2,22.8,-0.000575754403832255,0.05153299041207798,0.10947985022273253,-0.01611983462118831,-0.01053110266273404,1.3942122052253363,0.040906493833405715,0.06666278834568908,9.540014872427745,4486.344032855515,4459.582382472559,3273.0360056926847,4516.530511806789,1
2,22.900000000000002,-0.03667410333391397,-0.015041297801614935,-0.16273117279473157,0.003739804194493286,-0.0008854663968929766,1.441683259997347,-0.018901429768247418,0.01802948805034444,9.647026370218132,4455.712123679947,4554.167232980604,3281.001818858692,4497.097196904393,1
2,23.0,0.05054198675101568,0.17645275937852423,-0.12444864498888658,0.008996544274530198,-0.014151045705882126,1.456896775633863,-0.072021202100679,-0.1125654967800585,9.801741727643067,4455.764919388553,4528.404226995356,3301.6500880810013,4512.673049187043,1
2,23.1,-0.023309430597311147,-0.018360196710587414,0.028756390516732813,-0.023281012648116512,-0.007159808688266717,1.4312309188897236,-0.08905688105910144,-0.21098382406256416,10.077865317896,4479.403837405387,4534.901281654907,3332.063769641829,4461.420008804505,1
2,23.200000000000003,-0.05442056178364229,0.1280251479677842,0.17509259419271436,-0.0006303702665620831,0.005147462128346988,1.449532287764225,0.043235271420034,-0.07171819007224715,9.403529247140323,4460.353326404668,4500.632782435518,3266.0679829349224,4497.981676052594,1
2,23.3,-0.05373305197164316,-0.03911769612509968,0.08531653064131918,0.004949610952802093,-0.00019328842626694376,1.570317117845652,0.04806085933473474,0.14465632912513676,9.718028147536973,4487.110950644174,4460.966722008259,3287.1305784788274,4528.9430968290735,1
2,23.400000000000002,0.0649993686131067,0.048015258404333405,-0.17941918665494364,0.02166290425321469,-0.03677037246544142,1.5718493859297877,-0.03677845265710552,0.07025333139338556,9.543510330421087,4535.135028981184,4456.050757616853,3279.946352674405,4470.057161166929,1
2,23.5,-0.08771424264112496,0.004726378379423419,0.18060891178369615,0.05333810444640018,0.0019431157417249554,1.5893345020054017,0.023209463792853723,0.04988831947682128,9.741570269774552,4505.852307762678,4516.124361138193,3282.64620813371,4497.67517100321,1
2,23.6,-0.0029215059498744122,0.04132016586652623,-0.10660321716276806,-0.0010308441721530311,0.038240109381053954,1.593124812206875,0.13491790488887054,0.002443184017803416,9.874199512737205,4530.067085001087,4546.807665885928,3241.4519126135133,4460.536760788505,1
2,23.700000000000003,0.06547220507013239,-0.01384446778844018,-0.06717207892580773,-0.025083219739912076,-0.011100334030882189,1.387810457326094,0.20910942727324772,-0.002243605198057349,9.798409891647458,4517.642300255035,4528.870355077997,3328.3766446966392,4532.208658317227,1
2,23.8,-0.03154227753954282,-0.014893340247843063,0.07690316554422755,-0.010547781232792399,-0.00010213264054450045,1.5319011011539851,0.07851850823103762,-0.17776809623702014,9.952949129977789,4492.988278264448,4521.223731325931,3323.3079507706448,4548.237451833575,1
2,23.900000000000002,0.06767268238106015,0.0673285831305148,0.14436703191662384,0.005827579696318919,0.000643701740736794,1.5698253666542668,0.07320809514330225,-0.030906623673826017,9.890964681761654,4498.947105996463,4474.382012746199,3338.7138222412905,4501.655977275903,1
2,24.0,0.10243541288494254,-0.08127461350999164,-0.05567787728433663,0.0006527767338174285,0.022747621952578283,1.5319575498081748,0.031047275418075143,-0.11272637925541472,9.578611720554106,4509.675139808697,4459.076820185449,3284.0436674913203,4515.027519872576,1
2,24.1,-0.0491162136138388,0.08026779811809033,0.12239363442378902,-0.03142839996676601,-0.018647424863639742,1.317137820440404,-0.07825913625481333,0.07663884765723994,9.72722101154503,4513.823917308479,4454.3299704515475,3323.939257637457,4483.34672316215,1
2,24.200000000000003,0.0006084841141452599,-0.0046437250696526365,-0.1271548520892284,-0.023061686634795648,0.01935588938006852,1.5319193726001357,0.10500490415534268,0.032465823550251835,9.838598126961843,4448.219681439997,4491.888999097165,3299.1784703878875,4558.593215948177,1
2,24.3,0.03434783160493387,0.07680305908547642,0.05975377058947282,-0.014226064538989587,0.002342484322997027,1.5188978917011386,-0.09391555697706817,-0.03843873765929212,9.768846601264567,4548.1685949769535,4437.57778423827,3336.1745526214813,4471.896142951218,1
2,24.400000000000002,-0.06860395936348071,0.058997106501923205,0.07318980692343811,0.0250903740476238,0.016014038950911535,1.664787600138992,0.05587238369444854,-0.01564773761231585,9.87858527546427,4537.304073850379,4476.6187402421965,3280.4433425240586,4490.731199562063,1
2,24.5,-0.10522913993826662,0.0069039204208773425,-0.18861287039510263,0.0010611862586523808,0.017305795122704998,1.4618498831484932,0.1677115870186871,-0.1460500899418488,10.048252136326367,4520.2541116922075,4448.519002550679,3381.323828971216,4498.087641434881,1
2,24.6,-0.04387420110778159,-0.07035435973920084,-0.022001802765967405,-0.0025481374477991947,0.0020529105707932883,1.4761763075020833,0.06332253101150935,-0.03876298326632464,9.423007176551906,4495.519155130511,4428.975670398801,3310.6131189267417,4470.620993091521,1
2,24.700000000000003,0.008168017745790025,0.06570374907623021,-0.09487486952680002,0.02122512517024236,-0.008667791333723064,1.6402555841652469,-0.036515261319821336,-0.08404929855066914,9.947447690079057,4486.926308111291,4474.75651457613,3285.6648044788863,4498.66180403451,1
2,24.8,0.06710900656224271,-0.09670438727297886,0.0023080658950420676,0.01249807189308086,0.003868971499835922,1.6047892135546826,-0.007434532975852426,-0.018455144218594517,9.92846590940267,4502.97941444854,4488.287737851586,3315.4843211875914,4480.4241512035005,1
2,24.900000000000002,-0.030558857600966355,-0.026399701088280682,0.13530691601664074,-0.06442032711971427,0.007911976695258846,1.5027417451360179,-0.16808704592381205,0.030972677913600224,9.905150398366306,4517.689176940722,4420.445158108651,3340.991682355633,4477.867898859455,1
2,25.0,0.034328387337658806,0.0370536890341143,-0.0876697085619293,0.013209199047031007,-0.007709864818247164,1.3342898256529474,0.1167741925527779,-0.07750449630162398,9.639101307452389,4487.908023958898,4508.167101759822,3298.2818876753367,4516.442007741215,1
2,25.1,-0.06697446832643295,-0.037119318521536736,-0.011599707232153356,0.037957745853174116,-0.0022762507682751614,1.5868177810929305,0.003855516878431771,-0.04836586374375685,9.760655115177112,4494.947408639134,4518.109372168822,3341.238338027297,4510.7904254305895,1
2,25.200000000000003,0.05935388393708777,-0.04823948688148428,-0.04146305088140306,-0.014486050684153335,0.006288891817497051,1.4712833291856469,0.07297729370341954,-0.09310017116324415,9.818606194664257,4520.605737330367,4438.0409167487815,3363.648939219906,4491.505443453604,1
2,25.3,-0.10125199568380866,0.007904694928839301,0.003344346797315094,-0.00163788759144986,0.019823822258533325,1.5597955977141644,0.02978761910238452,0.04501556339466477,9.789128310112384,4553.264725477202,4455.624119449267,3304.189550226477,4501.950738935663,1
2,25.400000000000002,0.04066402030322965,-0.04219269387124497,-0.17436726023965363,0.0031364603219638638,0.005624609844372083,1.6191679527558118,-0.12703620463250861,0.11546937667167201,10.283482872805426,4488.667053374325,4461.271733415203,3287.790769008799,4500.420149021142,1
2,25.5,0.028189393750345734,-0.029569736491902372,0.1555198534147342,-0.022290646300161233,-0.034784103043456,1.5885368339429853,-0.22746210312061999,-0.020412976887271617,10.43353622584161,4499.638693411202,4466.376970479112,3298.278076086396,4498.475976341414,1
2,25.6,0.008032497017655826,0.03311314910798099,-0.10391111683677393,0.033750961104735876,0.004902285687452357,1.5581435237121444,-0.06281493997556425,0.12863821369955336,9.758589518237388,4508.326575404806,4472.006817684387,3270.092051207936,4520.646159193587,1
2,25.700000000000003,-0.022180341510369298,-0.04269115437521886,-0.06431833420270304,0.013979061434348423,-0.012580757224072219,1.4905876054718268,0.0015027750287097009,-0.1917348886010299,9.515774718925297,4510.088336677427,4477.889119165419,3331.7017473384126,4529.004213127517,1
2,25.8,0.03595843331777186,0.09098858936562988,-0.008308932774318312,0.012977638518076783,-0.011688019531920621,1.696189593029498,0.19836336524360196,0.001188043451779194,9.88731724598104,4540.778927980944,4495.585814855577,3280.301277876009,4526.219692530207,1
2,25.900000000000002,0.003921962304183505,0.00914972248226302,-0.08342713430679655,-0.03435344296726793,0.004722848197582021,1.572396963319536,-0.022580674907604185,0.1436429519558867,9.669216734916892,4468.358866351023,4497.983090784116,3297.522222739461,4523.099061940056,1
2,26.0,-0.03874814120319924,0.06840471184074491,0.1966916962508254,-0.0007828805393668376,0.024994208403686373,1.4154802343499793,0.1075221541181916,0.10472764085594627,9.982687456037976,4499.533107333891,4411.372531762739,3280.748185690436,4481.222519469462,1
2,26.1,-0.04891274690302387,0.006112150227353311,-0.04189634455212347,-0.016492240195300437,-0.021176002964956395,1.4427589611611817,0.11214992118499284,-0.06610250546274941,9.707012258713346,4486.299071549302,4510.169805414283,3313.6874846558558,4408.660303822705,1
2,26.200000000000003,0.05108176069138041,0.0718184017121877,-0.10501865373616695,-0.019445964894696695,-0.00900506775556543,1.4395196784434716,0.02239268739466064,-0.19465252863588645,9.586414478392653,4546.175916005247,4472.15340097956,3337.3028483430876,4510.660145867704,1
2,26.3,-0.09046338572941291,0.031766459760810314,-0.011766730219285336,-0.00910934112499481,0.004899141863440078,1.5379706788453433,0.07075918219746195,0.11782528475480024,9.891627182555672,4458.7309773364095,4485.790636270464,3388.2914500580587,4521.734731811452,1
2,26.400000000000002,0.11846436504057485,0.06977170410995927,0.024180207155574857,0.006028141395622348,-0.0007316007975369159,1.36097563073228,0.001804725246822428,0.12106745525421972,9.69007200103576,4512.358589971855,4525.547731376796,3272.7095868206256,4486.46091406969,1
2,26.5,-0.050895574523857956,-0.041108280334470344,-0.12876052836530613,-0.018008969227560536,0.028389113615956783,1.4267618376727766,0.012645921906069005,-0.050286875367095585,10.045773187407388,4539.334868898109,4525.922099464168,3309.1840365930825,4493.068213894773,1
2,26.6,-0.059593735209562494,0.09717644405610987,-0.07596730177525535,0.01327292694065683,0.021191311452467946,1.4555775602475736,0.10380125273159622,0.07642132033388555,10.155592767076353,4485.919606007199,4461.424079481609,3284.8353073366648,4506.26560627603,1
2,26.700000000000003,0.0029106363542528236,-0.019671894813727525,-0.1909197458977243,0.00940965992258213,0.039446889581644,1.5371400990498403,0.06091355190535136,0.057244530615510186,9.88940933397648,4527.949979006043,4511.86121043557,3290.6196849104017,4476.120332699737,1
2,26.8,-0.012448682764033762,0.0157064748225333,-0.03160829611229734,0.00628677366262861,0.00878300267400835,1.5666543545016145,0.12827949688389803,0.007800741847885751,9.548444686970468,4489.646877095424,4501.321877022198,3244.926937314687,4541.659935603075,1
2,26.900000000000002,0.007118895625523314,0.019067641729014248,0.13655264625262659,-0.012602856602846936,0.011480838617680603,1.4912108701518452,-0.01840868670159194,-0.07721923878043793,10.143120642737307,4488.734998797733,4520.983927406871,3243.7497783758417,4535.399655890694,1
2,27.0,0.05261055779785293,0.004871705514865152,-0.022694246613792435,0.008000000112271328,0.045775813217605786,1.358941064087721,0.07820273875741277,-0.09116173021539026,9.806016320740055,4492.56359642764,4487.150452266067,3299.686046128418,4465.974865641666,1
2,27.1,0.05145902180639836,-0.08970717555993002,0.05397645128283421,-0.0065307170506914225,-0.023418497876149073,1.5161906696478957,-0.1556951086706478,0.0039713821719634685,9.52542461843769,4513.838162529535,4472.269279991088,3286.4701794891207,4508.8184816382945,1
2,27.200000000000003,-0.0386271055921118,-0.0028981999834151264,-0.15138305012448539,0.012617512071923112,0.03529827611101543,1.723376709432797,0.009116814666643918,0.07882041407971868,9.453874865418502,4545.082029789168,4523.286855141723,3285.481996651463,4537.11542400867,1
2,27.3,-0.012723803832267075,-0.022901259150727826,0.047533492542749134,-0.021267089996606373,0.020432495287998963,1.4155208150458525,-0.10500547898231863,-0.09096897884083344,9.961900007503225,4481.496739154409,4459.560126468985,3281.829600001926,4499.0387288795855,1
2,27.400000000000002,-0.05904862418321928,-0.05758405545171718,0.21112963340995844,-0.01721130807627774,-0.006460847375460136,1.470621039936057,-0.04213568077704419,0.06213467399691023,9.99962859009441,4490.821367054053,4462.9056514022295,3338.233206835467,4497.1397672641,1
2,27.5,0.08651609074285843,-0.11227929487825815,0.019540322128332028,0.038372126677524154,-0.0070652827087631645,1.4819605261332292,0.029551169159033875,-0.05587958188849573,9.747585613589454,4489.865547174258,4481.1773779672085,3336.865696506017,4513.832340968893,1
2,27.6,0.012531411605165103,0.04042855034450584,-0.026435583320346692,-0.01548407636705801,-0.012052486092291148,1.5001426432883687,-0.1059211708372902,-0.050026101658667554,9.706776671625713,4563.73668689487,4416.785551801982,3294.611408357831,4551.770813784443,1
2,27.700000000000003,0.006092223206622699,0.03767087367105464,0.009982631509976792,-0.013346667624329607,-0.044838318690178264,1.5164364549629041,-0.07756066046023913,-0.08003354061653038,9.710202548804178,4552.345842198705,4572.145126267619,3306.516238125852,4486.056983282649,1
2,27.8,-0.05886132087256052,0.023427008077303454,0.17829056000651441,-0.0049468077405031355,-0.047579920815064486,1.5536039737452418,0.09853997114500496,-0.15858456403858476,9.845296836732592,4513.536780484083,4497.806780939732,3276.2768724274392,4530.478116706907,1
2,27.900000000000002,-0.02016898729843413,-0.07425930813499661,-0.20494744856696812,0.025216990399986195,0.012333279529422366,1.5070378837703335,-0.044027463685080356,-0.052899841420312704,9.594852670311678,4487.056330663204,4436.397383546395,3277.9180903959445,4490.671874509467,1
2,28.0,0.030494002359520947,-0.0019963231686681887,0.07949231138755591,0.02698270210226859,0.021163401876482035,1.5376407877902845,0.0011862679180784205,-0.09807880084135592,9.957988810275864,4550.392421466646,4510.263181189513,3357.5177744527837,4454.232848758167,1
2,28.1,-0.05770816923897707,0.04276007538741313,0.026429021015325106,0.026275643531436153,-0.00030943281453479156,1.4305619661977333,-0.02135932422050425,-0.15326839709237342,9.584281865380593,4529.17331993754,4526.183622434089,3310.8901285441825,4448.367674371186,1
2,28.200000000000003,-0.01792017877564443,-0.06124999443300253,0.11765332537877654,-0.011674442671252026,-0.02171495421563099,1.5023836932097139,-0.06401544568346118,0.1483743910203707,9.663037820493162,4458.023152223261,4435.412594527274,3299.0764049275977,4483.142096584263,1
2,28.3,-0.07144523032558635,0.05946132306278926,0.06672451474292419,-0.0005643575787445955,0.027286524883417332,1.5530028826718891,-0.08228559015184324,-0.10392201639907661,9.973596308890773,4511.8910086940205,4505.09243303912,3274.605065913933,4518.238427010173,1
2,28.400000000000002,-0.037774944156697465,-0.005099332729683899,0.144694414638698,-0.013216684716202916,-0.03145978514145722,1.4157962246503912,0.09942988266876233,0.02547311373802095,9.78422452426225,4484.727185840653,4514.560797226596,3274.526854470293,4509.169967059278,1
2,28.5,-0.03656272844064785,-0.0448829692637527,-0.06374874348250117,-0.007508148929679238,-0.0009765967186740633,1.5188364636088891,-0.3688365291428444,-0.08076505577467649,9.731686004528793,4545.15186115825,4467.599921748536,3304.8838985429975,4544.850909292075,1
2,28.6,-0.06564842649736365,0.01969876129322012,-0.08022718339345204,-0.01009267484578469,-0.01606221667906629,1.441451415326729,0.2721912147906493,0.08444558720716658,10.030347572357242,4514.759804605095,4451.812296347941,3311.848739109699,4532.18788843522,1
2,28.700000000000003,-0.04266997370195558,0.04826633335805633,0.07043362098540788,0.0370408008962734,-0.008355660250272377,1.412191121417942,-0.03616281093725456,0.14355709931636235,9.444318823831608,4437.948728537069,4502.681858367949,3286.7223212167755,4500.23183679527,1
2,28.8,0.04726558856179326,-0.027628467305942622,-0.18730058309306208,0.040889631143998885,-0.01994456574877552,1.4152770302390323,0.11037200137225965,-0.0384489121041518,9.797322029593039,4514.483703721809,4532.5074930933,3289.996179204547,4545.598560177429,1
2,28.900000000000002,-0.10678999243674028,0.03798936184765386,-0.08395275580176574,0.02744542633215983,0.002840889576610905,1.4461675734392478,0.06628410930216326,0.08931883472072516,9.938378824571728,4469.109112811008,4485.479486291338,3299.877814886357,4498.762210420498,1
2,29.0,0.037487273771917386,-0.10074506162533042,0.03343270545535034,-0.005799627088732799,-0.016770012327679044,1.440601057778432,-0.021453766451796363,-0.3601085104459518,9.66974208584169,4473.725555260611,4515.983496279679,3275.834199524684,4493.546585994885,1
2,29.1,0.0771138313830651,0.04971757599077117,0.09022713999434527,-0.009997448608217037,0.010860645585793048,1.4812881759637124,-0.01960932106769379,0.040968534374654975,9.690601282315814,4544.790093133296,4495.196095812062,3318.55081698779,4543.668014377719,1
2,29.200000000000003,0.051582688728758756,-0.07044595513452623,0.04448958950098843,0.017014387889212938,0.017837260443214976,1.4109364132708295,-0.0657035237017324,0.09945582357416216,9.657647925863472,4491.00911830007,4547.276274285059,3298.5660224884564,4478.196775864984,1
2,29.3,-0.04388086784314526,0.016635966479259398,-0.1333148008477209,-0.004946719277928363,0.006664610699800435,1.6039319856438135,0.06675480803699957,-0.07140651179821787,10.045683863512744,4491.014548873575,4462.928909338518,3294.8387592220356,4543.145076034371,1
2,29.400000000000002,0.00826200250324626,0.0006260932164893169,0.16372116447028534,-0.02862709694108854,-0.025711982281055448,1.3707322823226535,0.03726481864800551,0.016649312711512453,10.118547273455956,4507.304252314103,4487.875285215621,3300.0538461863434,4503.531222553829,1
2,29.5,-0.08358806366640836,0.13551658221674465,0.05198710181019115,0.004200166160451781,0.012303279685571607,1.5567528784469284,-0.01405534855024317,-0.06312411362407006,9.92989013726434,4511.571325215944,4475.703297027318,3342.571068341018,4508.80056108969,1
2,29.6,0.03649096811338153,0.06959604438399596,0.002188882116483478,0.006339040139682307,0.01620054477012233,1.4420111132959958,0.005405166284600094,0.01255485866511483,9.618788289663321,4569.529103660217,4457.781196695228,3261.056882889385,4539.426797271108,1
2,29.700000000000003,0.03566331253982712,-0.05129824087403889,0.06072890151016929,0.029357008899946194,-0.0006052611519397151,1.7079058320059666,-0.17240618108680356,0.06938234538591022,10.043305667244201,4526.7403170481575,4493.869328200631,3291.2867555396656,4513.324355132618,1
2,29.8,0.04078772433260347,0.030123671814118166,0.10400578907933894,-0.020377399141334705,-0.004555419582472693,1.4247987254300996,-0.038611277608614165,0.10152208918143053,9.831596784145047,4578.2057748944935,4505.802191015691,3301.790756417392,4503.185487583207,1
2,29.900000000000002,-0.0318904346429968,-0.0028918306188796873,0.11277880271116458,0.002279413362555447,-0.015869194597669427,1.425993230361709,-0.045020189166584346,0.007386343441088038,10.048717307095252,4459.785340759007,4490.4052116633375,3304.3293005830524,4444.988826971117,1
3,0.0,-0.04167991414832032,-0.033994426986809316,-0.07959703738504983,0.003837790900432948,-0.003211192190035948,-0.044422888208082906,0.042796262655263505,0.172307471764625,10.13785130334835,4442.31684683813,4517.312165515054,4494.659301298085,4504.654660285961,0
3,0.1,-0.01991415167712743,0.005879431494360113,0.015140739607201872,-0.011579035146978462,-0.017927350956503618,-0.035895654609558736,0.023425926445676558,0.05989963416842641,9.98066979546803,4485.174299307992,4508.515337019082,4528.875077758599,4534.967846854323,0
3,0.2,-0.0029416427065761105,-0.011046586246980631,0.01911242338363922,-0.022994149457948115,-0.0038721902207101617,0.0595669118778504,0.06419471294437011,-0.027026760436388905,9.853543640217433,4475.26048979128,4521.104764446751,4497.665356915906,4491.721456449116,0
3,0.30000000000000004,-0.01808619180466933,-0.0031446933449929097,-0.04478776449319584,0.013162860720051267,-0.007905670960323614,0.1274371276821905,0.1465210503481381,-0.08915434898545048,9.823940853885857,4480.480301359914,4490.200573104342,4560.072824029344,4490.772857486526,0
3,0.4,0.018011301853871436,0.02706606470041392,-0.10006293724832407,-0.0171019094881841,-0.024120447428162377,-0.07087765871182215,-0.28500301093171826,0.05445824007936281,10.220838768251214,4504.434622171096,4457.511934219781,4480.716708513001,4486.2336946492505,0
3,0.5,-0.050879238860668786,0.04300913191975783,0.08102600443753338,-0.02310903587635319,0.01450162088895016,0.12214501308618121,0.19025582052295598,0.2865212023085963,9.62960147011136,4584.7266127918565,4489.373808344736,4482.226036338585,4509.812171246335,0
3,0.6000000000000001,-0.029103066704650623,0.019952207032326308,-0.13200771877373016,-0.0047750520412686865,0.025711644687233588,-0.004564903314492475,0.014159578673988283,0.04752586047173116,10.044132325863533,4450.343258634317,4517.535721555123,4491.955825822747,4504.9991368593555,0
3,0.7000000000000001,0.05299750848811882,-0.059709332570592216,-0.10126444414430896,-0.038708599194276126,-0.010983178835275529,0.10643458755030531,-0.012058718847346953,-0.1340124895654786,9.71286425108499,4455.364148895282,4466.244416948065,4511.664567307911,4464.783800210819,0
3,0.8,0.055631715260165096,-0.0035560145415168,0.008559470394452545,-0.005567459352157881,0.015456956770874464,0.06265279102216086,0.033505435191217146,0.05647891059076481,9.767582066015915,4516.266090207271,4489.863666735786,4500.066948664872,4491.760687519011,0
3,0.9,-0.0228609269659598,-0.03445558988608951,0.04676901038588855,0.026212118256269266,0.02342203943339119,-0.10052522687563484,0.12892030514068734,-0.031815850161792884,9.930146603029119,4472.813540038584,4504.25939741622,4509.411695486907,4455.46185624241,0
3,1.0,0.03041335831720947,0.06729675039191577,-0.017464794568162793,0.02720336261656026,-0.0037938698690481503,0.06796676248372938,-0.22185699659510996,0.24187777793134635,10.109091649048592,4491.4612348723895,4440.837329200685,4508.640851049165,4456.682233587787,0
3,1.1,0.0222426768778744,0.020578285958214097,-0.09414031690020248,0.022419340472287552,0.01611149405612347,0.07806586698308507,0.0008857703668895379,-0.14155240669137067,10.005574454442229,4491.888858025926,4458.30659570422,4540.56118097923,4562.982225615076,0
3,1.2000000000000002,-0.0020624064489601513,0.10795605773016459,0.009131472861134962,-0.007609118083327024,-0.012609169083709551,0.1309665926394194,-0.07801438813877719,0.07352693099749874,9.698167232988158,4486.190797122769,4530.907490819087,4488.598894611319,4487.8561386173915,0
3,1.3,0.05664023485874036,0.07986986466108116,0.06446898032842334,-0.013095395512478986,-0.01021216998595159,0.006393221099202999,0.032093006192565755,-0.09878659101397719,9.954607587915973,4502.565399889188,4448.528750440856,4472.132205526178,4484.87613979045,0
3,1.4000000000000001,-0.003642884442052754,0.0944639397751998,0.02381713061396283,-0.016815437797972503,0.004412616086143265,-0.028167019796310477,0.03247582395335418,0.05805676870356148,10.051846129444789,4499.271405129899,4549.168815827995,4527.240679876086,4478.776813655634,0
3,1.5,0.11049278328742321,0.016349725663504882,-0.08351245039722352,0.03305826102460844,0.04155555170396889,-0.002642021097564845,-0.050365026037559636,-0.017237495745366198,9.952946345503541,4538.335699650916,4517.114619925907,4503.051696254153,4544.940353109133,0
3,1.6,-0.01564182365257611,0.05154596691834536,-0.028806279835127863,0.008620459160217862,-0.00227125129580903,-0.004468174612224869,-0.03773865174622099,0.13448540311806945,9.663414792378294,4477.7930324235385,4563.629806975353,4529.3354269396295,4428.446589039209,0
3,1.7000000000000002,-0.02826293696052018,-0.09059946687810272,-0.09506906934152552,-0.0627702933246808,-0.0027397915538788474,-0.09135534553290492,0.005990525679643839,-0.16251212588825248,9.826582370634409,4487.55251165639,4545.058588955658,4542.340705852369,4523.560368090309,0
3,1.8,-0.01633068903306063,0.09926901976301467,-0.15530352778398207,-0.028071172591273254,-0.001675661997781293,0.18032304871368954,-0.020233890687008756,-0.018324524320928192,9.521617928777639,4528.377887558111,4528.595287629881,4523.672256041998,4481.1233798145795,0
3,1.9000000000000001,-0.03533533841865029,-0.06465611252024853,0.008387250176093364,-0.021608146585570035,-0.023548330104985773,-0.03389525735285408,-0.04891561751842162,-0.05379785288219551,9.903288919368054,4502.371434064508,4491.355319084667,4505.490387849344,4470.254188766861,0
3,2.0,0.005263931195483898,0.00753012464223169,-0.15030468593574808,0.019913875087407242,-0.017628674104539912,0.007224783936514797,0.11644117405352704,0.09256767577138694,9.816866677713767,4489.125029913538,4528.425357257267,4520.240849334258,4481.449049398676,0
3,2.1,-0.03974468235008452,-0.10361775908479992,0.015403184168358742,-0.0016539549003679738,0.022723827492850845,0.028724407478429335,0.13342291941726905,-0.06973642279161708,10.037630066193524,4484.132508626861,4523.327881853768,4456.237248224079,4507.054058980985,0
3,2.2,-0.0992343970722955,-0.013356874297087734,0.04403539938779136,-0.010419371024621916,-0.021008752575119347,0.0676894775436747,-0.010346278984692345,-0.04895706470306716,9.818379184230857,4579.100074258367,4534.6050854934465,4534.877210045635,4513.066389569771,0
3,2.3000000000000003,0.008324263628857353,-0.11980411441652082,-0.06789803464631321,-0.00961148826404949,-0.03749784128095066,-0.0925932632172347,-0.19808364709226342,-0.0038323835697372495,9.973753194169763,4533.20323555873,4512.443533862377,4471.098109764043,4442.0380452444015,0
3,2.4000000000000004,-0.0878434349700751,-0.06344912886272493,-0.08888596980356747,-0.003194969959831733,-0.02028328436253937,0.02711807149346092,-0.02322735027994728,0.00105457117410256,10.038050110534241,4464.593047973989,4512.561137348771,4499.580803145718,4489.995411570909,0
3,2.5,0.044262816043298014,0.04395070772785037,-0.09464907959884282,-0.0036432116771584824,0.005624233651681307,-0.021840539841806762,0.05850213322877983,0.028119201791027545,10.176512248071203,4454.091625922107,4496.326920307578,4472.744924654634,4518.123223663171,0
3,2.6,-0.08085859450227723,0.01731563551124433,-0.06300484313483411,-0.014683237322420281,-0.028929964070813746,-0.03720607569608048,0.10845005302909257,-0.0025188683529479474,9.935536083574895,4549.939254658988,4507.912667544677,4483.23601283813,4514.017566455484,0
3,2.7,-0.027214807315714597,-0.025221134164858473,-0.15198927996189848,0.018525149821687844,-0.007720051512988786,0.014567859665268964,-0.10359619286066396,0.04359476297154724,9.657611752372985,4495.748738348945,4526.3347809371735,4523.722779366976,4499.339097824492,0
3,2.8000000000000003,-0.08840655163533592,0.14964052850303208,0.1745858970273136,0.01445349649776597,-0.015064075631819416,-0.009087372936157174,-0.054342042977651696,0.12638559390963885,9.862500578170367,4476.475084249205,4485.877347026257,4533.6356442770975,4548.002935404615,0
3,2.9000000000000004,0.07641657817431229,0.03785160325269887,-0.025262486880263682,-0.06483027650658241,0.005943200476164432,-0.00014630070752803148,0.013998209632135373,0.005389734703320638,9.54474756761017,4516.722256705536,4518.966489420955,4520.4701634617895,4528.3973101072015,0
3,3.0,0.03020258224608116,-0.02050147057694554,-0.007083684791609023,0.0018224973450675374,0.0021539889821323697,0.07985741247773838,0.06436687530224909,0.20773434395699533,10.251293795976935,4502.389487478417,4384.9003335462185,4537.104973983818,4483.788709830388,0
3,3.1,-0.04007419609155034,-0.019922263749468344,-0.04466430468146065,0.012245396202107852,-0.03118871558252451,-0.08621765966332813,0.03431585541974166,0.06229440304133082,9.938308328987203,4476.388911632001,4470.652030522013,4484.800954986363,4507.196182568542,0
3,3.2,0.07427386846362748,-0.10237185928853752,-0.022072875695836658,-0.026653568820504073,-0.0330448535470698,0.07735653162758534,0.05446245744993387,0.044943351594726226,9.994205167946198,4485.608433097016,4487.020874509994,4565.571918501677,4492.6028683722125,0
3,3.3000000000000003,0.03675660565270456,0.00031907704816574886,-0.18482585300784152,-0.040892580076025364,-0.011579684398798097,0.08448810013359913,0.07882916566360038,0.09140771642240336,9.612590764212737,4548.476174703669,4471.053200994408,4506.384731960099,4499.689431302768,0
3,3.4000000000000004,-0.008693691015729317,0.06692960691478034,-0.07051105201659606,-0.026992105114238562,0.0003999097241283854,-0.03198613874292212,0.3377382919082646,0.0676507476439975,9.728131884956275,4468.316652924387,4443.591347682936,4469.243427427877,4503.448253152774,0
3,3.5,0.07136643257973847,0.05608445711939595,0.02290948316463794,-0.006463353314049694,0.005376247128243084,-0.041491039798766075,0.17183639957638758,-0.018919018127508,9.792732428350655,4433.52532724938,4494.136954604317,4525.094524138948,4467.968322688844,0
3,3.6,-0.037536016724640645,0.03963555088668324,-0.14766572235180533,0.021156020150838367,-0.01064287780346204,-0.031085457639296234,-0.11238784051255941,0.03780462604278832,10.301974397005877,4523.444917183819,4474.071442141784,4534.068617564744,4490.4996136219725,0
3,3.7,0.06872424907137796,0.04033382010821815,-0.29431415654717336,-0.02008159265910055,0.018887704456707795,0.012132581771601406,-0.10237559477078506,-0.06335895154938127,9.428752675982125,4497.348801374208,4566.320691780473,4524.14800172197,4565.7125100356525,0
3,3.8000000000000003,0.04411985448949901,0.051373967167634586,0.1974078687745024,0.0075452651868445275,-0.003744546430137605,0.08261260132976098,0.14538402371218848,-0.047996464271220896,9.665686183531994,4504.165680972927,4524.94496600795,4523.942731459847,4457.274971994372,0
3,3.9000000000000004,0.09558030335316609,-0.032058246469842525,-0.02650649968885794,-0.018053087199756394,0.053966576718741756,0.01936565362303739,-0.0850975080681565,0.08639235499624459,9.963827155862008,4494.368189292603,4525.218201383502,4475.241241175074,4485.212451751522,0
3,4.0,-0.10051083272830315,-0.06619755421097814,0.18076308056706858,0.03282857255444629,0.0013157729729792503,0.13303451577518702,-0.016007448660830478,-0.024341030256790797,9.821302129693112,4496.252352140293,4493.5441102931945,4534.3019432144865,4504.504069618686,0
3,4.1000000000000005,0.03562408822169023,0.05156902626386655,0.03881857956547335,-0.01940542651816478,-0.027057317779280776,0.011902450784584415,-0.017125630482493447,0.00873914289201217,9.806789192150283,4577.507209804997,4460.09321233076,4440.301611905366,4509.971305005588,0
3,4.2,-0.018821127729409765,0.01580339348649756,0.058388302228400114,0.02568209390357795,-0.03014451640767877,-0.04453743182857304,0.042876125888076384,0.07704635956872266,10.248689910057678,4528.671119133416,4498.296342123412,4473.28692741172,4483.0713044184295,0
3,4.3,-0.02963514114785533,0.032761681425688034,0.02569974455858305,-0.02647299141684358,-0.00871802938180866,0.07020380427611365,0.035166235497405905,0.056864461601277054,9.886584342011453,4548.792922038266,4507.081291914731,4488.419316063879,4472.527348765993,0
3,4.4,0.01248047291048559,-0.12203520073875421,-0.018428900183271195,-0.004116797198426879,-0.02728941707234562,-0.07426126709247967,0.08096575301482413,0.02307117490749626,9.830357666741467,4509.190426017961,4502.778827638468,4537.2858768857495,4503.702875451109,0
3,4.5,-0.07291065569093752,0.08150649824372053,0.03703402673288458,-0.011785074615901354,-0.025068034365900372,0.031673137676643634,-0.011717200497437547,0.15741467860324088,9.740818543866634,4474.878576309526,4526.873886547078,4527.758456781505,4505.059541028306,0
3,4.6000000000000005,0.03381785238374542,-0.0018843560371118952,0.0233865101009247,0.023299817651278462,0.012506366680430061,-0.013541955066609976,0.13523625459261507,-0.23648553727915123,10.220414662284387,4448.8212271532775,4481.187215256831,4498.772473944148,4495.605579878155,0
3,4.7,0.050320552001327734,-0.052891830930511724,0.02607668174830632,-0.011564241964395079,0.005902819586748332,-0.005181780783830121,0.009293565268297787,-0.05499248324643457,9.707987209980784,4508.618175420823,4528.311465172681,4482.051619974064,4473.936973662812,0
3,4.800000000000001,0.030673008283591853,-0.0016251946528844702,0.0830498133985952,-0.018115944267422954,-0.035588778508468616,-0.04264032654610674,-0.07663526092650161,-0.007878840008029991,9.682630957145923,4522.230508540093,4491.355492127324,4504.514234963217,4504.729036753229,0
3,4.9,0.009747754620609367,-0.0012064555227486702,0.05106006904103136,-0.01591310267651615,0.027988358533077663,-0.018922990669482817,-0.13115491378986818,0.018807335699177308,9.639763903510504,4519.960036035266,4566.288167281271,4476.402837253265,4509.971169996719,0
3,5.0,-0.08777527943523139,0.022695261472067362,-0.088571379979969,-0.012496692368689648,-0.02202572979679656,0.05857209808437884,0.10073043574732626,0.0023385214658507665,9.637114658932857,4547.685691083116,4477.48769616736,4435.139031002177,4513.751670298712,0
3,5.1000000000000005,-0.05523873368207584,0.04943043967495874,-0.03811376966734189,0.012074264810883924,0.028030006931043162,-0.09670870916965775,-0.05659371308924055,-0.007567107265706344,10.117510263806869,4480.248518461786,4482.16488912153,4514.344217266675,4482.683138228683,0
3,5.2,0.007626294144880828,-0.07757687104840634,0.22143299425565965,-0.026954184606188068,-0.006435054079804167,-0.0025984828673675693,0.19126881343567959,-0.13248457809327402,10.20674082709575,4522.71530463306,4512.5128597326975,4470.460989389461,4517.1342372611425,0
3,5.300000000000001,-0.03617433112099,0.06333306265992061,-0.09710620291077332,-0.0022631698891216797,-0.01110546176026343,-0.07900183699415958,0.07413198169079142,0.05354587474096335,10.051802039780199,4446.603746753755,4531.925121070231,4575.163467160707,4486.450767324692,0
3,5.4,0.0947574306054485,-0.01315806360299133,-0.1372409737561307,-0.006112648848135912,0.02096407935350552,-0.06705411858652252,-0.060033865900648714,0.059353943229319084,9.810612023347716,4517.538688574602,4507.13488622275,4514.388759586547,4487.030964425714,0
3,5.5,0.011586547101519629,-0.046368650284796684,0.12884336225033885,-0.012685494336346276,0.022576949750987788,-0.018688556878629234,0.020199901075732125,-0.04949645508907007,9.606800913766394,4447.657188371841,4468.340275242226,4490.282734403522,4506.356375364867,0
3,5.6000000000000005,0.050518965664163175,-0.022287872989842444,-0.08819607642671741,-0.02885429572005425,0.009601272358082079,0.11065556122634745,0.12663302679562888,0.07099327481472374,9.93770866345352,4550.92871339128,4509.962443842504,4519.383890280725,4490.37648414444,0
3,5.7,-0.06810216854273787,-0.03419244502497881,-0.0009159038534655271,0.0012157074500260571,0.038525717097107864,0.006502173407285495,0.11788434440256437,-0.04350772415763161,9.747664822846954,4460.129770883296,4477.730159613703,4515.809441740913,4500.226805411824,0
3,5.800000000000001,0.04714693099486169,0.009062697417252514,-0.03524537316377418,0.042965937275739184,-0.0018780713742609443,0.09304007757642432,-0.04012092065446777,0.07095994793835665,9.995603131830338,4506.254759117267,4429.365512319102,4500.547573825684,4536.913801432799,0
3,5.9,0.026374041651386522,0.022291943761462332,-0.17222569339575192,-0.014409101413501178,0.008227152623028781,0.03283066214295136,0.12146667801329025,-0.014486675514609438,9.891164817334763,4500.491227257939,4470.391717904953,4432.326260067158,4512.930290763902,0
3,6.0,0.008697360420640569,-0.030908752105008448,-0.1619173056515865,0.012594790288174762,-0.005318401483911041,0.04454997778945165,0.18640485304117585,-0.2141430880319705,9.670079838259527,4493.718731600643,4543.644785224399,4450.907909423806,4558.075830770418,0
3,6.1000000000000005,0.006792795078314525,-0.004800033086692912,-0.019805976321890642,-0.008725260643600576,0.020962335185383093,-0.08548166032659511,0.034541418164385364,-0.038418166570697555,9.657573310297181,4577.579255270517,4512.571522042604,4518.397966339834,4534.13330342006,0
3,6.2,-0.07106749726592736,0.08761459545610159,-0.2508957178495076,-0.015375328200770411,-0.009180633463578008,0.046537869197640476,0.021871826614148774,-0.016681474069839327,9.807600531074456,4470.659309294323,4455.083028165474,4521.795348670082,4520.811183376086,0
3,6.300000000000001,0.07922471875785293,-0.03950085484076041,0.06928152103009226,-0.005674134567294636,0.023809499703869644,0.08175702213425133,0.02112093992244567,-0.03395301566659866,10.002186435721653,4519.407135697697,4479.466787937415,4460.1660397956175,4491.344012979546,0
3,6.4,0.07577069076741046,0.057324357936651915,-0.11123274696705808,-0.023355148317998422,0.025493676993589728,-0.09085087238062632,0.050929532364200794,-0.061607121533632375,10.133408984904337,4476.887256025863,4534.300845906175,4505.545759621811,4507.5658456270285,0
3,6.5,-0.09851542906757005,-0.11014566766028594,-0.022056594026731397,0.004938121268332234,-0.022503956554754467,-0.08709547283810737,0.0561472629826133,0.05628544804571306,9.782451787922415,4523.406051635582,4464.773931128396,4489.321952487391,4549.43632817351,0
3,6.6000000000000005,0.003416106496990877,0.006315625729349968,0.23059465859677397,-0.027986843316975415,0.01592860733284221,0.13311890238464796,-0.032485792649854614,0.08596307868548461,9.61359610055782,4479.39802813298,4511.548992481429,4523.957000193318,4533.628095372187,0
3,6.7,0.07848142934697466,-0.0033723279277591066,0.1193611755172588,-0.00684609686898298,0.01804182623176536,0.016599103828174543,0.04456779070819239,0.04235078740220374,9.489058998040438,4466.276344234177,4503.076243194526,4449.381627610765,4524.936333095992,0
3,6.800000000000001,0.0435777983144071,0.016358527643889512,-0.11211340127579222,0.027602778777370298,0.04074421279436716,0.011766146195677918,0.051053537845123634,0.020173865479604394,9.916073837799761,4496.413237301208,4498.963072804686,4527.171528014921,4570.368724856893,0
3,6.9,-0.07000356172008694,-0.0051906242201483445,-0.11804604852320821,0.03184049797152167,-0.01175475938639797,-0.11545606350286353,0.06381869988485735,0.17443111147431112,9.942719573712154,4506.143936318457,4512.27422768328,4542.445219884767,4473.774021899576,0
3,7.0,-0.005592355204315648,-0.02263450742547667,-0.11678653072917103,-0.0065675051883360485,0.022154421919648972,0.04532817187141804,0.06443105001082004,0.014647561165331821,9.914664756545719,4475.982289729557,4490.714703422183,4505.760127109061,4508.325475766456,0
3,7.1000000000000005,0.016009392746093653,-0.0069167641008188955,-0.03774234011303297,0.06315542566088596,0.018135745458647975,0.033051798076209796,-0.023320849820639398,-0.04512188269438766,9.78383988125461,4508.784865307601,4443.586933678108,4452.91831213876,4480.8935283318315,0
3,7.2,0.010356971838928426,-0.01196365735759257,0.14781212260994844,-0.029647935739915376,-0.015026909392067408,0.1216073392792881,0.013111932467514685,0.08848425828011586,10.220249388653894,4479.185867462946,4497.020569866239,4491.827192972074,4441.362209865501,0
3,7.300000000000001,-0.015519840187798454,0.044053109369033276,0.054058954181224084,0.012381663387760202,-0.00751017961278999,-0.052487778880451315,0.12692556718986206,-0.049731714635766956,9.868816407758644,4504.900040420326,4543.851510487713,4529.142370730171,4461.142241379986,0
3,7.4,-0.059377658338752005,0.028945490903456713,-0.006433764737916652,-0.009103435679075279,0.020312557679889418,0.014996750567112867,0.005245738688944395,0.07798286407550498,9.734978201011288,4547.055569564177,4476.35857130301,4519.707871990263,4543.014985159795,0
3,7.5,-0.06886477446360499,-0.01716675879262246,0.11422073928855579,0.023144890954620502,-0.0034299120077647856,-0.058773687494148755,0.09559358223307624,0.11835491025816047,9.577067330297522,4463.882590531009,4506.757700459508,4518.880819002867,4491.027927443099,0
3,7.6000000000000005,0.03396469099911747,-0.035506830341869106,-0.21146935990737356,-0.00847802144665192,0.0012646429302620235,-0.022067196791716523,-0.11586032636594852,-0.18156489758788175,9.707182239126421,4526.929673149492,4537.68592318241,4535.631401524153,4475.522713945544,0
3,7.7,-0.057685316181518204,0.02483173074899477,0.06351000115979254,0.008003392104009948,-0.04028126548475527,-0.06935076679067734,-0.0029688790285978435,0.048721819463042715,9.963461472520498,4504.327605668461,4509.923514196147,4502.545963750833,4520.568581226555,0
3,7.800000000000001,0.01564328257454555,0.0032868830023643687,-0.02683687991373808,0.0016258285008496221,0.009691827576785496,0.0213980311118449,0.03808264183452538,0.13427218613511857,9.863032784549318,4480.530044385805,4526.508203579825,4459.014049869933,4467.557598577821,0
3,7.9,0.016792363236003454,0.02581983338932894,-0.12450512235039951,-0.007656349619735,-0.012121676644393174,-0.03893410583052774,0.09435977762729458,0.07065054635472527,9.806175564029258,4483.621142186552,4459.5105098933955,4542.6055481634585,4517.763417008548,0
3,8.0,-0.03533345520365702,0.035979974881244575,-0.007022362057462567,-0.005742190097246858,0.008704230565792047,-0.059319859993018,-0.034375651951011006,0.012146106419954589,9.710109761422958,4520.072556308026,4556.071995110347,4477.371056021786,4450.046241110878,0
3,8.1,-0.10008700837381308,-0.007523407074749112,-0.06631645901261828,0.004157210021341612,0.0026519534405220215,-0.1282573477291277,-0.18148838294814063,0.029593324034609528,9.837085766943991,4487.225460049003,4450.285692446031,4514.14173788295,4538.156986362718,0
3,8.200000000000001,0.013899122010946114,-0.042373694528253236,0.0044552165571151315,-0.0273222816186737,0.02115921427677585,0.006547546762363105,-0.1768156911753232,-0.030067436044368262,9.902660302046847,4490.008571370734,4491.723128356794,4463.267933788582,4516.9962296124495,0
3,8.3,-0.032423460000956875,-0.10782226885025165,-0.03712573706703939,0.01962299431140706,-0.007738588931998948,0.13903879880988163,0.042896794854851705,0.03387581622803661,9.784320346816479,4497.951413767071,4492.097290946414,4490.931918237524,4515.926014862014,0
3,8.4,-0.04679156148952828,-0.05379469143621299,-0.11231950508753777,0.040913090953543084,0.0106068580334116,0.024359376134411585,-0.10575146702934315,0.06233423006748286,9.786685730709335,4506.4250682339525,4470.701390524094,4504.808065722527,4487.284993853806,0
3,8.5,-0.03828055785150939,0.03670531679036244,-0.15377078085300025,0.01129552528628301,0.013689722671059923,-0.07037149404409926,-0.08203284611324674,-0.02230256812664022,9.866407242092444,4495.414350245574,4513.006873805756,4552.889389576122,4484.768496925509,0
3,8.6,-0.08575899853517104,0.041296179151532664,0.16833145759275298,0.007855367261022489,-0.021754973507073363,-0.009911389058816075,-0.11185234842116323,0.06428554939629476,9.539741919460313,4490.996136395154,4469.8698652111825,4503.804740554049,4489.009749685867,0
3,8.700000000000001,0.008838105162513193,0.001117527748318283,-0.09866590277241105,0.012537541270580438,-0.0009753130368623061,-0.07908232062927203,0.22409265562057926,0.04764301667171248,9.779347889320139,4542.456135801055,4555.254468281598,4495.639517330584,4510.421924593043,0
3,8.8,-0.04940014090014705,-0.0073596375384005755,-0.01990625537598699,0.00369654067243308,0.006655209572740207,0.044786275906244795,0.023764265629995913,-0.12107426266291646,9.622306578851784,4483.60777141609,4491.532782242303,4531.523228714163,4465.111830394412,0
3,8.9,-0.017870752408534998,0.04765047491070249,-0.029987747449661224,0.00920831299685648,-0.0027908408585580707,0.02054266058597783,-0.022847254380954057,0.06670654727283541,9.500988718518713,4489.100639748343,4508.897180300829,4516.010857440186,4544.788578682615,0
3,9.0,-0.019551233343278823,0.07397408809304365,-0.06590238266596705,0.026572928230892873,0.01634934253396745,-0.07307668637057782,0.030703923725182186,-0.005123583553219155,9.935116918735,4493.301852347001,4490.782613230148,4541.072837482886,4497.03837316633,0
3,9.1,0.04132111620958832,-0.01126757425220999,0.16666632592275232,-0.013566692586709868,-0.012282870624943694,0.12196137448927225,-0.044494639089525286,0.16010743061643928,9.988368115918963,4495.360508803175,4445.601195839486,4499.420450871845,4503.048901606003,0
3,9.200000000000001,0.05836088666521865,0.0794223588120056,-0.06849871791437477,0.016023635279763655,0.01530804312026699,0.08587301619283562,0.04986899121355445,-0.194249769096177,9.778915513494448,4465.328772752492,4493.921826812458,4529.400127084017,4509.154525076249,0
3,9.3,0.05740454331987164,0.017087696035676968,-0.12983259396689026,-0.050416940131454695,0.0029761752335918067,-0.01711411730809323,-0.09769457393818821,-0.1700627249651378,9.66305135730546,4494.165255454057,4519.976334711192,4505.65893244704,4548.242017415182,0
3,9.4,-0.05178020280226972,0.04405294460287167,0.004729874312872792,0.013893382482371692,-0.008730297265310872,0.08573442991124719,0.029522475834524275,-0.06794449849177495,9.807595194217363,4492.813324231887,4514.675350519134,4464.606697518765,4499.119448936529,0
3,9.5,0.019765362632466546,0.0016511653596516615,0.13469412443889958,0.01548045548142105,-0.0001496159348149323,0.017335127799813853,0.02956655514819996,0.04032996041668241,9.44486840086708,4490.954211126919,4455.4668279541975,4538.348428423785,4498.174514399912,0
3,9.600000000000001,-0.009667047483981138,0.04483986660166176,0.04223247974498747,-0.022572690287584143,-0.001418107250547376,-0.026813357858110787,-0.1744532888606054,-0.06902762332372046,9.773291935596708,4496.551472055245,4455.533057289681,4534.5499674914245,4496.936908233257,0
3,9.700000000000001,0.0018776538330281456,0.020032081916991837,-0.07880762539036712,0.009127119462653925,-0.00734149292036366,-0.07172684325177532,0.057344749335539895,0.14916738588018078,9.954965874697168,4527.689326954213,4484.381081803131,4452.071408124946,4544.7041256629955,0
3,9.8,0.102725744470238,0.0771403386884841,-0.03357859389797497,-0.023092686774576886,-0.021313653956391333,-0.1346986054091239,-0.010737861841004538,0.16056779580824546,9.781667473625552,4509.069687010448,4541.267908929126,4487.877140645028,4561.0659437015875,0
3,9.9,0.09960472037487267,-0.006555566934024134,-0.057753426401921285,0.01394476092780626,-0.0069504988503771604,-0.09252441736538691,0.12812386535229803,0.12164473872770801,9.841102320752713,4462.114057388155,4463.114212463478,4503.216878652574,4485.003868964849,0
3,10.0,-0.01705464660708041,0.051098157753000174,0.07331793174225577,0.027562853609952257,-0.019812464467545154,-0.02745532549493696,0.07589816954601128,0.044807834101289176,10.116476076517525,4512.616101177122,4555.443273123166,4516.200534051694,4531.86502342766,0
3,10.100000000000001,-0.01617574733922286,0.0007143605941994534,0.09109444038394754,0.032259563411861085,0.014584738986215061,-0.006653741754769559,0.13773350295283418,-0.2191978656279881,9.525553099698627,4520.449026710052,4500.423250687594,4518.165409533725,4501.932225672958,0
3,10.200000000000001,0.028547284730193634,-0.040720141049659535,0.05704860860796908,0.01988829056415169,0.02441101207862465,0.161084343571896,0.024409844350238658,0.02739110868471789,9.50536550716523,4484.057657965847,4494.207537779802,4531.509586568291,4481.669966277311,0
3,10.3,0.03981700098744162,-8.108584816900618e-05,-0.01771681151147619,0.004977879382665129,-0.007823127445056852,-0.03432297984741324,-0.17047859057901146,-0.024795420732788963,9.714006370770255,4484.520570319528,4512.506191877701,4519.758958583715,4506.96583513927,0
3,10.4,0.04977075952247373,0.028778096291518257,-0.029505618980564214,-0.009257125714287596,0.006256444735336929,0.045901368792152064,0.13978443070314983,0.11911730449400958,9.701705398698566,4496.939811596182,4520.130534147533,4532.039933341769,4528.169084061144,0
3,10.5,-0.0031938916415673343,-0.06270113262142583,-0.09989363762455913,0.005452670286388286,0.006844511588486911,-0.0878943498747508,0.004456961088927163,0.06312243569717832,9.579754668498571,4533.1499160541325,4488.674065543205,4537.7283933773,4483.996426626723,0
3,10.600000000000001,-0.05133127414420895,-0.02290684949208598,-0.009514812307732016,-0.007769598135429619,-0.004320028431462267,0.02671721197409523,-0.017117936979639942,-0.006611239395200703,9.46815472015948,4511.750940480314,4497.32390106925,4548.3087894144865,4471.813044982381,0
3,10.700000000000001,-0.09041476642497573,0.030903424696502098,0.034652701831300044,-0.020168660410622916,-0.03059497910008183,0.1229917384547432,0.14141103906067817,-0.24874567587061294,9.7183553941487,4549.925761643517,4485.718123266664,4485.2816329792,4491.517220171119,0
3,10.8,-0.05604484868840797,-0.08523878721140221,0.10525473107347488,-0.036858738124953515,0.004945429042175118,0.07092635942061197,-0.14512262989011585,-0.09242684025950716,10.052635837678318,4515.986751606812,4481.481428793633,4536.067470100835,4536.196071703629,0
3,10.9,0.013452634650785356,-0.04500801139368315,-0.041344870347179534,0.005727734879107803,-0.0037718965829497647,0.07511657425878811,-0.15297740801093362,-0.14942635290662387,9.846174222296487,4485.253667585793,4481.188541559068,4446.958298424768,4500.586375343945,0
3,11.0,-0.002637755400038283,0.032673949097587036,0.00689061331209721,-0.002652081564809935,0.023540012735806744,-0.104997384275884,0.05363892188475762,-0.1671147164795349,9.642327623999838,4463.620286021301,4523.458276063558,4498.037692992139,4499.594902662211,0
3,11.100000000000001,-0.05533664938647255,-0.01498467479664446,-0.07634653033091117,0.0076691002970843206,-0.019821822706632273,0.10638354921640607,-0.16755804496240945,-0.08065198324565614,10.14544010199322,4486.945837561139,4460.5536400678675,4506.57214687613,4485.738232733564,0
3,11.200000000000001,-0.041793512780915296,-0.054793540539935875,0.27683736056259434,-0.0050310380036827276,-0.03851134720665755,0.11949678072044273,0.061107090511057074,-0.07664664310197877,9.623376182262772,4520.204183884747,4492.592450175316,4442.220665446647,4553.61719893814,0
3,11.3,-0.021699523110797852,0.07477858682412132,0.1278434957965715,-0.020020190889656283,0.020663797287262958,-0.0521154039890945,-0.1866700586803942,-0.042459816602214255,9.889527500355257,4486.11790056011,4490.788549772247,4534.306981347859,4503.194819408703,0
3,11.4,-0.042164915564247625,0.03510151618336633,0.019767556695424515,-0.05043209602924086,0.008567058275428974,0.03134629661728813,0.002012112958085999,0.08917005810695752,9.6755212831347,4510.094993664627,4452.99121886498,4512.212711501965,4558.591790866197,0
3,11.5,-0.04974281762337706,-0.037990106599388763,-0.07100154428915523,0.0025999645160319058,-0.021260725457074362,0.03369979029527841,0.08468399454691652,0.05343472134537844,9.456316914872385,4529.855029954758,4528.12102242761,4524.904841170389,4511.185267459675,0
3,11.600000000000001,0.011009465710256641,0.05161946990631984,0.19235134876034546,-0.019060809267297,0.021562507915895437,-0.00689736784059622,-0.01296730520286007,-0.15365306903820386,9.753042118096921,4470.082051260948,4486.084367114821,4467.054408486655,4486.5327483806095,0
3,11.700000000000001,-0.020305517851170164,0.004837745921940016,-0.16147498622913312,-0.02891036295490647,0.007238285414610531,-0.06379504936560791,0.10745297902299311,0.02252697220150467,9.931352430041281,4542.3207696126265,4490.708675645803,4482.765398837511,4526.151077567964,0
3,11.8,0.0254756781964843,-0.009366515491065043,0.1391457966955942,-0.004244886196798611,0.0006554727511156286,0.0016978120667406724,-0.09345938948984711,0.007758538948639097,10.089352035479699,4513.349049461285,4500.931902791968,4495.14698156503,4509.92601085219,0
3,11.9,0.03748833142445925,0.03046194154448765,-0.03318648618219792,0.006495631882202291,0.009598794822965573,-0.08057559900215827,0.01682305411836944,-0.2161303886302362,9.906506741964238,4519.810291636881,4522.426383773593,4488.148594434913,4509.271405050721,0
3,12.0,0.07119769227705834,0.07068848241456294,-0.0029172699226560628,0.0027863926145911965,0.022218222894688663,-0.12006416122097399,-0.032307574267702456,0.13355704555367565,10.005040108336953,4511.077913329497,4454.825027840081,4498.502693008765,4482.302538112502,0
3,12.100000000000001,0.016551945140860676,-0.04046733423974402,-0.10257233949746075,-0.04129730555367283,0.02443609369953403,-0.0319816409154446,0.015714578370253453,-0.00022381164741810933,9.596513213407901,4462.228052656555,4469.840546220083,4478.304946835118,4510.998187410414,0
3,12.200000000000001,-0.03978588317603057,0.08732453157973108,0.10271510358931511,0.01616719099331417,-0.002393178049463003,0.1211424588576387,-0.021800563112112405,-0.0031261414154246077,9.843994907949854,4521.0546912163,4519.10724237009,4485.7462416466615,4484.010188417222,0
3,12.3,0.031995147857604225,0.03576182919456163,-0.039335112482287285,-0.03174376139356908,-0.004146321920164892,0.0498820639060687,0.18054168464197806,-0.1197957962340662,9.724685749433887,4488.317893154239,4540.674160182945,4498.951754986241,4472.780203218832,0
3,12.4,0.02793476414609096,-0.020231926002047318,-0.12243872733579544,-0.017855466145523014,0.03468083908845238,0.03073673773195698,0.010776005545254297,-0.024989373581204614,9.868429768423761,4508.407078380074,4508.7650648462195,4503.445352708332,4526.063950149167,0
3,12.5,0.0011552173000365516,-0.04889694177763194,-0.061242289090086825,-0.039580373869794246,0.04053634232084785,0.06902036735621493,-0.0830070495129237,-0.028184484939709993,9.682624705158714,4546.276416341224,4457.403685071872,4503.434281764564,4496.744164723054,0
3,12.600000000000001,0.04134193153545572,-0.00520046138623475,-0.17582088766554352,-0.005022356692848818,-0.0194432443588665,0.0063663637245248515,0.14341770365203266,-0.17394252442322783,9.64995545292002,4483.419211386495,4488.551067137603,4522.203769923158,4494.793667473158,0
3,12.700000000000001,0.020790136286022262,-0.03128865218658882,0.022992434541793755,0.015555952617554299,-0.01464599099474177,0.06250864958452118,0.0052372768727568485,0.10454602404822527,9.769716019984605,4511.437339654863,4498.781813049644,4497.113632138783,4507.767912846771,0
3,12.8,0.02684037346124519,-0.06247824559620026,0.14336336088178778,-0.03719326081099597,-0.013696242194777919,-0.007541525661192054,0.04123559690859482,0.15761725277413785,9.438341702354979,4484.769176148308,4436.194995366022,4500.948659217307,4508.1505075350005,0
3,12.9,0.07953978710856263,0.0060317380446727065,0.10440251294423797,0.01167674163078118,-0.008704963940103366,-0.11271685974336315,0.02750022982918108,-0.1492102017145364,10.06904141453393,4495.1381369388955,4535.855322345343,4485.593566976028,4508.065523592029,0
3,13.0,0.01046744286673444,-0.0022522059005461977,-0.043265951339659214,0.007849120369410404,-0.018523265269664167,-0.0967548263167247,0.12428268933268277,0.07271679888921005,9.823178321720448,4549.954271476314,4491.967034438255,4539.681096599669,4505.2672225477745,0
3,13.100000000000001,-0.051237537503819514,0.0924020095885425,0.09907108466240852,-0.002420420620191286,0.014543425190678983,-0.03229627471983255,0.08291490350595421,-0.23910785652839595,9.606039733261081,4529.377792328609,4492.510333853433,4506.226268846663,4459.596430136537,0
3,13.200000000000001,0.09239334978510516,0.059526482185883835,-0.02006852183753298,-0.008093917137266527,0.02059208722839386,0.1585976360135142,0.09537602558113538,0.2171802667396602,9.625529734187618,4475.4183950850365,4464.331766458399,4513.252819489484,4505.268106494131,0
3,13.3,-0.007597556173599293,0.040462931406164936,0.12323286052146641,-0.030513248185736842,-0.01193944055802231,0.06561148752984479,-0.0467738683858582,-0.07982060763581542,10.01370748553008,4461.314997908281,4490.952605766267,4509.859320774144,4482.785402582696,0
3,13.4,0.03915778280065874,-0.028443848759868454,0.14086194934459192,-0.0025149259499154526,0.01342540273410707,0.05968191623862531,-0.06275400027440728,-0.20534865486558887,9.882151150932767,4502.168650413746,4516.674780827254,4493.204175828515,4487.087169035978,0
3,13.5,0.10042365054908498,-0.07361770307553889,0.07339504783642385,-0.01149203716366782,-0.006715572354808442,-0.025368226605917258,-0.08034342741712572,0.05712242102362395,10.088128719189992,4514.1004098374,4503.101459886363,4470.406785027023,4515.504757974733,0
3,13.600000000000001,0.10781748158646494,-0.019034731189754628,-0.03759835793518662,-0.011221782619619947,-0.009788284689888408,-0.21962396429379077,0.040503538585571285,-0.08455521763546138,9.48794737624164,4522.595698491977,4467.539466448742,4489.839928383487,4543.993271735658,0
3,13.700000000000001,-0.07046078990122567,-0.0766299117298881,0.026930618956233818,0.02298974728020737,-0.03148683435463926,0.03261517894697417,0.05809995399616921,-0.20591604836923205,9.969700267581445,4526.298176395266,4490.646432802319,4537.57039086894,4534.093667229746,0
3,13.8,0.005155896285860243,-0.022572269516246683,-0.09728278925829571,-0.0007512701873238247,0.01139517839408358,-0.0259341488832513,-0.219750100526203,0.12687138945765705,9.84804464436898,4488.611265099695,4525.714751652698,4545.739157894483,4415.942652915363,0
3,13.9,0.02171318249610358,-0.07133246054051737,0.049911050679894126,0.002558544047491585,0.012714530528810998,-0.03993980915957242,-0.18732401118191522,-0.045036819125666816,9.891369527027956,4530.461769860257,4464.845060985825,4530.811812806191,4480.563831310605,0
3,14.0,0.018122494079726326,-0.02549469764328164,0.018217062771210168,0.01783755269140549,-0.024540281545770717,-0.05439247173974652,0.018496258734208664,0.24015836610303523,9.637362057566635,4561.204016579907,4560.132699110255,4497.080665478952,4491.055424214003,0
3,14.100000000000001,-0.03460325993323459,-0.003410126516633455,-0.1406719432559558,-0.001524780346411952,0.029937605477017126,-0.04888680499813741,-0.024072430398905078,-0.1701140474267242,9.88481241762621,4507.9344505485415,4501.911070792973,4493.495188493335,4491.217262436827,0
3,14.200000000000001,0.0250950116850336,-0.0014408300794311656,0.03149718715553322,0.004299656349090959,0.022468545741915237,0.05415952779000434,0.019286184315019064,0.151842203065218,9.894053705811313,4539.148880663713,4518.208278251599,4444.7424276320535,4539.1450428995795,0
3,14.3,0.0067588120671334545,-0.0025977385450388977,0.028134834748957706,-0.0068996632391413485,0.004540577207778906,-0.047350085307447394,0.127427225873437,-0.01135881136210503,9.733483231455514,4472.252225528422,4508.063273674459,4505.613213003753,4511.652738410326,0
3,14.4,-0.05136259437525645,-0.08005905994057866,0.06255913025065599,0.02969283723753015,-0.020527072447797924,0.12715530268493588,0.028391105873638092,-0.0007062904550829716,9.730490260690845,4458.4644594172505,4529.631855477738,4476.731809156872,4476.605799727872,0
3,14.5,0.04959631549434773,-0.09414917233358633,-0.1523597810668167,-0.0003626848701616354,0.0058656885800970416,0.03877877183751391,-0.03017984933962528,0.25303696686416893,9.764421488246834,4493.076415436918,4476.090399935583,4503.717204495632,4518.448836961404,0
3,14.600000000000001,0.060178902726673006,-0.0744642132220109,-0.02459953383557008,0.008934072216182884,0.011741150691890712,0.0005238926243631421,0.05424239695321018,-0.08089638929258004,10.121581086463673,4529.7788430893825,4459.652166388045,4467.746908556497,4468.592347496793,0
3,14.700000000000001,0.033898498544826426,-0.06423638832087336,-0.03310243342080806,0.009094087928335489,-0.0013233186909286947,0.020711001257016463,-0.10658027113487584,0.05948543733972447,9.687357621504802,4490.261409768062,4507.131951837179,4503.092346645925,4500.719400570468,0
3,14.8,-0.03753134109883779,-0.014977470559959608,0.00021835908370359454,-0.0275017046633417,-0.009250659326267577,0.031014390322627716,-0.12774366038453427,0.11565816515942398,10.063922652519969,4462.645482721197,4540.728588991504,4495.692552338636,4512.555436774712,0
3,14.9,-0.024832552606412334,0.046152241361338095,0.04060940188486671,-0.01628306513195207,-0.023304039999305772,-0.11682419481673781,0.018794177643275647,0.05724714117797358,9.940193135755889,4496.460567161778,4465.290106330069,4479.537756059287,4534.570459168858,0
3,15.0,-0.02423142823000407,0.007170881534073807,-0.10756504835748876,0.006731660909180699,-0.009153691233581557,0.08373701710206109,0.07735577062068134,-0.049570594657489975,9.784667194530467,4483.466512798781,4457.41700410365,4474.276727113584,4505.946519831625,0
3,15.100000000000001,0.016262974911479097,0.0074273951796319446,-0.030173305395863576,0.018661332114419706,0.0012708380912187479,0.056260306247675786,-0.17737751322025186,-0.39224002516183426,9.866757605567617,4457.257030388355,4493.626448918609,4490.937088769262,4547.622018072466,0
3,15.200000000000001,0.01999982764718032,0.008292951339933637,0.08369911546336738,0.007369951736780776,-0.009153539859768661,0.08571807442036479,-0.11097501278882743,0.03232471875335623,9.500486041172739,4506.11831572548,4505.789689253188,4550.29364885744,4453.050783196747,0
3,15.3,-0.03004435879269063,0.041134121328707196,0.033531725639730774,0.003606101026750061,-0.019122714059170785,-0.047265467847314335,0.12450410082232566,-0.005150919375392796,9.885071939228895,4496.544350136705,4464.507434542507,4528.01431278225,4515.096971535975,0
3,15.4,0.11528184186835946,-0.05077906898252726,0.08225729212004806,-0.026230879320740023,0.0031469313534615534,0.07812052712505317,-0.2072135116096487,-0.02049324742416079,9.697358053191476,4478.941281051147,4511.556379567781,4533.620571192678,4496.001638543125,0
3,15.5,0.010274321378001008,0.0057154376529623884,0.00018035063564141767,-0.021786852754242126,0.022168892034457856,0.02361562945270688,0.039488149000257766,-0.08065096290255823,9.718155920402152,4494.715974068677,4453.976259196535,4449.3589702440695,4481.977562080843,0
3,15.600000000000001,0.026126038322119502,-0.03265686949649704,-0.10188051975907136,-0.016293713064753405,-0.009106848462906252,-0.0283087170256083,0.2165521452206557,0.10546206284873183,10.014954822456346,4535.0574109282015,4470.035373919978,4463.329061550383,4466.7938912539785,0
3,15.700000000000001,0.0667253066668919,-0.02735958944412455,-0.12513561822392869,-0.00861992400439626,-0.004772110634292549,0.02147306189556497,0.0250951020712043,-0.08281805638735082,9.947131278502743,4480.824193987495,4495.311709898849,4520.603222115101,4480.745357881669,0
3,15.8,-0.028467571179056878,0.029583402484656553,-0.08577331766050195,-0.007695840472081414,0.01111484356085785,0.16432739531487803,0.06054045047627467,0.04726397629900117,9.916160316734546,4467.8042917779885,4503.467902160397,4499.107005349908,4509.647536211182,0
3,15.9,0.0058254026237935415,0.018984983870855624,-0.031146719489920156,0.0011721783474358545,-0.024556571321139843,-0.025592582240233103,0.13908335481766435,0.03188083396282559,9.805815792523385,4556.88369828763,4459.174950650968,4466.716333336613,4551.381342338288,0
3,16.0,0.0022980468024466918,-0.012129151814489689,-0.11992043250956433,0.008953925327900238,0.010889197390549245,-0.08755954886679171,-0.014027558555042834,-0.03355158320330661,9.861195429283756,4466.422492733381,4537.558423635394,4527.4747134479285,4489.104733238016,0
3,16.1,-0.01082093558191856,-0.006821107513880802,-0.07783085530065034,-0.008868588364700714,-0.005405407353492181,0.12902946965657025,0.09466183083304368,0.09346547073366236,9.883985122600878,4466.480189732063,4498.755266862679,4529.1146537884015,4462.252061118981,0
3,16.2,0.03182766034366322,0.11613046126313831,0.10618166459897319,0.02828058271123975,0.004366775008843214,0.07743455590119919,-0.07178532143540355,0.07958638123412265,9.940877626812153,4508.69733522113,4539.480222591555,4483.836454864579,4494.38827450579,0
3,16.3,0.004773102067914829,-0.05148054855447003,0.02269319438002479,-0.03437860825907694,0.020939090688564185,0.0037309893252772596,-0.05208929039037633,-0.08343736122951216,9.763084194076162,4520.647791323172,4516.432169362127,4478.8338615816465,4474.6188098211705,0
3,16.400000000000002,0.03284493531598237,-0.036117370230751476,0.005990977407950356,0.0024750928504855413,0.006241242634534769,0.06866163441454974,-0.12629629368673229,-0.19111593252604878,9.69651054375433,4554.045852234965,4560.665223002621,4554.935314066976,4494.210558967179,0
3,16.5,-0.08910575409924144,-0.11715195508259205,-0.061403816154941115,-0.003961472602987203,0.026012508021119176,0.06942443676339566,0.02274050789916206,-0.08898447709411417,9.617844088351022,4507.623830612143,4520.911529365192,4511.756437867368,4468.962061211801,0
3,16.6,0.03253338143960431,0.02129554835507057,-0.10706664061901783,-0.015686419406005115,0.01376991949123133,-0.018760602811671277,0.15891473016364574,0.050112927606457636,9.712673762362147,4499.693831988272,4501.901501779132,4478.148290602749,4472.622354054672,0
3,16.7,0.03506949469047497,0.04226366485210478,0.060378146955295864,0.03030636188647604,-0.010835464720232038,0.13394166128569043,-0.09009211185541528,-0.10126855633684928,9.45800822357015,4486.626140585196,4484.888329895117,4515.778118407639,4507.316728248614,0
3,16.8,-0.059648668550956845,-0.01963631192129088,-0.037146202108768546,-0.03551964493923786,-0.01961893454026739,-0.06166509044912715,0.14336250198209463,0.01914507159573526,9.942433750789501,4455.040935085523,4535.82643449042,4539.033061890723,4440.049650985661,0
3,16.900000000000002,-0.03526583619579241,0.024788278650775517,0.06443884535381822,-0.013569894609744435,-0.006109989261073058,-0.04779048488361143,0.011041804694611957,0.11971785314619128,9.65579156857176,4530.024614933052,4476.549837829593,4474.571183625094,4524.557838550297,0
3,17.0,0.04609681890038084,0.042570496838132715,-0.13157974082181412,-0.009319019561441015,0.016459771840066428,0.0033233472451115686,-0.10736928461974643,0.045831793912544175,9.667038548201706,4553.835745451766,4546.345243872548,4518.122922790667,4540.830201143093,0
3,17.1,0.003239567506169055,0.03827187471875079,0.1477720295302075,0.004909973635886254,-0.005103743430285673,-0.13636975665416926,-0.008313352572149399,0.08234231845623113,9.999126685513527,4515.130951971552,4483.761027151133,4440.695352931572,4485.143547059858,0
3,17.2,-0.015217243552697572,-0.015646448359500707,0.06185563569779245,0.03971352822029679,0.0024705840368218603,-0.017338543132516933,-0.025922181300409255,0.012438476690771421,9.64434124793032,4503.6059567623815,4513.524370089954,4506.290581907235,4513.726258020143,0
3,17.3,0.021687380467426767,-0.08859483411232219,0.06368701583954033,-0.013420296913249072,-0.02191678326007916,-0.0883561462283997,0.04335416104725293,-0.022257492722485298,9.473606243202918,4514.341134455769,4456.811756076035,4504.194640755546,4507.154967770191,0
3,17.400000000000002,0.044278854084752246,0.08908423932334258,-0.13646763259005418,-0.001049477121260989,-0.005526705900884347,0.03469997487687698,0.021566877093361858,-0.035254624273661994,9.72181956227783,4466.506474344478,4529.635847472196,4513.776125447986,4527.533045933854,0
3,17.5,-0.015519806823775684,-0.03284177343472152,-0.1078315066629228,0.007178351674813191,-0.020795864490564694,0.14789304551732402,-0.13076425810934406,0.02736601192125019,10.123370941442758,4517.972692777914,4505.270211374754,4470.945490591143,4458.546924342969,0
3,17.6,0.0385025054458793,0.07530736203874733,-0.04388499904781715,-0.022781230152327022,-0.04916338861098037,-0.07846118749300302,-0.01136568424990402,0.15991232408367342,9.944626738446594,4509.152562141203,4487.996410160966,4482.505028482321,4542.169427925239,0
3,17.7,0.010036927037919474,-0.10513003459605111,-0.06735396478972429,-0.017164320635432537,-0.010925280183549298,0.045032852822806814,-0.010744488179424942,-0.007686540700366203,10.072694632265048,4479.1061673064,4555.92598577662,4479.860772258868,4502.675945898377,0
3,17.8,-0.014060179770138346,0.006170956675048053,0.0444591995073129,0.00867670480177753,-0.0150623466124116,-0.08983317419580565,0.2503171790905711,-0.04839843396005531,9.949842487734397,4451.770760684304,4491.61161840286,4496.184018480527,4514.184452097835,0
3,17.900000000000002,-0.13612270704959695,0.008307030653916532,-0.1149741455367893,0.006486914223898477,-0.02072658393676326,-0.06843861567404651,-0.02736276103932682,-0.10523294696031954,9.71489311065293,4464.1987269437,4445.004886449038,4530.538711572881,4461.118539215282,0
3,18.0,-0.008934044380399178,0.03764455407468925,-0.06149441025160432,-0.016503317994910758,0.00452476177334843,0.08943470581817216,-0.1169315265086469,-0.015014783201743893,9.463501081006536,4488.203969889534,4501.0261405361425,4474.361260747348,4486.290244985243,0
3,18.1,-0.0704113384153725,0.0038539305690746812,0.10556942488831499,-0.021942877395409274,-0.012453435331047659,0.04020369971633454,0.12120907193227362,-0.14931898122089313,9.776243052516811,4508.493924669586,4496.938308281135,4425.696237993688,4515.032700279263,0
3,18.2,0.07596681755453222,0.005833087558475172,-0.10311060532942634,-0.010262544927285662,0.03539826135311186,0.0727970032688447,0.06400266183843294,0.03564125835343761,9.677772577561806,4493.982864580327,4497.662317929645,4516.487229481933,4545.267566828007,0
3,18.3,0.0559169068396564,-0.07096921778980203,0.022399496890104873,0.014735266903357941,0.012377206602892708,-0.05033870107099356,0.2914109215768362,-0.1277084562331119,9.593362310666791,4507.007852437847,4563.504091648915,4474.9141544788745,4492.02514903059,0
3,18.400000000000002,0.053864683650784645,-0.000893107744386675,-0.03346038545302957,0.011312658037734402,0.005450359804591862,0.08243510285094331,0.12914688890653633,0.030700306000536172,9.868346545075662,4506.423329468584,4514.6739166994785,4501.655119136144,4499.981745530331,0
3,18.5,0.05983135604136212,0.07580580901775216,-0.1507552944633421,0.00020042303481138145,-0.013773888668904695,-0.024877717318885786,0.040251620973532146,0.06694383715424684,9.787574711277731,4442.599789958316,4471.048632582714,4526.894990106005,4417.787207338952,0
3,18.6,0.0593713575841,0.02606149953222707,0.13161760815300222,-0.003971383737619209,-0.041228108480458096,0.03442901132051984,0.12746531240383413,0.0924721805513421,9.677461703302393,4502.6028322638795,4484.014911936602,4475.422006074319,4528.661657135395,0
3,18.7,-0.05987661556325811,-0.04469082152908063,-0.11040256334723855,-0.029804950465980935,0.0029282858368520686,0.09292024387855807,-0.018487675624526564,-0.15057478005641667,9.977988907948406,4550.571052621049,4480.612730275602,4485.643371998469,4515.469818902502,0
3,18.8,0.08109368738925257,-0.02599170728626131,-0.1332449780998205,0.012628372125448128,0.015981361462845987,0.0004905160348181482,-0.055813325965745064,0.09943787309920464,9.915607200909593,4476.946934492895,4501.47284193917,4459.448774039261,4520.576713693137,0
3,18.900000000000002,-0.013111678469142796,-0.021785541619236858,-0.0032874485152434157,0.0008061539866049565,0.01789860123131121,0.04728724250601772,-0.01564092787928027,0.07636681497189952,9.890147450738324,4487.202010911419,4496.258455252905,4495.553313334706,4515.157840295226,0
3,19.0,-0.018351130736082088,-0.019520459321081665,0.1968757309433959,0.018794709634942085,-0.015212013288502782,0.045675279515375866,0.011835006565517725,0.039155117526009385,9.83746826491302,4535.6892793645575,4510.368610339543,4498.137339053571,4531.26571730949,0
3,19.1,0.0116642520543936,0.006073928966452892,0.03140226024861145,-0.0018721804673273302,0.00018453985990937803,-0.04693556710094982,-0.07511672196238789,-0.09985703864824397,9.531603342640585,4473.6084791584635,4494.771988965992,4503.093527473369,4491.861103105571,0
3,19.200000000000003,-0.1177851745063679,0.07872931788811711,0.10864801228903818,0.008915197024342575,0.03814981345106536,-0.07818912939869685,0.18876251206260047,-0.0965214076750548,9.857747585058272,4461.784880245974,4500.440822866331,4511.584994939952,4495.359290065963,0
3,19.3,0.03569387220450688,0.004950722474362866,-0.05224147283775093,-0.011336266356046785,0.01621827545231393,-0.0522993623845574,0.0915402970484937,0.12227117928319309,9.476257227530775,4533.987791619031,4561.8126809533405,4507.560112836058,4517.972525558845,0
3,19.400000000000002,0.05185026621845793,-0.013774115758951114,0.018228022353786972,-0.026283990592462187,0.0027727005706090196,0.03984895965156332,0.05161630229264694,0.10654247235975806,9.655039564372895,4484.021797299795,4556.865220379741,4495.490148787088,4506.00101361937,0
3,19.5,-0.003350502086261053,-0.04108404131525112,0.16235292108918065,-0.010554028238412115,-0.0225457104741386,-0.036059222184220134,-0.20017060017255336,-0.06512874649831818,9.616374280429536,4518.5228589278195,4479.797572813204,4526.634118067365,4541.95451979208,0
3,19.6,0.03905876681437996,-0.010769414443003831,0.014111449670559295,-0.030499698802881194,-0.0026755874504247935,-0.06883507744534666,0.06943263811492989,0.2572752389244474,9.909964327194762,4440.26579553136,4489.1630942125685,4503.674727761234,4502.620722757808,0
3,19.700000000000003,-0.03654065628043766,0.012264587131846765,-0.12425008369193874,-0.01889817445370134,0.012915952832074229,-0.08125305847038608,0.05382116054922573,-0.1369463774656058,10.162965176758348,4476.771902327879,4493.290002845897,4509.918397832712,4483.039501424967,0
3,19.8,0.007170298053565222,0.028767836226006285,0.09606132325034854,0.015829948719459145,-0.0034362092760534804,-0.011730541923488182,0.23491085580250326,0.09498890682492922,9.625635268735957,4502.999644912967,4489.945705836654,4495.939972982307,4463.115145268757,0
3,19.900000000000002,-0.020596161719297658,0.09057778865969567,0.0579076300875503,-0.049823228163029205,0.024334469849958937,0.0871703618327329,-0.035928530430641654,0.07172635437832152,9.63812015783656,4485.892328512009,4544.956390820095,4491.848098803909,4443.90805014135,0
3,20.0,-0.0031651611390668376,-0.00392941964571784,0.11983685693734597,0.00028672844351520046,-0.008431646228805855,0.08360449161849648,0.012079023250111029,-0.07500226815657171,10.040999512108325,4505.809852935504,4500.087779000383,4505.3372517423495,4467.879948857502,0
3,20.1,-0.026382688808916865,0.00017913009163916414,-0.019466369502467995,0.02544856765633191,0.004348117054540069,0.0683923138109122,0.0009395354575849457,0.10562884837461231,9.889505551314631,4500.4026145616535,4499.601507331229,4471.366841211271,4515.20747160409,0
3,20.200000000000003,-0.0020102367268189482,-0.025099598009060232,0.11064617708120716,-0.025004320517896025,-0.00844991790864868,0.08221749990236267,0.031552294092025326,-0.004785892765275732,9.86020070863003,4505.382425131465,4454.500123611422,4489.522143439561,4548.4956496354125,0
3,20.3,-0.03296620673885838,-0.0159150507052167,-0.054162076330918754,-0.0017403044663627481,-0.011662456626485962,0.0389393201726448,0.019731341229026658,0.07735476151070181,9.599811766762208,4489.7897855135125,4493.228321051636,4513.669407302657,4476.203364083789,0
3,20.400000000000002,0.045782690212917206,0.05932077952588044,-0.09888723476355839,-0.009817457897871315,-0.010638630165841847,0.21059089637419987,-0.04299001052078867,0.16776254421561346,9.556673600978678,4470.310471015069,4479.401864044554,4474.629320656604,4491.963037975245,0
3,20.5,-0.03543891013607491,-0.04096707963672868,0.11584719964733277,0.024475872450263305,0.018985929967506313,0.041919916446746246,0.009274306577955228,-0.049703069066590874,9.619368499048981,4510.889871102981,4464.7910882235965,4470.182372124738,4534.587397686144,0
3,20.6,0.09503245208610435,0.01966475690832404,0.11064571522946443,-0.004916966348879667,-0.026753483721753683,0.04897372948948672,0.05692893232700639,0.007166855388024413,9.761524908378979,4528.866317357433,4470.428008997176,4476.78658263328,4469.756804797187,0
3,20.700000000000003,0.004248648131791361,-0.05439465060546292,-0.06842421805152436,-0.01411511124454396,-0.005212166646679164,-0.11898995571231816,0.0087204992037267,0.12473036506646779,9.837098274463353,4546.23963434404,4540.019945576308,4523.332051417436,4502.240575279106,0
3,20.8,0.0011250194122719786,0.038189988618163,-0.039167060950403246,-0.03765041502934928,0.009840081082059197,-0.0904854903947977,-0.09621412281903848,2.239479957880467e-05,9.790975024489306,4457.6377318105315,4504.964746923994,4528.984189825832,4466.149752892026,0
3,20.900000000000002,0.06362416654243797,-0.0780085412564972,0.21173241443709534,-0.008225208609669667,0.002912339936537825,-0.15136268579885362,-0.006213606646930853,0.022848217771819175,9.7927675791801,4483.107567688428,4471.603064444165,4533.915798586119,4500.924214049938,0
3,21.0,0.07703761882583862,-0.02632411773974615,-0.043479469337221695,0.01631188489192326,-0.032459499240071285,-0.09707706881223384,0.10974849713531637,-0.11719339292231948,9.44618979693949,4556.055815642193,4458.185470563774,4505.523581949845,4502.072555781728,0
3,21.1,-0.1405314158309042,-0.013365851158390446,0.04484132494791096,0.007086187630377212,0.018070413676070034,-0.030999305192434722,0.07125044420921607,-0.06893290680800719,9.527906516717445,4461.068148729563,4456.136686344137,4530.287579036736,4454.562794728244,0
3,21.200000000000003,0.013701942032465162,-0.01329620970362165,-0.01026485734506316,0.027272145903993995,-0.00876854734430547,0.048928124923974664,0.003756335138111171,-0.015201890563269788,10.269993824877295,4456.759747628539,4538.673955063124,4519.692196964699,4485.614250161047,0
3,21.3,0.08146592587208061,-0.09240550561942684,-0.05217666572990717,-0.024169644085381525,0.008241669297429203,-0.08904512809497421,0.043306394674131915,-0.018643641582155406,9.714129211468784,4511.659417380999,4491.941351281858,4467.340954708229,4584.041189689049,0
3,21.400000000000002,-0.024358359151457232,-0.11088045400760074,-0.08420986897213886,-0.025345533767454603,0.016522912320810313,0.02573221276732688,0.03987128017903442,-0.03700224658372443,9.754129950588617,4488.87206689177,4497.564204475936,4525.060003060945,4510.08226237516,0
3,21.5,0.025005641481043336,0.024977945412460137,0.08844424373817379,0.005763000830805093,0.007176961453578375,0.09510449929545253,-0.06650459180031121,-0.08557425799515073,9.572815680162629,4505.487436908607,4444.388032763426,4513.864622881791,4496.724207164983,0
3,21.6,0.05673198499105284,-0.03359586552324953,-0.02033182854175068,0.022444066665867374,0.02766271293556305,-0.054412189260145606,0.01817812325871601,0.029441897768404814,9.88473068112423,4492.122730220532,4538.441501943709,4443.308895491354,4487.366092955967,0
3,21.700000000000003,0.02239653663864735,0.022861240597467178,0.1352759030614763,0.02396450786402574,-0.005710832506144475,0.10398969948244836,-0.07140417437774549,0.09308873827918375,10.172104495684199,4536.448323205649,4503.173111505724,4490.046636846836,4454.142261112222,0
3,21.8,0.015526981895710203,-0.05576086139854596,-0.07931346636139369,-0.02381491601473343,-0.009207846653133104,-0.0022375531589585835,0.027361458116570515,-0.060050663541396335,10.023856741279037,4493.753842260301,4476.368327002035,4506.7887680173035,4558.906585006314,0
3,21.900000000000002,0.01675802832675589,-0.018142781368680357,-0.15274613561187042,-0.004388246419441407,0.004698562501762312,-0.031006471300445603,-0.16653846382409998,-0.08505653895034339,10.100907692177552,4543.020030111914,4473.400824923862,4520.182703615983,4464.642816456895,0
3,22.0,0.07021581409974763,0.01226179239471182,0.09496414986165339,-0.034301866943650776,0.013552742038497764,-0.0006139250947602778,0.08519290707908427,0.09148677980978498,9.82315693789495,4481.975110827123,4523.390885465385,4498.195365017847,4473.816451394171,0
3,22.1,-0.04600761157288429,-0.07385822081561909,-0.051029115956306326,0.02205384092148757,0.003556595994108685,-0.042381416473843254,0.08048559381800797,-0.08324766217233888,9.829070054866555,4494.611088818235,4523.37391876765,4452.683148872415,4474.49406762556,0
3,22.200000000000003,-0.08191228295472669,-0.012979836090463501,0.12114275036324305,-0.010108944193070544,-0.010213678763913015,0.06973795393473091,0.10685495584552998,-0.008857106726878993,9.946942970809978,4467.691363773662,4541.339230017762,4564.461188818112,4515.636473735662,0
3,22.3,-0.10421658106714003,-0.027911513119889216,0.061282532166932135,-0.008429659943327256,0.025443971085001953,0.04705258115486922,-0.07064755007657966,0.00322648107712528,9.631233355872183,4494.522453647627,4483.362202787023,4535.242854006991,4563.48036170493,0
3,22.400000000000002,-0.0715594166617876,-0.09616081431048762,-0.024517242185138573,-0.030368313976573653,0.0009242320734183431,0.05991488910447414,0.1494141897266825,0.02013945587152811,9.771368955030084,4440.648452502807,4500.785554475574,4502.138617816484,4519.168704426383,0
3,22.5,-0.03542440507645456,-0.021752630011792985,-0.14780022553041844,-0.0458258561376813,-0.022169941815935665,-0.12562606514024133,0.03367122954206112,-0.051813405666685734,9.702352573985042,4470.467608614744,4403.023037024627,4545.249322462427,4469.991884316696,0
3,22.6,-0.02062100349249535,-0.07274460826446554,0.0971930343440634,0.0028685787407464886,-0.016527305705317373,-0.03137836890752191,0.16781799221248703,-0.0072969431881278295,9.77365329247682,4471.758555415822,4443.162565485831,4495.19883979262,4509.764553369739,0
3,22.700000000000003,0.05497922321638348,-0.11242482672498277,-0.11250963270230291,-0.011614821811129007,-6.961697146403657e-05,-0.011602695322273796,-0.012168868568726956,0.04080960585699445,9.62934137784418,4528.024243267011,4513.003573250984,4490.405032076158,4548.027239756668,0
3,22.8,0.07782080177858836,0.04664476775969043,-0.3018556770567793,0.031578901854359506,0.015895170449438684,0.16051269101703494,0.12374645917335386,0.15783426774972856,9.985730970036077,4540.460795959365,4559.8237122220335,4506.496642151346,4452.833083677656,0
3,22.900000000000002,-0.015373045000757108,0.019497279969171836,0.007488758437155775,-0.02493123932318853,-0.03262135250389958,-0.05929301349078634,0.0807739555984151,0.15803397708229694,9.99331352275554,4531.722818613424,4497.575532805094,4447.737526268821,4486.343382573519,0
3,23.0,-0.012938220593618939,-0.024852624341784115,0.005469486537462616,0.00882839519785901,0.01706030376486995,-0.022249589149306727,-0.19037594056445936,-0.04828777192911349,9.818742079398397,4536.6842376640025,4482.965764734477,4515.376308851982,4508.702636989063,0
3,23.1,0.0021950266561694223,0.04652666596622958,-0.06608411967525808,-0.011503728992870329,-0.00023801646188456195,-0.051211720407495984,0.05080122910545997,-0.07131923043661328,9.855260841549027,4496.994816936397,4506.447778943301,4486.207758148109,4489.8273511641955,0
3,23.200000000000003,0.004800463399852499,0.010103725308065635,-0.00042019153911560935,0.034107247130261684,-0.019814738374825686,-0.005136303596217087,-0.15736290221169846,0.03720814786673863,9.586950692724638,4491.650692323703,4488.83807024006,4508.4267337980355,4483.416272473644,0
3,23.3,-0.02976528488469912,0.0717928232042949,0.028456679047452627,-0.01122101704044536,-0.005016673436224617,0.13162839618165958,-0.023516487825109702,-0.06892766231523877,9.673000769974722,4483.526205570312,4482.165068327198,4461.610564549523,4466.273997091591,0
3,23.400000000000002,-0.0414660187180685,0.029578550922654885,-0.03812372872728735,-0.0041432337818808045,0.025401760505097938,0.10360057199507346,-0.028212494313773498,-0.0630863510683409,9.637113937265292,4520.783273091247,4493.858782994332,4488.405153290316,4475.590062745873,0
3,23.5,-0.03848332045056943,0.016002909574662227,-0.1315438265887262,0.019897373875758767,-0.01067689287629837,-0.011970875540143403,-0.13369779581405544,-0.0012365938242364536,9.74433581146189,4498.497582034306,4544.151266950857,4505.330941373707,4476.160224475626,0
3,23.6,-0.03556599552732841,0.02975655929568843,0.1298693290993424,0.005638360415021001,0.01377425489109539,0.048779017866936406,0.14190644133575211,-0.19495901727260329,9.943443787860906,4529.512081317107,4459.838288815933,4473.429954479808,4474.476517541156,0
3,23.700000000000003,-0.03643950981886917,-0.0240858525467763,0.02426028130549415,0.017313493023347396,0.021626339155370728,-0.06702584489342255,-0.08447029987029828,0.1315821840016223,9.939348787083729,4502.4859452560695,4514.200100266649,4499.105886544457,4515.737540491428,0
3,23.8,-0.016803334825287026,0.013440246721961542,-0.15105460503694965,-0.013755685896508621,-0.01354022353580687,-0.029951202656553128,-0.09265132547797482,-0.05335436258230818,9.507117187520377,4516.461014291847,4497.524594432658,4448.843771766719,4474.9551026836,0
3,23.900000000000002,0.016830071378108345,-0.027151097319289486,-0.06969414601380967,-0.0014918535401615269,0.006871950703564324,-0.11490819656313285,0.055012848121787944,-0.08002932816073767,9.80641440635004,4498.937395779255,4484.188016452807,4469.290207616079,4491.429403557232,0
3,24.0,0.08126651545375975,-0.06808375152318155,0.16923130191048757,-0.005194423421530648,0.0007074283417727823,-0.08693686491077818,-0.07712694166774808,-0.05029096500380192,9.600861005824418,4493.732461278873,4487.789523245797,4555.523434273072,4465.020774429586,0
3,24.1,0.005134525837429363,0.012392314095091238,-0.10703205486518375,0.01373654990905677,-0.007966540257632562,-0.1993911721266454,0.06598496121045651,-0.11169408841023638,9.60044501077218,4520.637062486772,4489.585155527447,4527.533164516545,4536.304982860959,0
3,24.200000000000003,-0.0322464230161149,0.03966312479775153,-0.0755460801392882,0.04466231834264353,-0.013859140090624302,0.08208699527680033,0.08437900258815756,0.03160878221089338,9.675891367716664,4495.458075241758,4435.392356611664,4506.732601151468,4510.488459930852,0
3,24.3,0.006674970953068574,-0.14866530856462787,-0.1265636445089811,-0.014961819656973253,0.005833178663780922,0.02314711245143876,-0.017022379197117923,0.06352455366039567,9.60475152493942,4518.30705017082,4514.242263145196,4511.326641985137,4494.53878706743,0
3,24.400000000000002,0.09153719124156309,0.02465978442449393,-0.0968335863253559,0.004966109514719684,0.01504966754148437,-0.047048687913944766,0.10892722469310989,0.03820337057160107,9.341504332466931,4508.9901593201375,4487.819125367619,4516.115394436252,4528.326445207555,0
3,24.5,0.009758102357090901,0.08326261169723478,-0.017870688456349575,0.012496356461077504,0.016098851472746947,-0.007787677511418621,0.07787743079777823,-0.05946729871621688,9.725486316195758,4460.625339289911,4507.2422734911015,4509.75755027563,4535.377894757376,0
3,24.6,0.03955700021779418,-0.01423977783237166,-0.1178179687334277,0.00865700805039948,0.02221506344829284,0.06041479790431547,0.10844775248572876,-0.021188953119824258,9.716676206364872,4477.892959433046,4498.323106001592,4497.642276120935,4506.200328856174,0
3,24.700000000000003,-0.0064648728517754,-0.006681386486338563,-0.07766940529721439,0.018832380271029816,0.001530361244874226,-0.013955514742822573,-0.07474292532492048,-0.1331913110391086,10.071592838509869,4516.639161243954,4451.282464722901,4522.89426902129,4527.674435106993,0
3,24.8,0.006218806115046476,0.07990554478758795,0.0216719642122883,-0.0283364705589838,0.00730338002096642,0.01959178413701834,-0.060329684877815495,0.057355883687742505,9.476466946761828,4529.717004823284,4473.656348891836,4470.451616246489,4496.5852568307755,0
3,24.900000000000002,0.02164864640218177,0.008196203179671482,-0.07426591657723783,-0.01012178582383777,-0.022660846947549242,-0.01797439213038961,0.10750212145109098,-0.0004262937643876164,9.98188285095189,4543.662040131786,4482.359444428891,4494.402802408339,4565.135785831875,0
3,25.0,0.07221717059899727,-0.08362022629061763,0.038714831606090655,1.1199846793907994e-05,0.016529062217175247,-0.059598301398804426,-0.08396083720406722,-0.06760707152936095,9.695614290760314,4524.459725004271,4464.563964805534,4481.3215830012205,4446.329628284957,0
3,25.1,0.05035589117061865,0.06355150497155702,-0.03270734308637865,-0.00595898729626446,0.009064438045657945,0.11795856059026046,0.040861074756391724,-0.06975419424751146,9.486235485602712,4466.546212120095,4502.196583509374,4480.340174303976,4505.849031179723,0
3,25.200000000000003,-0.0276462008118117,-0.05290732156472058,-0.11770316314530711,0.031247090187464594,0.017779754983672864,0.1384414361462367,0.05399509007551029,-0.0429991408614839,10.074668184497988,4499.007959959147,4506.62525310871,4498.715268627734,4411.592873421479,0
3,25.3,0.08023675061474267,0.024550197297887672,0.03298230608685101,-0.001235521245411214,0.0032685564077226197,-0.047782314867699814,0.061657935230727115,-0.13070983443991324,9.84721368649411,4516.8472041171335,4494.039925985313,4511.1260337741305,4470.259968232973,0
3,25.400000000000002,-0.04829133854479821,0.011835856051319659,0.06785496546210516,-0.03749731311003422,0.010440412702215332,-0.043456120030106966,-0.01928060873074125,-0.13395179235650373,9.639676551962658,4528.98375976591,4500.9859012194065,4488.516647948713,4496.505349421069,0
3,25.5,0.024460591233215062,0.02202472480816689,-0.007502700039680087,0.021859182217933367,0.019409252738133324,0.03306976233043166,0.005461178291007045,0.0657321095119539,9.872853484360236,4531.824002154179,4526.9868413021495,4469.452382957468,4467.421104877749,0
3,25.6,-0.035062477220203815,0.048806934503346056,-0.15763089967712457,0.007895147782159866,0.007250861821859227,0.09301184469489542,0.018033869066388746,-0.13432093905839007,9.618129007870376,4464.540134343065,4483.861681010006,4494.512952977282,4465.036754213368,0
3,25.700000000000003,0.07353309953261447,-0.06626406859762206,0.13461034238624806,0.023703260628786808,0.017966050993780708,-0.05550132859974004,0.03424508791769015,-0.1277371133550618,9.99218140700675,4497.780456553912,4487.720393562399,4463.287654600312,4425.674816441129,0
3,25.8,-0.0519270428517878,0.05563990978064533,-0.040283342847480405,-0.003386577142300946,0.013111087165769055,0.1444535102493012,0.13250046549456387,-0.09723350038161882,9.421485885712519,4570.788427773003,4568.069748349783,4505.653607892878,4461.885352632546,0
3,25.900000000000002,0.048161326694696964,-0.00539918430063051,-0.01129811231066105,0.01788917686210258,0.0066874949374659725,-0.09486519288119562,-0.032474193508197385,0.06611529286613466,9.912050444481004,4507.860497230754,4528.002688634276,4489.148490365482,4505.360093256572,0
3,26.0,-0.16877895500888002,-0.022482509692140697,0.07639029085756444,-0.007807889342342851,-0.00932454783434224,-0.08331623614198548,0.10033658927291456,0.05484632735405707,9.975082919564617,4448.213581141264,4495.186498702031,4491.596669767499,4491.582848802043,0
3,26.1,-0.030801377185897795,-0.01730521358900076,0.08496447827066518,-0.038257027066956585,0.03554589536060907,0.038707290002116916,-0.004233189566021276,0.09068341463729263,9.519633050966313,4480.05897284547,4496.367737028283,4540.966811112965,4498.605102566204,0
3,26.200000000000003,0.022502733559257315,-0.02947894979680639,0.0486842068967491,0.03354479185948914,0.019910533833482284,-0.006516479022230354,0.06754908472654697,0.057751695460721175,9.911317534339455,4533.358600825813,4533.134331115124,4496.185242093754,4519.256371844333,0
3,26.3,-0.01915474605798969,-0.04615361981577888,-0.026949375570398643,-0.0015255630347916535,-0.03323161978355984,0.06882660475333763,-0.2767325422602398,0.27148169394863214,10.110375826759265,4492.169738274831,4500.282790816913,4509.0891562076185,4482.325188360332,0
3,26.400000000000002,0.009630957379346819,-0.007199998885083055,-0.0094272717230966,0.0036292212696127737,-0.02627055596707989,0.003165577930691851,0.016344774661747725,0.01288496213559143,9.76683384891277,4534.135733279081,4489.390423353553,4506.819777204696,4538.918926017766,0
3,26.5,-0.003968807001015615,0.010723163373377566,-0.009638463631489711,0.024747395871271984,-0.005154491231725906,0.10266836618305644,-0.01035878946470647,-0.08594597234480168,9.945874634114825,4490.85996498733,4518.615026972975,4418.117868452288,4500.156157856848,0
3,26.6,-0.022980264937874022,-0.05316293432656391,-0.05532410018397994,-0.011474062885853032,-0.0009597158970116226,-0.10938611690279647,0.03162737802597137,0.1366214785205788,9.866185699389566,4524.26965827687,4532.836873638414,4537.094685365525,4556.104160784639,0
3,26.700000000000003,-0.024960099913796514,-0.035924199258055824,0.07834656483247347,0.014165324393147995,0.015513505992313785,0.15114259634002017,0.0011369908798494167,0.04261565596461849,9.613922349703305,4564.059633719278,4489.903652363727,4490.753522155175,4489.597503269752,0
3,26.8,-0.03224479293221689,-0.03647185244238246,-0.052370428288952525,-0.027315918561018893,-0.015706358405264766,0.15591704891580954,0.07356551436413687,0.0925904176727718,10.045441757483383,4555.024036930872,4446.857323456685,4463.1035065414035,4475.8882901731595,0
3,26.900000000000002,-0.023486489824479886,-0.015028469529262449,-0.04469775528060408,0.004386178262641082,0.0007059078149043179,-0.057826783614259976,-0.217554877698757,-0.09928687053786983,9.700152269337485,4492.587616895768,4466.109976220684,4485.275806005107,4466.070378345433,0
3,27.0,-0.006290967577416651,-0.05365456641813077,-0.08489046563704646,-0.02617368261978278,-0.003070013911395677,-0.06931582159619187,0.09067842666754294,0.0405850266692899,9.796029626363271,4476.075435079686,4511.415609159489,4520.7210266804595,4504.280652366049,0
3,27.1,0.08018509277334653,0.022981865903740798,0.09136072175680343,0.002671308310719564,0.01351328906513953,-0.06374249861353402,-0.04583983632127939,0.034936355348237975,9.878419896311478,4515.228354688297,4533.011786768362,4457.250864845538,4470.766423571691,0
3,27.200000000000003,0.011478632053712657,-0.03621818159017304,0.3377768241289362,0.01031439238340272,-0.0015666169786031445,-0.04123754184670873,-0.048016228319304445,0.003014066131517738,9.832396386524252,4486.299025659195,4491.805432604403,4540.328537257038,4541.535148879531,0
3,27.3,0.012601698996743852,-0.06706298636183688,0.05385031566390435,0.03108564883222052,0.027395622039247575,0.058754068224773366,0.14224229552858217,0.005338427247902176,9.93562059396674,4479.576733010244,4508.7679636846715,4539.886027319116,4482.317297655393,0
3,27.400000000000002,-0.04307217147321432,0.004874446951184843,-0.02266622037239996,0.012982954421408408,-0.009065190518940848,0.13747516924821712,-0.12896760979610558,0.12537347862197346,9.65703015433838,4446.120517962479,4507.136254690466,4492.361760419583,4466.711718962909,0
3,27.5,-0.0840688445857632,-0.000418039363572838,0.09758368916238179,0.011699069861728886,0.00113413297678531,0.03830780585741881,-0.0027214132377857006,-0.1429724243030371,9.525821202955312,4493.90494413046,4495.180401409018,4525.529480355203,4522.719126713242,0
3,27.6,0.03025665078794747,-0.014014135653859037,-0.13806521701101396,0.008241422741320479,0.010503386265243369,-0.19108251699821488,-0.08343381865826627,-0.0691054377393896,9.833670040224687,4475.899187017029,4498.855962935261,4493.6839517894105,4495.225515853868,0
3,27.700000000000003,-0.03581971468503731,-0.03194925270333388,-0.10802670597806928,0.00760134881147664,0.011422052571827365,-0.061649436010027106,0.15206400960170446,-0.03146014474420489,10.116037124759313,4480.736184785052,4439.202666702017,4512.06593474737,4507.45635315357,0
3,27.8,0.0017196897653791539,-0.03211162392219947,-0.0034572225485819015,-0.010225189157390546,-0.006046991326635013,0.067330580461206,0.01842172295300935,0.06099513873319773,9.763626298674842,4489.739479625857,4465.39552407334,4488.898901622954,4400.366563332326,0
3,27.900000000000002,-0.029511098315281745,-0.004093708859541952,0.056367365427015606,-0.005373557550499135,0.006953470844899988,-0.17438309291121964,-0.0056836852206949735,-0.16795027929134035,9.568339296868134,4494.385033564085,4538.287919636206,4511.136202904102,4500.546929914113,0
3,28.0,-0.0009765194733551102,-0.03568144466022337,-0.05439834133726837,0.008547520909415943,-0.027707210368889887,0.0474443240226417,-0.03885070671188528,0.08255570748695654,10.002218691446418,4449.8074796248275,4482.5525771031835,4474.334169361781,4445.618161047806,0
3,28.1,-0.051626663810470534,0.122062792263267,0.06095098962124401,0.03834575937211508,0.016581968800366713,-0.05934745288067804,-0.03817711966740431,0.058843618024030736,9.897501240694607,4482.67973952875,4454.700204882623,4598.632835621662,4495.7655098297155,0
3,28.200000000000003,-0.016286944659130997,0.0056667231952650925,-0.024272858931102863,0.002454578154109674,0.025738945722328387,-0.009963878374913903,-0.11627104393277615,-0.016164379447861095,9.717119643718018,4542.7169681174055,4535.133571942127,4503.2257500129235,4461.637924355422,0
3,28.3,-0.061294613171997296,0.0007561630792276819,0.03363229693212808,-0.007492456386521098,-0.009603391684144683,-0.04742393865429175,-0.0023393960243946223,-0.2382762352073065,9.589734674246058,4481.1884746365795,4536.225095848557,4475.585590742132,4505.414044254936,0
3,28.400000000000002,0.011327137546549803,0.06489582528303811,0.12625774069641502,-0.0011500593758983274,-0.009509694823788857,-0.05310664822605522,-0.02410632224657809,-0.043403335432359996,9.920725481871647,4512.609294524556,4517.7540357343505,4537.7785113430855,4555.886073642006,0
3,28.5,0.006233169670377844,0.054973188569782665,-0.03516601838342152,0.023700139671660316,0.021230183143516882,0.08067327759543931,0.009406984119152386,-0.06683581639908888,9.531094312426905,4498.798883774367,4545.990376267476,4490.704652959078,4523.553797563802,0
3,28.6,0.04219757002594656,-0.014184311046358639,0.13163448375195194,-0.058173214889610074,-0.0244550055747635,-0.07325058370867678,-0.081971502286739,0.03362629511858955,9.868007560610781,4511.81971716525,4517.882444823975,4471.496862925631,4463.454717995781,0
3,28.700000000000003,0.019815984100393147,-0.031511603682321955,-0.15704750453679706,0.01942688569082963,0.027902038130045954,0.12457287117589275,0.01870077214747203,0.06259320959729026,10.083973644672383,4480.757526299297,4533.320330521623,4508.261887024296,4527.411349570278,0
3,28.8,0.009304651043796764,0.06481283548740009,0.022352376254153688,-0.029679581189348353,0.02903853264629444,-0.07580245927776896,0.12530582102439144,-0.009024288144032205,10.045202197039542,4534.043058446003,4512.904289229461,4515.256059528814,4512.678858515777,0
3,28.900000000000002,-0.1006912378140539,0.005916510944910109,-0.1116064176071895,0.0034237428749132586,-0.02285885092766431,-0.094796155298086,0.16049345017539018,0.10694473881241898,9.80917148301117,4505.54305950747,4492.562519227709,4517.096291279386,4479.718369003536,0
3,29.0,0.04968701314339787,-0.012654342050705543,-0.0419846995831229,0.00043426036969685403,-0.011822936598512211,0.026294587959718636,-0.05373625893133998,0.04685236028188361,10.053201307782295,4478.420349395755,4496.082736281145,4513.8399213910625,4486.924279350558,0
3,29.1,0.023216028041333256,0.027769943032586997,0.1083261776294304,-0.012119800921698239,-0.018855504804609492,-0.024606191165099506,-0.09677523395471,0.05644982040474971,9.577649739964718,4569.99049254758,4538.877835847213,4500.377273088009,4526.021834789939,0
3,29.200000000000003,-0.08184009321553959,0.1261686665699779,-0.059021461220048956,-0.0024099482779871904,-0.037118665743768736,0.03890298437927158,-0.11063441570771089,0.01016557615660292,9.701145113415093,4467.66768195209,4475.869154947121,4506.773641022565,4461.555270813935,0
3,29.3,-0.03744058355117885,0.0331636690632239,0.26024798748743133,0.009551776391060097,-0.01834523284354575,-0.029369133605784883,0.0031589006152578296,-0.03494249506357074,9.990611633347386,4506.524204490427,4527.235571547296,4490.566686291071,4539.765006591638,0
3,29.400000000000002,-0.008324279214077294,-0.04855949345689958,0.21773203810422215,-0.036499554939222335,-0.014774774506098551,-0.050162228146431564,0.25083062730565636,0.18068588841465116,10.10878562872844,4490.08024012871,4572.785340115253,4511.050560115229,4529.317901109093,0
3,29.5,0.008984769055310348,-0.002473328566162576,-0.02517786739263793,-0.004192799868383244,0.012169832973561577,0.02937598390203104,-0.0031471370203683896,0.15095239926988546,9.216649386251854,4515.296617437636,4521.53216119977,4534.408886047655,4498.053856768399,0
3,29.6,0.010396003369197881,0.049297419165736066,0.149116640428018,-0.006010719703575363,0.005339515662551204,0.13428591714790059,-0.21240270758788513,-0.06900125998145852,10.103167195720593,4532.776135008249,4515.673356327801,4486.542093806726,4473.545445030438,0
3,29.700000000000003,-0.02956078096211869,0.07740041104093463,-0.06284426891553463,0.0020284592847931576,-0.01507415289723492,0.06742192240792216,-0.05387262803464413,-0.009759389015441426,9.473323573391436,4451.5989529138515,4500.230195799645,4460.245285344067,4563.152599180035,0
3,29.8,-0.10307615560561248,-0.04000876493320521,0.001670086726755042,-0.0073026587559156895,-0.022082909133278383,-0.07663422715962144,-0.09906540774992385,-0.02867216948200629,10.200385817903486,4502.338118896746,4535.487014681626,4515.209290374844,4533.415871939466,0
3,29.900000000000002,-0.1399982151296793,-0.015222901057411474,0.13071354231507137,-0.011434716454986673,0.035249463297392244,0.11871121230142093,-0.04691307161274624,-0.050316351904635674,9.607278831529106,4481.112173044086,4463.022328074932,4512.86433541299,4456.318605199607,0
4,0.0,0.030186650809511092,0.031403934845012436,-0.16612044051839225,0.03099637212656679,0.010272185888304437,0.05997584171558952,-0.07586652015427724,0.062237911847311866,10.035278689944414,4497.041748029859,4560.057673777451,4501.321939047388,4534.223574013574,0
4,0.1,0.014650440362932752,0.029276076642843388,-0.16713322676347722,0.007421074764307263,-0.01469950202514532,-0.06771186446221501,0.17441031844659785,-0.021377024806234893,9.6093396338049,4489.226051156734,4460.986493132343,4543.016534045888,4479.129577675005,0
4,0.2,0.026464996697183465,0.06780533571051627,-0.05001526812147294,0.01064044864545572,-0.0206017210980886,0.19566156552909472,0.09363801346166223,-0.019260643876080605,9.655433253822208,4496.580103414811,4489.800488329454,4558.588336619985,4463.233958333553,0
4,0.30000000000000004,0.006740071164510171,-0.000916903331685498,-0.011741030034486948,-0.0021723330987668482,-0.002321416202409669,0.06984528530656797,0.060898444649243516,0.04189116113727865,9.203202127570947,4508.993846224895,4450.330819194897,4519.389604894075,4544.234921027116,0
4,0.4,-0.04631195562942755,-0.01308903611713534,-0.0599355705052997,0.024708635515136017,0.001900557705441461,0.13826635044530666,0.04137542029473876,0.02424501806358194,9.823641356520568,4524.53976297772,4447.8694140526395,4502.560318665615,4497.898606688161,0
4,0.5,0.0362709413578883,-0.009385080293701845,-0.10387344341626702,0.000147013498393983,-0.021656810577366868,-0.15402097700699885,0.0727122481485493,0.057906157269467066,9.903418188798716,4539.087852658375,4480.049043290882,4457.066575716863,4497.899106695759,0
4,0.6000000000000001,-0.017375014985295523,-0.042114785838503435,-0.007984915348779596,-0.012232102924091695,-0.03672010566713663,-0.03529413526350083,-0.11363751667038574,0.023164807161092274,9.678793048351869,4533.348944224232,4548.1159820180355,4520.381441190357,4453.469214540501,0
4,0.7000000000000001,0.07525979994395199,0.07878602251868826,0.0018790511307940764,0.02645852320671064,-0.011033502760933563,-0.14929967478796716,-0.07602844386215937,0.17293008660447565,9.511784015277705,4499.985638457945,4501.024316800206,4484.610772680966,4486.694352004886,0
4,0.8,0.003612456711810136,-0.028108117096736364,-0.14220584971679312,0.004300638858869121,0.021467331648899447,0.06956580149227369,-0.08097354673898116,-0.1251227915377676,9.753162423569044,4547.03374529387,4519.367942368786,4521.118940303827,4526.695708553565,0
4,0.9,0.021038328125929318,0.006030427380678932,0.0662306896647968,-0.010923322084360395,-0.028289260227326418,0.05783975476994586,0.12377381057492252,-0.11182319393560314,9.97438429648318,4550.422971401646,4499.932613947286,4475.459934457747,4503.690560205802,0
4,1.0,-0.027526698410035067,-0.030836505497820084,0.043318406727154264,-0.03207458950059791,-0.028878578449844542,0.0015432704299154247,-0.002230853891243119,0.03435545770399358,10.185045077696678,4503.135421082275,4517.9451645100435,4470.734011931561,4523.038129905496,0
4,1.1,-0.02631954325553389,0.003571041629054659,-0.01088486250691617,0.02065948469828062,-0.02619953108749999,-0.18265909076920317,-0.021343269708792453,0.046853125690512414,9.8404538751615,4536.966127122418,4513.12118022539,4483.084550044204,4430.23739537581,0
4,1.2000000000000002,-0.011865611709760915,0.051397950112889904,-0.03920477826671146,0.000566405273555284,0.008427205086134171,-0.08122338993998528,0.06232358966388174,0.16371217900017057,9.775437329621319,4466.128067345031,4498.00196918934,4433.268476741734,4510.107097919298,0
4,1.3,0.02261371888242894,0.08378181469227812,-0.019399479256662508,0.008169706762929406,-0.017225762047718023,-0.028514169642006294,-0.1525185436662198,-0.019478962128323563,9.748938169296288,4508.975992982667,4481.292093590021,4502.500360529253,4489.99859833177,0
4,1.4000000000000001,-0.016574969414975712,0.004018116298151507,0.004052294231700992,0.01522348078103277,-0.0024128606825966972,-0.027990827929840256,-0.01808074450872262,-0.07146641168409926,9.738017781286667,4560.934761392197,4472.619637179124,4491.640309983621,4488.375340101909,0
4,1.5,-0.012358580612219975,-0.016561965443919753,0.027924010122099975,-0.03420350202783589,0.02074342945064009,0.05060662397137579,-0.12428715860631348,-0.22690772729524014,9.61458557077172,4492.720006157187,4577.408756960724,4516.297708949228,4445.772310524556,0
4,1.6,-0.0344827752450472,-0.0026606218136491617,0.025368355429809693,-0.02629497720620846,-0.002699804559541228,-0.05741113100884326,-0.11037585626023166,0.025959564669895394,9.964775434688566,4525.231238308848,4517.2315905340165,4485.078914005792,4521.436492843905,0
4,1.7000000000000002,0.015452721905214396,0.006697094147600659,-0.06116931217017984,-0.009937522546830566,0.0014777387224910803,0.19518995735884012,0.030124248009139015,-0.0611188502250286,9.643522111006112,4485.247001620314,4565.318803426472,4488.022300621621,4527.206116038308,0
4,1.8,-0.01879641227356782,0.013059227063981433,0.07917452740087223,-0.01143805699619848,-0.012822233083055393,0.1327095755564264,0.0984592894895797,0.07906723186907283,9.967455258624584,4513.7872646493315,4560.533274395252,4501.317249056315,4517.317871016027,0
4,1.9000000000000001,-0.07254564642970063,-0.04124803432956205,-0.12008189998350405,0.025481271670322988,-0.051050803040414997,-0.03218480182021781,-0.2993706602660623,-0.08312878954818902,9.711810210053628,4541.546132813822,4511.898838176644,4475.005754300131,4531.978911591955,0
4,2.0,0.0008916127264878764,0.0018783429353626162,-0.12026715077719921,-0.019800274278062788,-0.01650194599891049,0.003716901852335166,0.007788572698067479,0.1544092663524045,9.887011033587568,4418.773029189837,4507.879259636151,4456.499509314974,4471.0208722616535,0
4,2.1,-0.0406084735863165,-0.03316691617561509,-0.13751493920403032,0.004069640069045753,-0.028216045701819185,0.028533408579987755,0.22369710770616297,-0.1329359058934064,9.753097939132156,4424.2962791246255,4490.971941210896,4519.281514578945,4521.619176940718,0
4,2.2,0.003868186514204835,0.044463171237948795,0.25460545359427916,0.03424609374875199,-0.010450418588192739,-0.11608831891733909,-0.04061514165738036,-0.09469827656173482,9.900269509572928,4464.564193817115,4497.81532702229,4525.14042163609,4496.979123815485,0
4,2.3000000000000003,-0.04731569113738982,0.058740702879284595,-0.18789809447538275,-0.006555901117549262,-0.0008332004676266948,0.0012726926719704866,0.01804960560780812,0.06104398198094932,9.80291851219093,4488.95825153569,4487.772319660209,4481.6545259388495,4523.626299729806,0
4,2.4000000000000004,-0.03232642397382573,0.04233855545041222,0.0018999082259871004,-0.010425096137122591,0.012368144314882697,-0.05819631397784946,0.06381840407282129,0.021272612119178486,9.690735062181616,4515.859044460037,4516.39769177066,4534.7255881742985,4528.984410372279,0
4,2.5,0.024563701036314143,-0.05637954756043816,0.2448586988174057,-0.028072324221436205,0.018985263485646182,0.03450270535090388,-0.11741423724811147,-0.012430093887849918,9.794249422751072,4539.1674814743155,4478.6006729915935,4492.1416498072695,4429.917911849362,0
4,2.6,0.08673813965617887,-0.05352341215100356,0.03269108642391749,-0.002028156594437279,-0.0019600193356667985,0.06478895878967,0.16712624603036347,0.025149366994199174,9.941015603526106,4509.866746101811,4530.525942717919,4486.11250861541,4532.261716632493,0
4,2.7,0.0555249932823692,0.054126850434145495,-0.0660147867336476,-0.0033667526847438174,0.004789339775608699,-0.10966736358632045,0.15949202080860148,-0.0012276533502175886,9.866785577520945,4482.689866808184,4460.19367321899,4481.879103435757,4506.576125629008,0
4,2.8000000000000003,0.03367144063768467,0.008089577030136009,0.03467240162419504,-0.006740527493627533,0.009924971324908563,0.11862662931087256,0.0704789442438987,0.08095418882529404,9.868803279861327,4454.905347912012,4468.660004081063,4513.646274019915,4499.671828441197,0
4,2.9000000000000004,0.0219921443236414,0.08382117089220369,0.07260359992293337,0.025177724114856432,0.001893627789414601,-0.06457725419875518,-0.005786615921434102,-0.08047518137191378,10.12165899135449,4523.711732296064,4515.615374898848,4537.078296066843,4439.398307564304,0
4,3.0,0.02940689756713298,-0.06553228921521863,-0.0007255698465661166,-0.00623415184934429,0.013234732241938958,0.018254983116876435,0.13451171736117884,-0.06018971609326136,9.951822877926658,4504.866696506965,4450.941291897853,4472.441506244309,4495.503658994335,0
4,3.1,0.05561462249458639,0.023186152877855727,-0.11675008238807144,-0.0028063245609431953,0.0403561289758606,0.008897866787268642,-0.03273255750723957,0.04917396407562205,9.962678615916394,4486.314949575598,4515.077243231143,4490.133315099875,4521.579828054883,0
4,3.2,0.008484657898564186,0.02409839135264461,-0.07591835461675045,-0.016425727681457187,0.018909946093187895,-0.0063517105108395,0.028503474209936153,-0.03063954270865196,9.989745354802729,4481.7657005991105,4495.931962802973,4523.579784381094,4535.189030974928,0
4,3.3000000000000003,-0.02618796455133417,0.09798419909779416,0.03132416936936163,-0.020858565236174752,0.007381040971799361,-0.030639937158676616,0.04340684871831768,-0.004285624766033802,9.824854738038029,4472.652198702415,4529.701836921491,4465.316178985469,4466.73705313785,0
4,3.4000000000000004,0.018368017457374333,0.08014221235889848,-0.03525930970644072,0.014019446454079314,0.021466803537270908,0.06517475498352553,-0.031120828917368143,-0.10910467171940746,9.36849048686573,4492.114785016128,4535.342621056865,4466.275020457142,4521.006295425563,0
4,3.5,-0.04750762650259361,0.005303628819341912,0.07077916141550177,-0.013189908736768556,0.003409693613938282,-0.0332073069380263,0.07051486589381767,0.023531716848463724,9.821301534885855,4546.750498804259,4519.869184271049,4479.289444016212,4497.424082976067,0
4,3.6,-0.0037949392539830375,0.004015978631260595,0.2524509276607495,0.0074170378542199366,-0.04071805140209552,-0.04342391773735721,-0.19323720874958086,-0.032979825704583986,9.412537954054715,4473.852285867947,4454.378354110976,4511.524805339024,4500.016180878866,0
4,3.7,0.015148115374936556,-0.00522756942842632,-0.1394297750204418,0.010270427385094706,0.03844449120538906,0.03273700628852374,-0.0425924599317566,-0.1428067176105445,9.628386605848007,4513.591189697162,4532.193540803981,4507.8259852416595,4523.99661869118,0
4,3.8000000000000003,0.035383912201362146,0.025326719569295882,-0.0658473595261256,0.0034784702395030493,-0.016967556077642765,0.0013943162366481432,0.03308635310669119,0.1678783807386855,9.548053605126475,4514.445228929739,4544.437097748708,4522.765432975164,4524.988363284751,0
4,3.9000000000000004,0.029384745093390608,0.06491672448877084,-0.1087478168112368,-0.02771853331940493,-0.00012668280930511924,-0.1728929682857368,0.12306458041780113,0.12207151954954415,9.723329888983095,4488.876882100185,4497.82957574548,4501.560619513189,4503.815217575829,0
4,4.0,0.02791160534391516,-0.008631317650423907,0.0943193303477794,0.008918955542506067,-0.012139268917452711,0.1068090134243278,-0.1358256986122487,-0.00921658108214765,10.003383480215094,4478.307806852636,4509.2866694030145,4516.300187909971,4474.184283960562,0
4,4.1000000000000005,-0.0036238859797017536,-0.007825191510460508,-0.05517378518322929,0.046033497041015496,-0.015262127068909516,0.08039442352543066,-0.039280101688114195,-0.10866361888852819,9.830562848631015,4519.472801531625,4527.615287251971,4546.867953319652,4588.357388698053,0
4,4.2,0.012525710187779857,-0.0331546086912694,0.04528743267948912,-0.005324259008129832,0.018519322597044596,-0.10377314370925773,0.23683345424004376,0.08560480947755128,9.473199196440767,4478.729132930551,4524.4824313234185,4535.290321685144,4461.832871183041,0
4,4.3,0.03565129252164744,-0.09736699363309617,-0.008933586547104598,0.022240936842064126,-0.01103031460205961,-0.12055378393104109,0.014621479637755931,-0.060471886663547816,9.935911673213168,4473.440207033458,4476.820893310407,4439.369930373713,4505.098341331544,0
4,4.4,-0.008045246913829938,-0.05941923353700355,0.019379871376709202,0.020541406012882783,-0.004311358868378997,0.0214533559857579,0.027331124958516417,-0.12043298271789604,10.221317164141519,4485.874505096332,4519.683486055808,4523.076458316871,4495.812146186528,0
4,4.5,0.030339751252981734,0.012290961090819457,-0.1417639757227406,-0.006645454025001765,-0.012251018047081237,-0.036939603307690166,-0.1304003177836638,0.11264337167460302,10.130398530922683,4529.340089279952,4538.115876724414,4489.660954889755,4480.912294950419,0
4,4.6000000000000005,-0.03892935234058558,0.03220324614786113,0.022706305314414962,-0.0015444342319685142,0.025902970883906862,0.032395308305227445,-0.08386576375205848,-0.06809088291356948,9.94639865985083,4531.251985579638,4516.550406967679,4556.906662436162,4549.050214971942,0
4,4.7,0.022051791742538143,-0.04192903297407512,-0.13099875117317678,-0.007747634900294297,0.01506426892832314,0.14613176634495503,0.041744703441079986,0.11687227942312367,9.760938502762441,4518.683073756826,4524.700704884315,4440.612171724424,4487.596835928704,0
4,4.800000000000001,0.04748501921389349,0.013723416781828247,-0.1196515048150933,-0.04860244751454713,-0.007315614906040128,-0.0057268554315103234,-0.08839229498283455,0.014308493702799442,9.91127734944658,4520.120615121787,4429.32243225203,4460.571447065757,4490.8613205493575,0
4,4.9,0.028608656551873175,0.02446170067750178,0.04718699478766758,-0.007668358839378636,-0.0065526687461992155,-0.05826634147373926,0.0768194128105848,-0.09204887877395783,9.980007279037915,4506.235597144129,4498.648665646346,4480.298688006706,4459.3337441650765,0
4,5.0,-0.032382637818902285,-0.016500343431244315,-0.23690243115812515,-0.003947103106693286,0.018487147360520113,0.045377432434709805,-0.04962058757415075,0.004693629841522773,9.6987670861156,4504.46282200007,4546.203234712321,4529.054964078747,4515.623829170782,0
4,5.1000000000000005,-0.024644245619185916,0.03749691964724193,-0.1686876951373053,-0.00504706963981781,0.011674228396478999,0.059233697123820116,0.06698844902157411,0.029483068920969455,9.770855004183224,4516.139279094795,4471.414168782411,4474.659682101203,4501.852040293809,0
4,5.2,0.008659882135437369,-0.09128075892823233,0.045514638094951855,0.015454567558387866,-0.0015457047493259064,0.18995730266271937,-0.06829351063151862,-0.03610871633868695,9.730986618774558,4497.714371661269,4490.138255611011,4457.795683661854,4483.603551112906,0
4,5.300000000000001,-0.004881034788703805,0.061428604103099874,0.22022432733729136,0.026709477957013093,-0.01550758059345213,-0.05566476885009324,-0.015932857750935097,0.17845588888535863,9.776915189563622,4460.174775283877,4484.964685891409,4522.711680054583,4520.698208306882,0
4,5.4,-0.010010833324582805,0.03417073367800153,-0.2273172202546832,0.0020765847006539535,0.017213708427372604,-0.06662906201236282,-0.0836338536496288,-0.18664481527634755,10.12797911896214,4478.395380689353,4507.231298335863,4518.117511244502,4545.3620384742435,0
4,5.5,-0.007694888699281765,-0.026971489688920932,0.01730676485705535,0.02568160553084574,-0.003403450628015675,-0.0763895265267261,-0.15407578083153625,-0.12212973846052254,9.982878299481333,4490.381265710796,4481.774372702379,4478.520983304482,4502.551375806005,0
4,5.6000000000000005,-0.01197275468827919,-0.013656607185962625,0.1349323927810739,0.030760325637232667,-0.03220043345817993,0.02620741849143661,-0.07768620986213923,-0.024825111386109357,9.871855677025339,4493.618402492072,4506.913796418829,4520.189106180957,4508.83730401621,0
4,5.7,-0.032341815208381176,-0.031459980348516194,-0.14397052966180354,-0.017078405950414367,0.039241367237970566,-0.06336028592761955,-0.119337881244382,0.03199278618447734,9.78792704814163,4494.132202894523,4542.271378992363,4516.473800266751,4484.100212048896,0
4,5.800000000000001,-0.021223795879589,-0.025129325695284255,0.08747396215802572,-0.006162952589062749,-0.03586307004908301,-0.0038655742987475455,-0.1537026001127929,0.21842306017549018,9.616866417230554,4495.144057039268,4507.746082041034,4491.3402551796235,4491.299087956014,0
4,5.9,0.021091364308043856,0.07631079793981393,0.07675090818172975,0.029570277571470856,-0.020932382161870038,0.02538901066042891,0.015524605205827928,0.03510912916767348,10.085246394127115,4493.376325506239,4487.834899003377,4516.01942392256,4446.653918173025,0
4,6.0,-0.011842602456108915,-0.006709884464272649,-0.09203586163069254,0.021141180227131545,-0.021244806346865684,-0.010869843869103698,0.029315722532296834,0.13534515614761186,9.80788871302383,4528.084607823846,4521.017861918313,4503.703726685074,4467.314597751796,0
4,6.1000000000000005,-0.07172904304521745,0.0053252700709593235,-0.05426968739026136,0.018385221833625835,0.01491713036197155,-0.014768879554963985,-0.11577129239412694,0.051073554960727345,9.60641011077297,4477.246082312074,4470.617527853546,4495.8449693418015,4535.105770022117,0
4,6.2,-0.0002520435111764351,-0.022160934621384788,-0.15256149300452443,0.011042491694596859,-0.01560809211857255,0.00940140953264773,-0.035421861591664064,0.08381772195994378,9.77855272159429,4498.232209364309,4514.572414423664,4563.208205467896,4526.653407910757,0
4,6.300000000000001,-0.004430305317430471,0.00015989953076441985,-0.05248594603244347,-0.018999914070393906,-0.011055015741326439,-0.061771917096955405,0.06533683837958855,-0.10711948578689862,10.076642112276009,4522.561391508565,4500.61505188103,4500.009558343952,4483.2815607115635,0
4,6.4,0.013504220567388203,0.05440462316042946,-0.07031564622558138,-0.03066784177837461,0.014064365097134879,0.02594927793950404,-0.11201988014411796,-0.07333913709141181,9.638179145189973,4478.264031928972,4490.289517378765,4492.0035808715775,4480.476190347947,0
4,6.5,-0.03790819097499641,-0.011439217195969078,0.016769153485956128,-0.006325930727296892,0.023173340466826033,0.040647017153662916,-0.15908458568586958,0.05237277654138535,9.931108796517117,4486.9579509562745,4455.1440723809055,4500.242002782334,4499.768740455533,0
4,6.6000000000000005,-0.056082311826659736,-0.07256096081299677,-0.008755354645343943,-0.0046615438410164385,-0.008345307306447872,-0.00667285877972491,-0.11027763738203192,-0.04348206128661142,9.91666500612287,4489.500897589462,4449.840825846223,4485.819231668293,4467.895246094794,0
4,6.7,0.013356814823086538,0.015941870169021266,-0.1658774625086031,0.01518025941164378,-0.02224372602557117,0.12473458323858812,-0.004877626450061687,-0.12463934985391623,9.581602785861465,4510.44285875362,4488.261003303049,4497.1003827114555,4548.383406980911,0
4,6.800000000000001,-0.03496220321145376,0.002998142884785331,0.1419844487373053,0.005410269509328003,-0.032132054707160115,0.040431120938570944,-0.11630028577834442,0.1406807528732965,9.645426479000404,4589.08528523237,4544.02127964983,4476.101622911161,4500.600414150048,0
4,6.9,0.03768221408167318,0.03918302371133539,0.04423362599761972,0.0250431807393222,-0.0024593789326873903,-0.029337413486082653,-0.03468639879246106,0.08583732319721273,9.88303620806053,4508.738509970708,4523.857027477716,4438.468427764385,4509.302064716255,0
4,7.0,0.010928444443685787,0.08344040406503526,-0.15285879822636672,0.03114373264753516,0.0015081825784933162,0.0391191624528036,0.16759187876093767,0.056076126800557305,9.890073657892513,4507.26873557407,4485.495655950169,4499.145326264688,4478.5346170163175,0
4,7.1000000000000005,-0.0022283449712741,-0.11679653485275483,0.04290395675675487,-0.00243474507567251,-0.006724074733335286,0.017580646715211454,-0.14335639229654407,0.19292699966212826,9.78944650770248,4495.624667010834,4471.038113696012,4500.718391473478,4541.6087967081985,0
4,7.2,0.0517958104716017,0.042721887557027806,0.05463989516672716,-0.007170850551252195,-0.02900326334073404,-0.016083101749330805,-0.02358714645336772,0.1048794439671241,9.871878088491965,4548.369345837106,4535.924656201145,4486.3051317148775,4446.146124101404,0
4,7.300000000000001,0.06927876169707406,0.06796926116153722,-0.13662115909022263,0.030184800396550013,0.007642343411850358,0.012854839850052242,0.16147832542473273,0.1344685173230615,9.940266190399042,4514.196511974359,4518.491828715911,4487.998276983524,4498.34695650803,0
4,7.4,-0.045115857729727135,-0.016651988786945942,-0.036663387866893306,-0.012706107392433292,0.0027349300529692622,-0.025918468056046175,0.05022347203519739,-0.16223206132937654,9.787329041178541,4503.946549205325,4490.681122804894,4494.828219005723,4452.442619678104,0
4,7.5,0.017823855233474604,0.032380299128353524,0.04935372942037669,0.02077454118884366,0.004030592115650039,0.038294494452074966,0.01560907384568524,0.06875507195924942,9.494554072773576,4473.192570960659,4547.606989710993,4426.186925337114,4495.79466210524,0
4,7.6000000000000005,0.05861374798040341,-0.004663033277088231,-0.04050110714506975,0.002588433536306008,-0.0070624036000489325,0.0024679594205551333,-0.06833810365201297,0.11086744199557241,10.094652984213132,4495.998290336652,4458.405317379263,4484.284704890598,4494.480340196911,0
4,7.7,0.025276943845160407,-0.0504006611585339,-0.07691623186421508,0.010213522757176147,0.018778176640791157,-0.049727523613654734,-0.1333217053950996,0.32841182012878845,9.966660847417744,4491.989887146989,4526.070938265925,4496.266301108567,4526.014706673006,0
4,7.800000000000001,0.00796965988881111,0.004563594908378664,-0.011358186823078863,-0.028947626669261796,0.038761897987862795,-0.07532271362141947,-0.13600235763105947,-0.02128598827563673,9.617705637297899,4498.448616283192,4520.632915456853,4529.859087015877,4524.44192164865,0
4,7.9,-0.015281602739284014,0.0024795913830792937,0.040787905089749096,-0.03515574847884145,0.011411694002397192,-0.11658394300670652,0.20403465989064895,-0.04045150846416953,9.773024964561083,4476.908787022864,4481.10089904433,4568.222807074298,4528.211090658699,0
4,8.0,-0.07746012225739192,0.07521064503426149,0.11932422751414316,-0.005624249245765769,0.006133938840596752,-0.0011955263536859396,0.19725799044469325,-0.07962901889920904,9.839202121955147,4487.155640070216,4457.008787861464,4565.74914765165,4464.553002626928,0
4,8.1,0.011006459374388796,-0.08703503031901677,-0.03990705392430933,0.00843937642866915,-0.016494679590047256,0.04694414805885241,-0.026904109188808246,0.11600825123986132,10.082352182668044,4482.3976571780995,4502.301985781789,4505.503626794167,4518.580478863041,0
4,8.200000000000001,0.0007190998122132869,0.00951054796714211,-0.02434064747951195,0.0023047973394403664,0.02595880387070265,0.05168665929694835,0.0701255639443369,0.07230703241355783,9.779238244423793,4509.564811307386,4467.444789649928,4538.0642296895085,4416.511187029703,0
4,8.3,-0.0043574196167712595,0.057044798857513714,-0.13638679336293416,0.007995598352337022,-0.013615328931580538,-0.029504261215109497,0.09459409606394378,0.01980569258851502,9.403128826423128,4470.7072338080525,4529.260072046663,4513.46828154579,4552.444067175728,0
4,8.4,0.08413237970066487,-0.01711225650733959,0.25032378050694887,0.0004895933970382152,-0.019253370688180508,-0.05069118927284619,-0.22567251052894188,0.1607019008249281,10.128952397808773,4469.5347768356005,4493.163471348543,4502.868226323378,4471.189408435736,0
4,8.5,-0.08775510156355809,-0.010517880188845592,-0.032107942945924686,-0.007768224819775503,0.004454321252019292,0.11436157268207937,-0.03030927196917261,0.017044299872136286,9.955374104748987,4516.624287795383,4481.567294266565,4502.891313693421,4516.426194605072,0
4,8.6,-0.05641756687553889,0.0631769505398254,0.14315889052141112,-0.014455605108889876,0.0038734003669633737,0.051382260533682535,-0.05456141563287527,0.048161384568809446,9.842651125258433,4455.9624546708355,4513.774839479357,4466.995727511869,4528.176085549861,0
4,8.700000000000001,-0.03356055375669444,-0.008064271683057253,0.1372278913446575,0.009927632930576904,-0.021589478391490908,-0.0811933256639267,-0.059930278862372545,0.03946440833566661,9.881659962986554,4474.706930860114,4464.983715431569,4508.447502152575,4494.544198026295,0
4,8.8,0.10786079437238688,0.0018301828281539476,0.18142528277002748,-0.0234076719620868,-0.03146425879123414,-0.08960681060204277,0.11891297814534663,0.1756101589693534,9.653564109209473,4486.183019107213,4464.930572693625,4445.650804586448,4521.552350933299,0
4,8.9,0.011151015148108158,0.0005243991336937721,-0.140005653716338,0.03279913363657321,-0.010067134760989463,0.042690113985318065,-0.14545614052447245,-0.019052518962003738,9.868274891247717,4509.812256541599,4504.639456297099,4514.835674761463,4466.084386319011,0
4,9.0,0.009868630271983002,0.005687884174013869,0.023167268419506087,0.0014469043463836357,-0.02546425547826795,-0.1054239801687179,-0.22142681858845514,0.08175345098452977,9.97553150194704,4525.306508736664,4509.203698873844,4436.006423468457,4469.198685246442,0
4,9.1,0.008520770879655597,0.006775900139589772,-0.02227482131520212,0.007378344058164934,0.0002330341537049113,0.009661637244108935,-0.06390653328320162,0.09820109861215903,9.723845678263924,4460.080527509381,4476.870029615438,4489.546014259141,4529.820083651065,0
4,9.200000000000001,-0.002113399921739652,-0.009307410948282451,-0.12486634247626274,0.015709651796591527,-0.013039043080467714,-0.008002228715306875,0.14801830768818647,0.05087633310493045,9.484349190456966,4446.914692909426,4498.070686496422,4463.617781553756,4519.45640242899,0
4,9.3,0.0021131532482489596,0.008269238451193149,-0.0706743181642353,0.03482767310573411,0.05685187456020919,-0.022286777900537177,0.0353039248415001,0.009741734306431259,9.758062627311787,4475.037885968016,4467.450960375586,4465.932082034235,4512.1572007664745,0
4,9.4,-0.025983723910181767,-0.12891464250702653,0.04448582205983224,-0.0007652256492831173,0.026933460028022924,0.029849791767280746,-0.14786735963102973,-0.22296766407299812,9.666105523132414,4481.2467773791905,4528.294776030005,4499.733872031313,4534.010654942956,0
4,9.5,-0.06624165278513174,0.04826321921902241,0.07209891534309196,-0.04036468222862393,0.026452356825215448,0.007476679341308219,0.039204450386850574,-0.08648961124284227,10.065049402584394,4464.424430122834,4524.962760551219,4524.61822427726,4470.774977154833,0
4,9.600000000000001,0.09916867997112871,0.011576424010875962,0.06538926102710242,-0.030542415906715116,0.0423546000601713,-0.09796455521800718,0.10248864327659304,-0.09947717179316955,9.686202239430465,4523.662621316564,4530.826581410255,4461.861472526577,4532.714165071709,0
4,9.700000000000001,0.052249024756659705,-0.046897670442244625,0.15986475935911104,-0.02913715256496076,-0.012495451655552308,0.0383202099273591,-0.08535662847026065,0.026381908567934098,9.85821521576066,4494.3877719023185,4524.972016157717,4493.14917622027,4506.946232064414,0
4,9.8,0.05732359387439513,0.039534310501292025,0.07860172908142087,-0.022983592044335605,0.010495851510026435,-0.07027990327756038,-0.12814149797780264,-0.0071706346284968366,9.629140962669682,4523.7185315652,4524.436063790859,4442.9212129070565,4475.150923812694,0
4,9.9,-0.07298933359589994,-0.023131463829644535,0.04551756698688244,-0.004845761963567766,-0.011795184813342708,0.10401412214505115,-0.23048571725962885,0.12368718935182249,9.701142341368904,4497.656729696616,4484.179099868396,4546.286643166173,4463.070645095842,0
4,10.0,0.0005868184860967924,0.026371932592999837,-0.16110027678851677,-0.018397963408923072,-0.0029635706699645825,-0.07093320277474999,-0.081559177121915,-0.034986266307643746,9.939916266329234,4489.7184666936555,4532.352785834189,4470.067266520219,4462.442332185797,0
4,10.100000000000001,0.0963172702860567,-0.03289790638327557,-0.131091200707216,-0.034841078835436606,0.02150206907617878,-0.02730436117280474,-0.02537097350663985,-0.01592017115866396,10.012588576933958,4494.614104980722,4570.3216133649785,4504.012817221627,4531.8535430087495,0
4,10.200000000000001,0.04026199289522034,-0.0018223660129018855,-0.05869709860204633,0.006639278571331073,0.01020197462414546,-0.04580688385012218,0.016633886595065584,0.12362049782595962,10.223989547813936,4525.631079610483,4555.882790591409,4481.118773663807,4521.056467561779,0
4,10.3,0.06692597542906362,-0.0448166666485998,-0.04855901120450093,0.034758095236705006,-0.019501977115738797,-0.10729040261245686,0.15279815736395114,0.11967632249804386,9.896424048796755,4498.628677360625,4486.8442648318505,4508.4584662142715,4547.394208722047,0
4,10.4,0.0119283063071038,0.1083479633623483,-0.08979419856402304,-0.00039361508656538745,-0.007461173353278311,-0.08681132345298663,-0.015308373300965544,0.041732930166043965,9.914846035990406,4565.113565368337,4513.934024091707,4534.504104110389,4501.982827388969,0
4,10.5,0.08390278002262977,0.11992246427940348,0.053108513097594984,-0.019853180309031628,-0.010976100455543368,0.02255474425641297,0.04564980352506459,0.0698425134384372,9.902039536246008,4500.209547487678,4480.914046763936,4512.034147837927,4555.64962072442,0
4,10.600000000000001,0.05099643027138774,0.026735197481809903,0.10295669238227512,-0.00742128057801705,-0.01016530292166641,-0.059822808349278556,-0.012528662276943792,-0.04220058967090802,10.051654948130428,4485.740297469534,4475.918348513253,4558.277315364919,4486.45874306756,0
4,10.700000000000001,0.007676422862517549,0.022566141237170583,-0.11366931189208151,0.024709675390061383,0.012742380808224553,0.12467072095046254,-0.06792219372181003,0.009912579247616002,9.81787115099884,4507.916654830501,4456.361557542685,4503.325091360766,4457.206082657288,0
4,10.8,0.01791670355984607,-0.106432456225926,-0.18515868342905867,0.016370974328799966,-0.010936769103895653,-0.07902864589057927,0.1270845621075548,0.032762621732841495,9.984418039106757,4495.012737830375,4580.388860817,4481.864584183206,4552.334866480796,0
4,10.9,-0.0030683020049956434,-0.0827255197456373,0.048284874574810864,0.006295251229103274,-0.021026436284784594,-0.07377754217077719,-0.0024697643084992233,0.03497478152479815,9.31586734342412,4531.593643575714,4485.165060785551,4460.047575468055,4528.231996543558,0
4,11.0,-0.0011808989709228162,0.06080828883911271,0.043795226297975554,-3.0290058960921086e-05,-0.003054598899603123,0.03861702084449103,-0.041353125880933025,-0.08525725887464995,9.93198182453093,4495.665364756667,4501.00702944207,4532.681395084638,4496.583701767928,0
4,11.100000000000001,0.0007516962770895276,-0.0299824755725466,0.04307399339818508,0.00699655825360176,0.01801550263581116,-0.04633030696055009,-0.04578169695901857,0.07921373991454694,9.860442600672574,4472.8134562142195,4539.196622032035,4449.046482947992,4523.528542597913,0
4,11.200000000000001,-0.06326060179990983,0.09428942582427635,-0.15445997269056233,0.02304501303745497,-0.0016326872002248793,-0.02932820558709952,0.01853966564677613,0.0631900339157813,9.629119899533826,4475.526368244943,4519.488145953386,4448.779711390512,4482.473127204237,0
4,11.3,0.15203434770797206,-0.04840064822946405,0.11478027917597527,-0.011719015374276243,0.01018090289594288,0.0523484552476974,0.11289567351829476,-0.02002538268127757,10.20777692775097,4482.319903062445,4507.026612407987,4507.358307966529,4466.340956401517,0
4,11.4,-0.014293612748956032,0.008075674961920366,-0.04321210431294198,0.0488184793091307,-0.016772473471990616,0.09435395745123422,0.08564598131487866,-0.0013862134504271355,9.636958189229551,4476.952340388247,4484.460981023505,4446.427761541612,4469.896037226022,0
4,11.5,-0.07412382576818213,0.06729375015888583,0.061846239238821855,0.01571948197730921,0.011776639030838953,0.013357409866733054,0.1460680332129137,-0.06107626557317373,9.83133393107341,4522.411764834724,4460.363723044316,4592.897666884276,4500.856972883327,0
4,11.600000000000001,0.007099472528779637,0.06284390158374609,0.09149553330102239,0.0007615603879291826,0.00260258876196084,-0.12033188247583831,-0.055646577784997625,0.05172102161589603,9.898778567808577,4536.634972500123,4496.3849682533,4458.381404597074,4531.70191292327,0
4,11.700000000000001,0.0718044673091008,0.04491222864281147,-0.01636336708574914,0.020887721037531583,0.06857820956016428,0.009212185155238053,-0.13117366922451246,-0.058628504955215203,9.935095200060811,4451.855870673058,4505.082092247362,4511.410099509477,4546.0536521943795,0
4,11.8,0.06550974280271503,0.04322923958758856,-0.21626790105145297,0.018421062560958504,0.014110267721204928,0.02047555016626772,-0.17302221261454856,-0.07767739091870604,9.576635446093187,4439.549746814787,4499.912545457556,4476.065336356716,4578.759167408068,0
4,11.9,-0.008438596971895479,0.06468765779329802,-0.15690990246932246,-0.010601791720097396,0.0019379575206862917,-0.07265231588861364,-0.04222006848047444,-0.021795090624353874,9.763218402911022,4555.653557191061,4511.346788562945,4514.385316888239,4516.189643230352,0
4,12.0,0.03063131886685563,-0.004144349193743268,-0.032074637147884624,0.0033363211903655494,0.023136078978269456,0.0900990550749107,-0.024039847568841116,0.07678436946681115,9.771083067392066,4501.016116483057,4485.794298553374,4494.550645832813,4540.2399020864905,0
4,12.100000000000001,0.004621057366961815,0.006764125427615896,-0.14472177792579585,-0.0061848781526545925,-0.004826298074894574,-0.06633147883547241,0.002166541170356352,-0.04291822902276543,9.825999171048718,4503.645090294568,4471.327369265321,4488.038946525504,4502.321228482825,0
4,12.200000000000001,0.059214971557836275,0.012835958639787027,-0.06619351799174276,0.007980095184877047,0.034150977786435215,0.07333651780712148,0.05475265304356202,0.07255901754823216,10.097990808285727,4532.26880382053,4517.00281143353,4532.059266587703,4467.550467112078,0
4,12.3,-0.07511326261701406,0.007854932532191506,0.006868070965053837,-0.010878201070265152,0.016517053396554193,-0.14902908691609887,-0.05347722560578038,-0.048495554487761494,9.482739642980109,4544.841930218079,4459.223961940101,4482.349798280769,4527.239392734154,0
4,12.4,0.032302267171436576,-0.05540873482423733,0.06824892092606365,0.005795689573164437,0.04666071124222935,0.03231523328546436,-0.014124182106853178,-0.08565019571194227,9.661151326608886,4475.2269271359555,4541.1329644173575,4500.539097450494,4516.957413719242,0
4,12.5,0.07571237999904436,-0.11792320711037325,0.1278873764700375,0.001107938235666683,0.008700967432808888,-0.06627225773986009,-0.07551243984485184,0.04888458898129879,10.286919560066295,4530.099399384447,4537.965687642556,4494.239961892157,4481.993873262431,0
4,12.600000000000001,-0.03904024757894967,-0.024413686234834402,-0.20527824331705255,-0.014498386857832038,-0.011207063121196863,-0.014028653951587283,0.013175010974729173,0.03624508686256106,9.807014925511409,4482.556707409717,4441.099240702034,4482.740741747946,4470.82648086939,0
4,12.700000000000001,0.02330333741393019,0.045464369834684694,0.09385710670599393,0.015139054722556403,-0.0026705147090497643,-0.04175644523807174,-0.07471027536670663,-0.15074989166017505,10.008370740101572,4494.7586688621,4462.609791191374,4475.205258728693,4473.990796307024,0
4,12.8,0.0021512242507563386,0.05337339255353429,-0.034798954959558315,-0.04505067029567299,-0.0037836067031784023,-0.012495512007775657,-0.022492023093552173,-0.06274611664757017,9.853487816145169,4501.98423345447,4499.255090576201,4512.379240843289,4487.105015305564,0
4,12.9,-0.024329283485032663,0.06900616447927,0.05593554097154361,0.016538921218855994,0.02452209170668137,0.042075534449984006,0.09283886791361712,-0.15793451620702603,9.850830774399206,4494.51844614557,4550.330522726994,4527.829365954099,4481.086644276204,0
4,13.0,0.018639707926460296,0.00838406667246199,0.04543314331522287,-0.020376849387493037,0.007200329304764505,-0.018252107943058746,0.02824497640556005,-0.07243851651221699,9.69298736572068,4535.215260611001,4468.453573249795,4470.667367968738,4498.452562283533,0
4,13.100000000000001,-0.03859451875929773,-0.044251431613139935,0.0105075971208295,-0.030101317138074096,-0.02015924469827276,0.16432764663389146,0.045947505896900914,-0.07465633522699111,9.89364301565324,4517.019914309599,4529.832432602707,4496.185319116298,4529.294931083186,0
4,13.200000000000001,-0.10192232624410864,-0.05281540652378766,0.016387140173645575,0.00659267065615583,-0.018235645753372835,0.02075359930105273,-0.062384024868726046,-0.027695909422716564,10.014954760133003,4527.268124906658,4470.088190179102,4468.282456139397,4487.664798133401,0
4,13.3,-0.0013373150586462566,-0.032894924428737045,0.1040642442799668,0.0069477968341711055,0.00812170219748858,-0.10132310631559774,0.11672907173837799,-0.2820168822240691,9.976811090369875,4528.029352130123,4487.027964381661,4538.187306517422,4498.10707341137,0
4,13.4,0.003121585166372147,0.016976439370210813,0.31865749118110553,0.026888678161660087,0.014022624014258361,-0.0730243589280956,0.014358982547949218,-0.08131240938463866,9.974422169456563,4504.214009272046,4466.264349611583,4502.433737502555,4474.517475908511,0
4,13.5,0.0075608110668773515,-0.042953865818262826,0.00274876333608128,0.015009397238701896,-0.0010610398385021223,-0.0312710613737911,0.02032762210574626,0.0697182620792853,9.588563346023648,4507.8196846411565,4539.526224570522,4517.209708898302,4501.732624400017,0
4,13.600000000000001,0.03198687533494474,0.022624822805134122,0.07536011091598141,-0.04047863221965889,-0.031069122673265306,0.08038633195865896,-0.15052791761614406,0.04015386357192051,9.739590068793543,4470.11432263212,4510.489492714424,4506.0310051114975,4563.310279562891,0
4,13.700000000000001,-0.031240560226794462,0.07200550600345869,0.03524229143843145,-0.013220437630854247,0.015984929150344905,0.0452590803563161,0.0035843294858049234,0.026629535644062348,9.690602593790894,4475.226386242365,4522.783265214677,4493.281817270602,4497.5975100525275,0
4,13.8,0.013991079797213857,0.013264417239190408,-0.14293264709740647,0.025725041729097176,0.002423643038013566,-0.01621226102577195,0.04308460051697467,0.023654219361486307,9.963412537897941,4516.1395101645285,4521.535386869888,4540.529817171826,4526.508736469129,0
4,13.9,-0.008024311016428132,-0.05614505780384164,0.1667797933004515,-0.004754467466942254,-0.009462148267210447,-0.13893814542115515,0.03384731053121114,0.014888660395377016,9.506977012750104,4513.598221263996,4485.054242378957,4580.709450218661,4482.919164237274,0
4,14.0,-0.021759666609889664,-0.04373881121271839,0.1277876521041972,-0.007455515889295062,-0.014498283075309934,0.0565564007936434,-0.13803529354131852,0.06251105462489474,10.166279943320172,4516.9982349850525,4519.136949487798,4526.101806507225,4551.291240860265,0
4,14.100000000000001,0.06049469800095522,0.021983486113651186,0.09038914006360015,-0.017718698509302213,0.015525871814946442,-0.08044447769469981,-0.03670224186316267,-0.30825621751432375,9.890285931873493,4480.683839666749,4533.334356456134,4511.705778318162,4533.722876841049,0
4,14.200000000000001,-0.05417982723362689,0.05191930185798164,0.2105856344363327,0.015283165998637887,0.015806980173845776,0.0135678141115948,-0.05246687805653643,0.07611923727015087,9.508783417919586,4487.467346252375,4446.868295929885,4478.890308680548,4519.261352756806,0
4,14.3,0.02526966881102316,0.002545684776773635,0.017040099406201072,-0.03771729235728419,-0.007451245611418298,-0.054508128514816796,-0.06590596905145409,0.05995786278137534,9.63789853469894,4481.859574496178,4437.3879226287145,4491.176304588715,4467.364873568591,0
4,14.4,0.003960146434482181,-0.047555402337123236,0.01045422455492162,-0.0028937152148468637,0.03344083546084641,0.039777438436255495,-0.1839637872562303,-0.12648888441027084,9.821041601798466,4472.104561548221,4410.948947092925,4540.486389415012,4521.606720507162,0
4,14.5,0.02604884367458858,-0.030366152273545756,0.04276767710099297,-0.014087206484417632,0.004097146004353815,-0.0736466580669182,0.15162884505560142,-0.15702366540818447,10.056456765902167,4501.16747484052,4485.31599013974,4505.010087650872,4522.000440215345,0
4,14.600000000000001,0.06833733683471986,0.015657151156676607,-0.08906960852622774,0.001112602475315771,0.03633586473324745,0.10781424684100993,0.09087634781243586,0.07956870201223867,9.949890018121309,4534.762645035296,4486.301136428343,4459.347418026749,4502.070105022111,0
4,14.700000000000001,-0.04087907933888455,-0.05275103776885923,-0.07202785765879319,0.04970627849067372,0.0027224926815168837,0.028952626908879054,-0.12223628070042541,-0.184375295879263,9.646189471376239,4543.145867556263,4510.028263982295,4517.957852743331,4522.156981176062,0
4,14.8,-0.029567468989913887,0.06939827919866838,-0.06328075992221822,0.02812464718525106,0.008846043122706813,-0.14312361233970577,-0.0748009486600535,-0.17849385328721046,10.042656426558842,4499.257937375928,4433.149726801506,4511.27240645159,4483.885072128351,0
4,14.9,-0.07419029275166616,0.08389829184843486,0.010728586609657871,-0.005868628046266251,-0.007988495619720341,-0.12106235753262178,-0.13045488995841095,0.12849167848750834,9.715223426042856,4500.662031028106,4438.670085713968,4460.457238926135,4518.294375596242,0
4,15.0,0.01888558800569168,0.08766875993621578,0.13429563316312262,-0.004614219449696462,0.00945907129426542,-0.025328275432245917,0.20548098186386488,0.11490146960523998,9.84393701817155,4506.011843546291,4543.345508617795,4517.387335413416,4546.758840512102,0
4,15.100000000000001,-0.10968239631294369,0.02306141307493991,-0.0515434864681385,0.03512755975255985,0.030927973743796584,0.0026268647281045333,0.15356309788110317,0.1783114519992506,9.82488133438523,4574.158013172956,4499.059765419908,4493.564371489922,4525.976177657531,0
4,15.200000000000001,-0.017689536557115693,0.004266988789744692,0.140943442405091,0.00038437704434540656,-0.033900355859506154,0.029385551027935733,-0.06962935790523948,0.0865271157294546,9.94923794316525,4544.142010444995,4527.225969023781,4532.707328509742,4479.927097195869,0
4,15.3,0.04019932479452513,0.09842256446801452,-0.06886499086367673,0.03599476583454196,-0.01098700182402661,-0.06815769960399794,0.02962004433548381,0.07159104161288095,9.992350024794453,4471.147127376804,4513.0362029176285,4479.433362855495,4455.332332317883,0
4,15.4,-0.04643681577663924,-0.037545018297790916,0.05215951603525072,0.02304427326137337,-0.029464132597505334,0.028156885936644453,-0.11766981857709065,0.06290854090140004,9.685453883799251,4468.460129459301,4523.989935460428,4482.392321836647,4490.521081459419,0
4,15.5,-0.11099945437781883,0.04732756807117369,0.08209085211691072,0.00010915688562627904,-0.03055161882711518,0.09674953426678105,-0.06662633863607913,-0.04533534501005882,10.272408811271907,4478.890906676723,4522.266298872795,4516.862767862479,4511.705165786402,0
4,15.600000000000001,0.014100027127725547,0.018819428094459967,0.027194059094054035,-0.0010383671755212185,0.030225662482214845,-0.10501284486394226,0.10214581040153765,0.08223422986875517,9.94967982426588,4533.509382829204,4497.222018141948,4443.930777725193,4497.831220208565,0
4,15.700000000000001,-0.04955971088122772,-0.03659296049290319,-0.12424196738324118,-0.009546897168876687,-0.011932473879668984,-0.1902055863941682,0.07002219112822892,0.22203218580048822,9.931247438699259,4493.912281303973,4498.357608129713,4487.3704239596045,4502.701247516009,0
4,15.8,-0.0018504047036616814,-0.04205242151991473,0.16828883889478316,-0.029743084714195418,0.014366630863884924,-0.00809581018540255,0.1900831815065745,0.03408645992482214,9.738018892563352,4492.568784046965,4501.197200835592,4465.716279150108,4476.993914246463,0
4,15.9,-0.08924719845959289,-0.0461488449187047,0.00939064816604498,0.00600350098569042,-0.03958659389992804,-0.010976936243536038,0.056340995082213234,-0.01629121933762353,9.68324227084444,4487.635165648554,4483.777099350684,4480.898083226758,4505.214705757346,0
4,16.0,0.11538441138677256,-0.03718499584525917,-0.031814263266142694,-0.001033958787504633,-0.013747088687165872,0.08785886428187413,-0.23708853733064383,-0.05310591703786757,9.973662747263992,4491.177170748341,4475.3748312344915,4513.222702633163,4527.190297061915,0
4,16.1,0.010531772260752921,-0.04006101799064417,0.04562033191517433,-0.008040986005495798,0.014903737637876556,0.11866071078852727,-0.2605576755688533,0.011106747319563267,9.462853212610476,4573.253657559893,4485.956263986114,4522.391197254761,4498.940494212153,0
4,16.2,-0.040154229035952976,-0.04610265235887134,0.1585679173100759,0.019118761203566214,0.03887168174755126,0.004436266812615933,0.02879196212460003,-0.02671915656552882,9.752583559377,4468.743392025679,4502.52030572773,4476.322602153414,4513.257267664926,0
4,16.3,0.008500510949010484,0.01438410218378611,0.1675129939690226,-0.0007543589953118235,0.015134540057068564,0.1641207571268465,0.13066170692950477,0.11531696984548448,9.7486623568959,4506.889291667034,4460.451711239101,4514.967432028932,4508.233805328416,0
4,16.400000000000002,0.001169256257809055,0.051359739412143,-0.12077748224243966,0.032697257023206944,0.01803529375880568,-0.005650718372157926,-0.01487295878173936,0.04806112152485944,10.114170246412757,4503.0482315607005,4504.320927059377,4500.543554328776,4553.460723381044,0
4,16.5,-0.018444155146851195,-0.0014753799309535633,0.14634356542609947,0.002940216672257271,0.022741177200910446,-0.07290240455223669,-0.02052925216285141,0.14844340384402285,9.674732056847292,4495.461028806909,4507.700556926744,4470.32536446021,4487.585696441343,0
4,16.6,0.005631834091282019,0.0023340867080980606,0.12803520208371358,0.03082914389664507,-0.01712169744001823,0.008901481533399156,0.06742483084247657,0.15163474657991974,9.953698059463427,4508.72740204777,4519.996275959479,4520.213065030088,4472.168571231469,0
4,16.7,0.00963993962531344,0.07295804970943458,-0.020735676869400466,0.0025889328509488847,-0.004850328990520439,-0.18510875964855,0.0020590177234679143,0.03017919306528727,9.70750132182382,4465.360891533458,4473.581806206551,4522.925628484067,4559.1757431914075,0
4,16.8,0.06912166704527165,-0.0672173002415276,0.0854627310550703,-0.013263247516185801,-0.011645341250175544,-0.03695804783770272,0.07060669498554305,0.09592533764490382,9.790393785744042,4497.567877769759,4513.927912297074,4517.039836185727,4535.2867712027555,0
4,16.900000000000002,-0.06421859877545993,0.0010013669902015,-0.10680243758911777,-0.001018845581268061,-0.0045235057536152186,-0.0037399563122161835,-0.07997428881105317,-0.1487289793207429,9.391112494657019,4496.064595372055,4487.069966825012,4479.721870055885,4539.67645388495,0
4,17.0,-0.04297190933976555,0.07084170410694014,0.16238437442692571,-0.03901800933578762,0.001847629179979395,-0.03197571926687926,-0.29118039447172656,-0.14446412530684144,9.964987221421696,4560.575977581338,4527.080344280977,4509.708974175389,4499.360028551067,0
4,17.1,0.0841331457324057,0.10741196009788204,-0.058684267952418614,-0.03999973120620582,-0.04196374926542403,0.10575047937278416,-0.004705854077438652,0.01832419104587185,9.451869801408657,4477.404332616346,4491.135575582976,4506.235151500922,4488.042238832587,0
4,17.2,-0.05186630991506713,-0.03922834963012615,0.12083232859472329,0.0048956923920699955,0.012243136139111033,-0.07190990487018638,-0.29538234854006246,-0.05231043068844964,9.6366858891149,4510.470368058843,4598.5717114104555,4520.8549805285475,4582.078804781505,0
4,17.3,0.028438484766972433,-0.03149431187863576,0.034791607812088336,0.03561277198955416,0.03659125192642478,-0.04602698944344633,0.025318369569929895,-0.14292668796711452,9.974933724938287,4546.6006409716765,4501.193983623481,4479.978478369196,4510.8039285383265,0
4,17.400000000000002,0.0208729515681583,0.0040571915924810095,0.017871512433595294,-0.0034762970093874185,0.01991909856452812,0.05889819561321016,-0.09831031471441493,-0.10105906031585948,9.759125116594689,4522.105113723155,4504.441722416725,4480.70548769632,4507.845557901775,0
4,17.5,-0.0165405259761136,0.04402432301120657,0.03330584350670474,-0.0063055637490428765,0.004630375440929231,0.10520384476193613,-0.05696300765463776,0.0402656981647161,9.795907931906802,4512.809510515863,4480.363051752128,4503.310062994781,4533.234698472504,0
4,17.6,-0.04685034906230537,-0.06647025516625409,-0.12914555644869644,-0.02341325060400378,0.011906465757853285,-0.11246877486923725,-0.029789534474353077,0.0618289303310708,9.89333181210972,4488.433230601126,4505.727711952653,4503.214359892127,4493.272771333554,0
4,17.7,-0.010541735932729012,0.11177137173784804,0.08093109039313008,0.04961301835024286,-0.009939262658410027,-0.0067973277510517925,-0.13321257652766474,-0.08095668020895724,10.1903826297325,4484.338971304747,4557.578439004334,4462.699132179603,4468.395928977801,0
4,17.8,-0.017061561051171056,-0.0031874960839588934,0.09230872924501296,0.009015408343725318,-0.008326305146880555,-0.010665264521448501,-0.03190629197847001,-0.09146537353257299,9.632407412679676,4530.836516743002,4445.155052162186,4548.520760923351,4489.710173231933,0
4,17.900000000000002,-0.03862543031960801,0.036987964534863464,0.14852165841471174,0.022352648832079148,0.010037040987197817,0.08694907917774687,-0.17164975771438662,-0.05218305414881483,9.627765987995032,4536.739161936455,4488.495659432283,4525.362196703461,4516.0757082746595,0
4,18.0,-0.04311534680818405,-0.029347910498814224,0.1293817690814726,-0.01550965297368827,0.0024973522039095793,-0.0626033029061156,-0.03139521869158607,-0.00461619439699719,9.653426697940501,4471.186591380483,4508.588200103323,4474.657877736265,4475.68027332904,0
4,18.1,-0.046952657185098536,-0.0038954023165659207,0.09437016343998413,0.030130572726245336,-0.014518361719875573,1.672024863466497,-0.1004704860706796,0.10835485233278697,9.665660709196912,4473.8723019039,4477.657315296468,3298.4265690105262,4517.399165131008,1
4,18.2,0.0334934018952411,-0.04719925076739442,-0.09896592875112686,-0.018332773867270943,-0.002227088047710225,1.48318755166473,-0.0950175462069795,0.026960369406324416,10.262513761667064,4484.858536144946,4486.994645363894,3316.789847109731,4483.235511247896,1
4,18.3,0.03344822408590912,-0.03592713533895202,0.18321196075773014,0.00689549945184589,-0.01240045898153423,1.452904664042458,-0.05137997527080349,0.13727496662488733,9.556249798479744,4479.961749886214,4483.150183292238,3299.529360997292,4491.866709220596,1
4,18.400000000000002,-0.07456139156952314,-0.01999113417977338,-0.009955068318496844,-0.012561956701595668,0.013735509780953297,1.5735526743002919,-0.00783866997293929,0.023054158685072934,9.377788800530146,4487.366916835145,4530.144650752737,3287.296902504622,4477.882149708241,1
4,18.5,0.11388444630154655,0.09095385950979026,0.04675749124821571,0.022778212229600952,-0.04451870835916155,1.4369958847497035,-0.04699578731731515,-0.023598009886694624,9.712011195805207,4423.49921125451,4511.580738561257,3316.309623848418,4548.056963747699,1
4,18.6,-0.03941546323874817,-0.04350815788899511,-0.2679984485964469,-0.005871336731817723,0.018022235621243433,1.4510585710245825,0.21434448185436483,-0.025659483578952355,9.839398456857712,4459.106907582553,4508.616610355259,3240.620406154419,4520.810938650395,1
4,18.7,0.03622140881177061,0.06796457121682552,-0.10199687187676887,0.0032112423659483853,0.011276331187730082,1.5353825310664249,-0.08652992751348514,-0.23919818895561404,9.879392059376897,4495.425009650702,4482.999882211157,3322.918360911464,4498.652413855367,1
4,18.8,-0.06595975263838998,-0.09657261445481108,-0.11289632651331655,0.04786024589533573,0.01445553547865546,1.515088987358001,-0.018166092718580475,-0.024739293994743575,10.04343919667182,4485.2821277428975,4517.307612320529,3289.547161491252,4558.204698955052,1
4,18.900000000000002,0.03711442537891518,0.06227784073418128,-0.058440977468823874,0.021162722251348437,-0.006251548507893815,1.508802785914628,0.16350476706194583,-0.10427750567564192,9.85064954626108,4513.140157755562,4515.600131424024,3286.476465207196,4562.587923024243,1
4,19.0,-0.06474659426701301,0.07294426943162347,0.12150656055916387,0.038017775792073695,-0.0317645419741564,1.4304934809688232,0.1491943059161641,-0.1877039154630309,9.488708219791917,4485.350766398656,4505.7598136586685,3347.7667522094634,4494.442022552089,1
4,19.1,-0.030411957403226966,0.015569496884821357,0.046959648329440086,0.008824796443405425,-0.0035597241590269012,1.343593110886548,-0.09176159891063322,0.14202710852674624,9.84741378759532,4490.324336426788,4533.545056451219,3266.0965010289315,4493.23955598861,1
4,19.200000000000003,0.006887920258701862,-0.02206887516473146,0.010076282290159878,-0.0037538786284353042,-0.0279868609557175,1.5145182305503244,-0.13283517915128676,0.01656151250967222,10.084827164830022,4491.569304081719,4464.85550610087,3296.1903656038508,4475.040866757644,1
4,19.3,0.02972545013157348,-0.007399437376142679,0.17097632516645733,0.023259791913546764,-0.0030616100896280547,1.5572487254378473,-0.03932364091628454,0.0033956885165168263,9.737713160729937,4522.993678795491,4542.989648301287,3323.9594462157343,4527.658098038561,1
4,19.400000000000002,0.04615167186178647,0.027562796116735497,-0.1139286159210268,0.034019430388329996,0.0360882165339685,1.4812896317349304,-0.03706979152161819,0.0612411652915375,9.920162567036702,4493.941617937409,4462.499230332372,3309.1710357224933,4516.543096145267,1
4,19.5,0.036291057401939865,0.017464638617710377,-0.02711151483619094,0.019880040790125564,0.0013169699513183666,1.4628061588508223,-0.018065338204572103,-0.17459690324749821,9.773551635164292,4520.65309559624,4510.193490664177,3345.6199251894354,4492.110752579529,1
4,19.6,0.024365658152665805,0.0396370088152886,0.2342857008287408,0.002895309822352808,-0.020883743577280466,1.5678343002684225,0.1865727355968457,-0.032254871022662154,9.978216307721283,4536.861841656868,4530.511966319104,3303.766755674207,4479.045787253605,1
4,19.700000000000003,-0.004063977400679287,0.022930022693881537,0.09082225240917291,0.006678900959980786,-0.007598159330811541,1.5444303724919815,0.08600850677428204,0.03796100564144805,9.642762577092336,4494.557818958484,4528.434623292374,3258.509465737666,4437.204659328265,1
4,19.8,0.07540414250720104,0.025570762751093986,0.060673000252010646,-0.021536339472541122,0.01475056126933076,1.522019895005469,-0.15843275778483973,0.14242834142738575,9.841736664723745,4488.117481017622,4488.660307620444,3239.543342837029,4517.800097988941,1
4,19.900000000000002,0.013092860362286267,-0.009704006616654747,0.12784852074516723,-0.027677180379916917,-0.011935449527352305,1.431999339619169,-0.027879497977155304,0.0067470025257223,9.896002704762271,4489.5907964068465,4473.679327945353,3350.5802084931133,4572.349205753657,1
4,20.0,0.007164333594101267,-0.03783901835104336,0.14754541310422942,-0.028935142126569304,-0.006695466494096552,1.444310635892296,-0.11595355504504888,-0.028002423292176955,9.637165584165208,4500.37963392446,4500.815315030174,3281.3600482943407,4488.884599302184,1
4,20.1,-0.011542448395185527,0.04049230305597135,-0.014842940106418566,0.016494034815721946,0.011716259671093113,1.5457224557520595,0.13878459703459733,-0.11193908797459098,9.715363378738578,4552.898964008987,4492.280504982322,3215.5462893028243,4493.910949705563,1
4,20.200000000000003,0.0067469765081624895,-0.13085565587156053,0.13339356398879484,-0.01427424927731204,0.006571262303750311,1.481921476372475,-0.12883514192040416,-0.107050813463542,9.622983432714491,4532.570157275509,4495.573854356995,3284.344034503448,4471.961732622293,1
4,20.3,0.05980751107630632,0.07321006362617936,0.11847438987066808,0.009848746783083333,0.005796600837414232,1.402724974561928,-0.02458191267110575,-0.06838602033464367,9.444897578203058,4531.711302574961,4479.1251016082315,3335.8782572230593,4526.4523920228,1
4,20.400000000000002,0.02783589883167094,0.030644203588159186,-0.061531388207370766,0.0371570030258133,0.0008625086190609834,1.5241545348094963,-0.06490763335666391,-0.093116526077696,9.905459201761886,4506.5254048781635,4476.319429022923,3256.847198436738,4461.902307380174,1
4,20.5,0.059806685854555355,-0.030662690732503578,-0.033890854567583374,0.029006805175181245,-0.022443011229728294,1.4418404139426355,-0.07687668285606931,0.16180684811660395,10.208676700116483,4522.546896762065,4523.501541724627,3282.589349914418,4558.419854607128,1
4,20.6,0.013384812717933096,0.042655513222487,-0.010552493877095413,-0.005360651746552212,0.03326084519192235,1.5431778943790646,0.1451375461070382,0.02553281717450444,9.640326692715382,4482.499712013645,4503.088957273938,3281.2049935187,4466.776157741169,1
4,20.700000000000003,0.06007085158935124,-0.027243503541175607,0.013819274779132041,0.005922671797712095,-0.011763062506411376,1.616063957304699,-0.11171417612046129,0.026162526358077087,9.859223541275318,4498.372361914076,4461.092621601841,3326.124526555904,4522.305320110038,1
4,20.8,-0.03377842642956082,0.035374360360268094,0.037490768630077574,-0.025612242907222166,-0.01707857829142715,1.5910625155911664,0.030941618514205033,-0.056430294581062614,9.638304821765471,4484.538186056538,4486.665614103669,3274.6211090211223,4447.7470766285005,1
4,20.900000000000002,0.05700066432003928,0.04853168363057216,-0.12732554518068595,0.0027262259112733533,-0.018044764054295333,1.4790746221418771,-0.03447665798736565,-0.04278342157178725,10.210589416815258,4486.790229459714,4475.752085247992,3277.1225571150885,4531.3133086920525,1
4,21.0,-0.08260511658464675,-0.038131145821776014,0.1446822840111534,0.0048797237599529355,0.0038384401007222646,1.6705717168114962,0.02463479529484988,-0.07081861613595825,9.753584588624731,4465.937030729083,4537.678111200471,3317.2368515261014,4533.732424499127,1
4,21.1,0.060649196427468535,-0.02071053904637663,-0.09447528520088899,-0.0010342622261609168,-0.017455221415770765,1.513196550032722,0.11320968808346893,-0.01681396460491672,9.839999017981548,4497.184631513299,4524.081827173131,3279.9665281713515,4434.106612150707,1
4,21.200000000000003,0.023543442968769042,0.049391721065399685,0.044637424475853574,-0.012804609909360278,-0.02270024196372138,1.5395598025424257,0.014147895293467364,-0.012579262765832978,10.17449266859876,4471.59599717456,4553.251110633824,3300.9535171461193,4444.932885693874,1
4,21.3,-0.008960132715957045,0.04797480382997205,-0.03650550328049707,-0.0294955708247679,-0.003290290635923399,1.4314262100886634,0.049181440108796264,0.07733998160676114,9.59874591845038,4478.825878346531,4522.699273953208,3274.234671651031,4467.5352559251605,1
4,21.400000000000002,-0.05893455658981274,0.01760193064790602,0.03091577195174642,-0.013680920607580834,0.00010170792256468169,1.6221705907324104,-0.09740601569182217,-0.19517426090104495,9.901015115144075,4496.687965082952,4478.699247395547,3319.562407120647,4525.176754340064,1
4,21.5,-0.11041390099400464,-0.03262989546657442,0.2317516231196855,0.011668098315963818,0.013522072765942994,1.5938315422905183,0.0017068825199726117,0.07966841600916201,9.953612408767441,4516.171244902583,4490.339640881478,3305.161767670988,4482.349153070797,1
4,21.6,0.0006407152283247467,-0.05842454460496335,-0.07906239912729525,-0.005646240838498591,-0.018874108628601522,1.459598618340386,-0.016392597675551596,0.04022623446643774,9.999851460370582,4486.086468858657,4540.053138518058,3328.1583323587647,4515.1228149583185,1
4,21.700000000000003,0.007682456464830946,0.01595604209342707,0.1187051150666382,0.024471593195185472,0.026698934567672864,1.5033061465501603,0.0554967164998613,0.13435465066220514,9.685256793016721,4490.447494388451,4500.481099890404,3326.987962139382,4527.455164521559,1
4,21.8,-0.011543205559896765,-0.07543047271898551,0.024618394429596728,-0.018366322746568024,-0.02979872409280445,1.3988902751413026,0.03263810078455605,0.13610373609328072,9.81777890324725,4506.341419639379,4535.486848166338,3253.666352727493,4515.605292648008,1
4,21.900000000000002,-0.0005794892159410608,0.028302872941603358,-0.04834839084038161,-0.016358745808529643,0.0028101780857121084,1.631935305866757,0.08609101045414629,-0.05076927701800915,9.541805592803744,4449.537981489067,4539.482983555515,3271.347531355925,4490.2345976101515,1
4,22.0,0.06606055630387882,-0.08069507277394959,0.1492264509475059,-0.005072809077850038,-0.022971666304774777,1.480211925828087,-0.07225967814014776,0.044081979890571575,9.680373513222445,4442.650733672429,4493.38312396773,3259.303648431404,4506.12959651965,1
4,22.1,-0.059356516614166216,-0.024400640158604298,0.018258780421433623,-0.0042491745006853895,0.0050086056600208975,1.5544229732574206,-0.11579336997313061,-0.006439754062470791,9.144099240498374,4507.419999050476,4490.975576088755,3270.496507095661,4509.471582668895,1
4,22.200000000000003,0.05863487885925337,-0.023800887379947157,-0.09448144902417202,0.003300505248774233,-0.026712133332927213,1.4471694903571568,0.12224021616505024,0.006217922981228763,9.434106607210767,4446.090250581618,4504.8625707794035,3325.8717172775305,4451.471356241215,1
4,22.3,0.022485630374825427,0.06651717537448594,0.18878589879586388,0.006624455197197526,0.010136051891049484,1.3293452457897486,0.20997525479959891,-0.05754902130961214,9.623305768314992,4492.343815966811,4545.350202425563,3366.2413814263064,4503.762260384276,1
4,22.400000000000002,0.049904208630182766,0.002160202434275195,-0.1037795473018184,0.029534873415765817,-0.01244254960712778,1.6228424618697506,0.12985413297690837,0.06140362639572081,10.175794951250872,4566.970380995572,4494.742699111071,3275.736176447507,4444.071904882306,1
4,22.5,0.11223411277151281,-0.021984100445922486,0.11350368571017395,-0.014825107350189664,0.0307653128182407,1.443990592654767,-0.11917191336173433,-0.020850643095375033,9.703644859807673,4517.888993563836,4498.458152184225,3318.831071836558,4491.269355807442,1
4,22.6,-0.033255368550940266,-0.029178027394803675,0.20449387980310263,0.004503418644538716,-0.03967524418906089,1.4583832789236735,0.009686603247587564,0.1845399681250379,10.01573974317798,4472.348464905543,4572.5506726071735,3299.0651890559557,4537.389894332248,1
4,22.700000000000003,-0.05775042486999513,-0.11990815476254489,-0.1408431490368361,-0.06500666952391412,0.04224178654505817,1.5171626335109132,-0.09246440184480315,0.0452624029980121,9.847866807236034,4518.62800186842,4536.285942034088,3291.3023654092494,4473.6048208169705,1
4,22.8,0.04138876071859589,0.04011663889422329,0.010073580812134494,0.043551083773615454,-0.008756442457233045,1.4280113622691786,0.041809142750660166,-0.06749378569134983,9.90910330482898,4475.009752324817,4487.992731512043,3356.725212601175,4487.83237929757,1
4,22.900000000000002,-0.03994257720086482,0.05853393943532501,-0.10510419502866937,-0.013858864602941362,0.01153122241017989,1.5750729139098634,0.12204763910810745,-0.07472218322204847,9.929201734597225,4486.0167540136745,4481.830330994681,3336.0963834687686,4483.513368124212,1
4,23.0,0.013910229801048994,0.007778973461531939,-0.10707543763385026,0.019321857107126413,0.011205617873579075,1.3410967510503664,0.02774211112373432,-0.07729734341666211,10.029415061282526,4456.6380048965775,4489.305690941113,3310.860736529654,4501.630208824256,1
4,23.1,0.03814791283569857,-0.07592109930046446,0.16519143368673783,0.01050289317576543,0.027194364260017923,1.5699392135386594,-0.001161011445504353,-0.12841982109111608,9.69728936375026,4547.686899985877,4541.563133449691,3281.4120005968894,4415.450871413935,1
4,23.200000000000003,-0.010634486715255938,-0.014385144406455825,-0.02497726120403834,0.01057078403662803,0.017524251586433264,1.579223963767962,0.044570914013536696,-0.1800770701922636,9.741760053461341,4569.122693506476,4511.226502044075,3311.034587053316,4510.784578193216,1
4,23.3,0.020768981125299492,-0.11915560905429617,-0.02395243169110686,-0.0007578566358937888,0.02562990798506825,1.5038138315697838,-0.16465113866019412,0.04300891561717522,9.649235070351452,4463.496430767557,4474.975228598502,3316.2751268899356,4537.762837192802,1
4,23.400000000000002,0.024146497258879338,0.03160116118085107,0.047304527283800114,0.0020265435372093664,0.013938612699255153,1.3064979626344464,0.011108835130483316,-0.10449250346222516,10.042580514508828,4495.585340843494,4500.928442648035,3254.847843772386,4530.504926670385,1
4,23.5,0.03136640601369047,0.02784739411702516,-0.08130228521688224,-0.015472796898762603,0.0044719890889181055,1.444440127180156,0.04348929626773385,-0.21609126027667222,9.712491088718682,4553.902603962795,4513.184574839873,3305.00380993593,4559.556796070141,1
4,23.6,-0.1167976809400718,-0.04076555573940538,-0.04011731717473891,0.0171670246601078,0.017513127264564728,1.43071946328139,0.09979543221425496,-0.04033147673217075,10.052327925129834,4469.020719056338,4496.300652028015,3285.2949805387034,4531.680911146971,1
4,23.700000000000003,-0.026139060828308552,-0.0021224264505878008,0.05068113976630492,0.01090516966052239,0.017739052149463433,1.5168899821475734,-0.041824891527983125,-0.034969874535875044,9.815134463041522,4507.487774282232,4495.584850564547,3300.5761026289665,4454.4823841828365,1
4,23.8,0.03336776422273391,0.009055614444471494,0.10018704135410883,3.2101481416987323e-06,-0.034767951570435725,1.471324304855466,-0.01999299231184168,0.07429033054335989,9.395945291097322,4501.235385508468,4515.4102564738,3280.1553634415545,4502.238840294505,1
4,23.900000000000002,-0.03135182545749223,-0.03647864666101953,-0.04084198501313171,-0.014213839849340215,0.013672366238726653,1.4412038498531698,-0.09029100070479273,0.17679286668395336,10.002148002364807,4444.154599180224,4477.056951304424,3307.2738891516815,4509.712652016945,1
4,24.0,-0.07452464328684467,0.0579282746411161,0.0825224419181626,0.009638032640806773,0.02713456981424242,1.5361831994056734,0.044858087925184725,0.15576792718222424,10.030243916145542,4474.754776232654,4518.995855360157,3280.0719640512425,4515.124636528509,1
4,24.1,0.02383067535099072,-0.0691733656227993,-0.012184561131103524,0.005305140471608045,-0.00872580381988314,1.5251767953912607,0.08058977770010689,-0.003059306423075562,9.854919895341652,4541.502722356679,4514.1958974967565,3306.024728690234,4471.257618610759,1
4,24.200000000000003,0.03355130056944244,0.016507497469596927,0.12837394337014083,0.0009375708660662262,-0.036325330002679915,1.363990330493739,0.07356807637597333,-0.05701935976981533,9.8973535502221,4503.42697933507,4494.994809969183,3297.109161432353,4474.0383148486435,1
4,24.3,-0.0007888844449835371,-0.029224671639719937,-0.037225652012570484,-0.006472980894183221,-0.004533865397974386,1.5737738765205669,-0.01297908292046935,0.10237023365900987,10.117570990265296,4525.6483395316845,4516.034056052055,3309.8049662845056,4525.960761271502,1
4,24.400000000000002,0.004468036929811975,0.04922849229785993,0.06141058052896843,-0.007196809215607757,0.017917017602056117,1.5073184004782054,-0.010613200761231605,-0.04761991603989872,9.843203769574915,4529.89387846239,4526.668200167791,3310.6018139237685,4517.989309221751,1
4,24.5,0.0635848395761279,-0.007498314558543053,-0.11154200035302063,0.026022597043571453,-0.010595565040614367,1.4447729501324875,-0.17961977553345515,0.057128305316429644,9.485709475089557,4477.492235769248,4517.647103835452,3321.657637572251,4480.448875553453,1
4,24.6,-0.006707666349620264,-0.043629726320307656,-0.05483967878111828,0.00532430520305814,-0.010032933575929152,1.4804627967859465,-0.1464706681617567,0.11329561648061376,9.912013318634214,4523.787161155116,4538.712759738506,3275.2436137336285,4489.24816550916,1
4,24.700000000000003,-0.09474171837911055,0.15702114550511187,-0.014958531531737618,0.02077455799829824,-0.024763222886709176,1.5797110740514408,0.18575908766496657,-0.006028074902798145,9.607823700682081,4495.836107971634,4433.197154251283,3298.863398969345,4524.62901417939,1
4,24.8,-0.0017878822186757114,-0.014206977734448371,0.052756811611203304,0.012080496938991053,-0.033198111250103655,1.5071058369823032,0.24359851242292435,-0.13350162456480238,9.792916233433386,4558.252383661551,4533.125254696311,3284.598099576718,4506.184061388678,1
4,24.900000000000002,-0.00010558399924117069,-0.037403590216083374,-0.007425210749308241,-0.005599322656130584,0.0022549787615349934,1.4401293455447173,-0.1276618200244661,-0.0041280773392370785,10.153023643635757,4502.466087787884,4490.052186632053,3322.622574151155,4495.250411622139,1
4,25.0,0.0934016462479555,-0.00019562546475392612,0.07004970631581635,-0.015092087647865458,0.01006178506673325,1.5220074781555004,-0.005650612465920804,-0.05017577611697203,9.682393966869526,4508.47057991939,4518.868173290894,3296.1851161111763,4508.6180378736235,1
4,25.1,-0.0018957339066384797,0.004926301245269393,-0.020044498267722505,0.000359451587366165,0.05396080913634853,1.524930743904594,0.06452969584310429,0.0438023605328097,9.75743663534059,4538.81967639875,4491.26508688721,3331.6516364682766,4489.973790058007,1
4,25.200000000000003,-0.04799862595720205,0.01826981041180965,-0.11046683561021067,0.010712804500332185,-0.023883173121826334,1.4744793575621717,-0.14317296965247414,0.28241670094027294,9.479208088076737,4500.294412211892,4534.299128229901,3331.091577257611,4525.540263665194,1
4,25.3,-0.015861419411073777,0.0675544473168501,0.09133910908021826,0.004245992353209532,0.004811615154531842,1.4756861881907701,-0.09096520258330384,0.12371509754787165,10.072441598720307,4473.476725769102,4495.386445045614,3295.697303506232,4499.020322887791,1
4,25.400000000000002,0.003214743929379084,0.047343073082309,-0.07472173084867437,-0.016926939830253198,0.024732394842859506,1.462988420649496,-0.12630353535770664,-0.048512994209987004,9.743989452951201,4546.648881831773,4527.744786371302,3334.425618498967,4524.599209270404,1
4,25.5,0.04731218358076571,-0.03440410632901591,-0.019860215535348436,-0.019798306260470976,-0.004209760610740667,1.5547283992747793,0.01345832848122468,0.13114808189602953,9.581716841554556,4515.007150520947,4462.550915943921,3302.825294075209,4522.210002676695,1
4,25.6,-0.010725128341210963,0.027556330204347796,-0.09597323348329341,-0.03327379956392766,0.011140592449756062,1.6395208187260586,-0.09960449401698922,0.12221941801067954,9.818684681763283,4459.929254349207,4466.054840959435,3300.4735432008197,4487.866131362277,1
4,25.700000000000003,-0.06564564883791195,-0.08470196406127026,-0.08467193279265062,0.003876180166622365,-0.0001280150520627607,1.4599009633999938,0.02018871942914828,0.10400267198626877,9.88882530208683,4496.360739858313,4527.842160199821,3271.2044909335114,4493.252413813339,1
4,25.8,-0.010054396780018408,-0.06184766292214227,-0.04198741622843578,-0.04149919361790606,0.03824356095325907,1.4250068969250949,0.1586114131421312,0.003808450571949245,9.922972826431192,4485.336006049472,4506.23789075885,3319.5146891996533,4519.936572431826,1
4,25.900000000000002,0.03873866950371786,-0.01841663550195882,-0.04803596724913551,-0.031883526505352075,0.010464380223538735,1.5865902969058754,0.16159816799179297,0.030517263458050777,9.656704045418287,4449.087115701316,4531.2500019925,3246.111702996674,4489.781877667687,1
4,26.0,-0.011215341397182296,-0.0034727568925509676,0.003580260003584014,0.0027629511273515013,-0.04830726524157059,1.50117247278961,-0.22295755741118772,0.07322180730909948,9.698974968839279,4435.2888982433,4475.573859678439,3282.8977398244606,4535.72098852665,1
4,26.1,0.009831887087512252,0.01722224721752901,0.11812216342206011,-0.0019228857584897895,0.015083759220648066,1.5547088891145593,-0.12864694935694124,0.14729835776298295,9.525939643985861,4527.520999484335,4454.487808892831,3318.0371036445504,4555.857446344505,1
4,26.200000000000003,-0.010648932827510565,-0.012817782142657316,0.061043999931684925,-0.00658792911925086,0.03636557407485643,1.5153753799566956,-0.03201695082207258,-0.05402855278956832,9.623410305965397,4481.167350397275,4489.479798190242,3285.3708277950427,4480.254741775887,1
4,26.3,0.10494206151762198,-0.051504753824474496,0.014663258764617477,0.01185042019521744,0.012602159911674654,1.4953114339374023,-0.02407025718473096,0.04515474912395065,9.86330432999564,4492.231234956975,4453.1436428482675,3285.9622883300026,4465.603495088776,1
4,26.400000000000002,-0.03335797750331633,0.0016611619258479725,0.03587361439966162,0.03560905502584812,-0.010748127578076276,1.561970050822012,0.030596002443783656,0.129599767063979,9.925245743919126,4469.745557181411,4448.308619121263,3309.3378509900253,4484.146470062989,1
4,26.5,-0.049015687297529864,-0.06337888522665389,0.01609754975871555,0.0301541539862673,-0.008173446914120834,1.5472216248860258,-0.010226635021759252,-0.1289382089103393,9.956962268702084,4467.159238679179,4500.648798917807,3289.754387549841,4526.792323036971,1
4,26.6,-0.05290754962353433,0.01954349539009799,-0.08397974073487009,-0.010222104246575704,-0.07270400455080205,1.6673678857294327,0.05505569328262319,-0.07673474859381646,9.5850688623334,4485.13053741362,4521.506386044583,3243.237452232452,4495.75246742117,1
4,26.700000000000003,0.08853209362313368,-0.05669731679839021,0.008038503876365498,0.04406619630515515,0.012643032593815455,1.5100739056388364,0.05066364549090028,-0.04008653350097024,10.069926257060688,4488.020099312994,4441.224551737921,3288.260906881786,4470.997964103699,1
4,26.8,-0.014059700609871465,-0.012954202954031544,0.11974231998049074,0.013905854533287711,0.0052653097515079315,1.4997643670933924,-0.10588580088579945,-0.21811752376656776,9.832632002278556,4523.83923610721,4496.749983502662,3283.954370316399,4513.935064956427,1
4,26.900000000000002,-0.00416661003121735,0.08428720959869807,0.12327283420682844,0.01919016114046659,0.015154682284198076,1.3967866068438834,0.06629937020525997,0.03763259576465752,9.931284945678232,4514.778284604392,4513.582877635442,3381.025994086488,4497.714429901443,1
4,27.0,0.046816869041466515,-0.023549490513200162,0.0790641583887672,0.018786397804649108,0.007288521542706958,1.63353975539012,-0.08842760363604175,-0.048722094166822216,9.8524760172047,4526.424205604527,4505.382885638848,3338.572771095317,4480.1493038710105,1
4,27.1,-0.05702892447442773,0.015406416826825232,-0.007718027611369633,0.0108572744071644,-0.0005480458173300788,1.4727984167501234,-0.007493757172372349,0.0028848894793184945,9.749003740030334,4493.906038610297,4487.8921998903925,3325.699953596082,4505.820630135174,1
4,27.200000000000003,0.11283762360843833,0.008035227563923093,-0.05508574703286617,0.053413507497261294,0.008272527554286707,1.5792099829514252,0.059210298320249155,0.062301102929774865,9.917130810270494,4466.937463056718,4511.025871426842,3260.2541608844926,4494.769114907624,1
4,27.3,-0.03628087282816436,0.017873509292436203,0.03341262473382347,0.009622917815303736,0.005745931454981743,1.451453972657088,-0.026100348935167963,0.09203961612544849,10.02357133545888,4465.596507041204,4454.072171024621,3278.193318503859,4531.356227460968,1
4,27.400000000000002,0.06074420150915172,-0.046235594020058585,0.03073093537363383,0.03668862666280175,0.008306229544806676,1.6137202628186476,0.09987265700830984,-0.09101987062279109,9.772003715300585,4501.042634348755,4503.12400164064,3327.489868603157,4512.260542868262,1
4,27.5,-0.14681004718890575,-0.0656420136546363,-0.21873809149760431,0.0035073048131066833,0.0048097529893552215,1.5226579966888574,-0.09589282677146163,0.06741440051199891,9.953252499293706,4462.345527983845,4456.018853956534,3299.996049413192,4553.753468208401,1
4,27.6,0.08498713710993212,0.028170218022402622,-0.07299966715800764,0.017736853189771702,-0.00904848529618083,1.438599437066095,-0.21439668316219943,0.010238219834765291,9.684026530172526,4502.892911385855,4431.019269112888,3305.0948001775105,4427.066365080851,1
4,27.700000000000003,0.054397012663427606,0.026094561706754223,-0.02786647714245878,0.011254397201641585,-0.019561485253271046,1.5057900412491914,0.07947740384603358,-0.309428924909139,9.720555128064495,4499.320676095909,4494.111191467627,3343.7130547868223,4466.282966252314,1
4,27.8,-0.03105796217226145,-0.09579345131542243,0.15102866512731455,-0.004925802852176,-0.008768177760734141,1.4958013854151428,0.06362358284303242,0.03473634035161247,10.339576842711418,4513.618076652113,4486.042637124928,3283.1592978742815,4488.217231427496,1
4,27.900000000000002,-0.0750918462314919,0.0019932103745793034,0.07834681062089172,-0.01226727201246472,-0.016147601125682233,1.6212756117035387,-0.14264831566211653,-0.20678183764773014,9.579419611270524,4453.787018486271,4511.586781923137,3289.178864986513,4493.409388649285,1
4,28.0,0.05764670884873866,-0.034566743058138824,0.07750894117456408,0.030226455984064062,-0.009113249960273214,1.558961828444505,-0.024181791252898013,0.0924098128840789,9.495702162484745,4450.63463264624,4488.261968552773,3273.3322557282067,4484.498726717104,1
4,28.1,-0.010976329122356993,0.03600067659181259,-0.04076605785659349,-0.016477226212461733,-0.007030267535177978,1.4384683776154705,-0.09340055020627144,-0.16130168135769693,9.823895623244216,4482.938828802088,4528.9883621770405,3256.5781172382317,4483.7374933485635,1
4,28.200000000000003,0.09064536103293745,-0.04698047585489248,-0.0236533252096124,-0.02431687965650737,-0.02696855025561962,1.6237848786470144,0.017103949263714724,0.013367883823762333,9.470736752976755,4510.762241643249,4534.722658379815,3334.484311824856,4520.049996888185,1
4,28.3,-0.056474278879770204,0.01565617085964958,0.06675849604766076,-0.03588887170177803,-0.022425591829635695,1.5710525857394753,0.08760457766719286,-0.15485830336213924,9.969004291853835,4502.859101974608,4523.430268638214,3280.964360296982,4519.355504894427,1
4,28.400000000000002,0.04219143872428123,-0.017566746772785587,0.0017752546173286012,-0.01297043259009307,0.033032778973717584,1.4903782448539387,-0.0922024325177182,-0.07158259138747501,9.835354120228423,4522.599935153346,4459.925194645484,3355.4298000882736,4509.260258821669,1
4,28.5,0.023322798648470627,-0.004859477191171821,0.0019258967351125549,-0.00296566275854806,0.020355919380719206,1.4993657130037303,0.07670502184927099,-0.04338475233525722,9.849128105662464,4475.882389672817,4536.495846976486,3274.9875827784267,4490.2506166721605,1
4,28.6,-0.015748020622737245,-0.017697569383688418,0.07224957694429371,-0.006333155294732874,0.027878490610821455,1.4345219931095865,0.016937746994270694,-0.07757859893126,9.894194556506294,4499.521508190697,4495.348138659046,3335.6542489951057,4480.369743868347,1
4,28.700000000000003,0.029325757880900007,-0.03844799563373962,0.011268520016037375,-0.023911506564468908,-0.013250342926134808,1.4934285563541707,0.1814649167323078,0.010080387045977413,10.140933663173342,4506.609698750727,4488.387472665751,3346.1806956780206,4513.110528662202,1
4,28.8,-0.032136079694135684,0.02352857297001487,-0.029259474990761022,-0.039780683923425916,0.01871946318531235,1.5875947244513544,0.18379420299922755,0.04221436921952627,9.760255315183494,4525.049682821357,4525.494610959568,3349.1484354940926,4498.6611713080065,1
4,28.900000000000002,-0.008278948628379723,-0.03577722098792637,0.05374620867252017,-0.030965233364616707,0.015521747457251291,1.5470268097492632,0.058507020245837205,0.013822523650184044,10.116595649506218,4526.159803962806,4481.787684258729,3282.3246285090704,4473.609785597561,1
4,29.0,0.027564166638779378,-0.05000694606199784,0.10833921435833523,0.026459466166910865,-0.017580325379009023,1.4851561172325718,0.0016620981362413705,0.08839831604696677,10.131868675121975,4449.4352282139425,4490.4545784741995,3292.0194991331896,4457.979904353404,1
4,29.1,-0.024255500965203083,0.021388447217530557,-0.027867890283955716,-0.030892423372148273,0.05748165396019827,1.5212942292163345,0.0111694130106675,-0.10979263630670465,9.862141232394256,4495.073586478755,4443.344297618538,3267.8923367995676,4523.847780530218,1
4,29.200000000000003,0.09720088250002208,0.018358270252152233,0.11030832782933674,-0.0031151061716641996,-0.001730923213612058,1.5872783222095572,0.16627772891794693,0.13010966934656218,9.596727384923037,4497.991233290542,4508.325740534289,3292.209661094774,4511.635726302467,1
4,29.3,0.04102884058344737,0.05014048759775702,0.16858701522215233,-0.006588822094496694,-0.02728066329678628,1.5286587675211563,0.18838110311848022,-0.04769758599540591,9.947369395412744,4520.872373774179,4505.743261420338,3300.2077416313114,4472.297123828358,1
4,29.400000000000002,-0.11408310362102887,-0.055592535333201444,-0.03903041491116993,0.02194845374845414,-0.0020625612470275122,1.4584779424865482,-0.08909854419534305,0.06568058285094804,10.081671433286122,4531.903071656024,4518.184490992754,3255.731617608512,4489.449772714687,1
4,29.5,0.09736521144448376,0.05609752459576124,-0.1537503218234725,-0.001111810463985428,0.007261968653220775,1.4390273229579025,-0.23092040214088488,0.009882404501643172,9.652448348475913,4476.48474782746,4489.359589202078,3295.989722560356,4499.7275161771295,1
4,29.6,-0.04419949494610007,-0.01101047648170387,-0.17574233704027553,0.006220781307361565,-0.05712550826682315,1.4768407935653105,0.09191861536769534,-0.10593406872748266,9.95328604073148,4534.671981363626,4400.763001425078,3295.4591128927277,4413.726797171152,1
4,29.700000000000003,-0.005910422278547304,-0.00035856054906634063,-0.24825439859108386,0.03849676724159731,0.005720316152692499,1.4320781254334372,0.14653794274985185,-0.1795613220642317,9.564165793296336,4431.016334289903,4554.03135589618,3309.97039114416,4519.782053695455,1
4,29.8,0.015050061695923787,0.02868838805722923,0.007807771389598945,0.005418426854148827,0.0021520687244590154,1.4513126555544578,-0.004662476521466915,0.027359457326167763,9.832109823910427,4455.6668367674,4459.650399941747,3332.485243017492,4490.790178623498,1
4,29.900000000000002,0.029236267351797025,-0.05460599548611982,-0.147314587664653,-0.016871932250634263,-0.004451301415428265,1.446788776057247,0.1293933523105714,0.017952330153746154,10.179787723712373,4512.132244622143,4427.623475462406,3331.681248193757,4454.713451325902,1
5,0.0,0.011526683360566958,-0.038734202883192244,0.21427110344641864,0.028791958548602708,-0.014836412834035164,-0.010188613449688941,0.02445980696492174,0.08634140715616105,9.815830382465004,4469.253153018574,4478.473240823999,4499.865546108696,4537.0337093629405,0
5,0.1,0.021391893026802198,-0.038670746330750794,0.064837277770979,-0.007739696777563197,0.017808160103736825,0.20216083346628844,-0.035882637094354956,0.0801605159726371,9.660921333592455,4496.632086984261,4500.886868606163,4494.189490198669,4573.890410663251,0
5,0.2,-0.015329653733919119,0.0293425769392434,-0.19300868693234324,0.008639931267392206,0.022841091847044935,-0.042207787406324075,-0.2510222141040413,-0.00386517688273251,9.813436770077105,4521.722251522329,4560.327091062403,4488.5983904819905,4474.311356290192,0
5,0.30000000000000004,-0.05834589006857216,0.009903930851579968,0.047935425881850194,-0.01091310788725169,0.01557365491451579,0.037230726145534056,0.004323168964489037,-0.09024147207441255,9.713627136903057,4427.1073410695235,4507.073611925941,4500.790238662423,4505.654369732684,0
5,0.4,0.025215950778228014,0.01929107432161115,-0.01103831806460353,0.0009733608632550489,-0.02808632833392339,-0.04669765165515407,0.005047105368346139,-0.07358535759123606,9.98203015917451,4480.241037571349,4506.48916233745,4503.49696970446,4522.388327808312,0
5,0.5,0.0450395587014151,0.03470163054839697,-0.21060062013831338,0.023882962960262533,0.03054616448389196,-0.03856994274571755,0.02366469126728498,-0.0890831680130782,9.42032429865357,4477.838542033728,4483.795828816092,4489.354478059446,4471.23257729982,0
5,0.6000000000000001,-0.03667125834086195,-0.0005503160814203849,-0.07702269831101421,0.010870486651000558,0.013633213027948789,0.19043101969315918,0.11256799321234622,0.024310305832841442,9.685947140666464,4508.81242055022,4509.797878797491,4484.60060732983,4523.511941902586,0
5,0.7000000000000001,-0.06990490073409376,-0.012219991776875529,0.05558584593174068,-0.00575168295184194,-0.004135088068585425,-0.011022868895382436,-0.08356012406877456,0.11739009315742083,9.606392465615437,4509.544779822297,4512.409436948471,4471.541342963731,4502.193127631423,0
5,0.8,-0.04548160863723511,0.06955212375279728,-0.11387829369762131,-0.013077941884639288,-0.024484500167111612,-0.10861589814940416,0.15912152908822935,0.05427746739125621,9.83805868514011,4480.302691099592,4527.228354331403,4475.273326818977,4523.809178829903,0
5,0.9,-0.043625563830281815,-0.032225385093783594,0.07582823861179211,0.01727654688311534,0.011949458677935223,-0.08397392926054359,-0.04467268657228288,0.01568987411985134,9.640143807617982,4541.128882803879,4427.941591681483,4476.637814538925,4484.713004913905,0
5,1.0,-0.1421971832385884,-0.06981145651180955,0.06252895125420685,0.0006056727310592761,0.03146272044085806,0.12361811567078552,0.04330463786039467,0.031323824900071164,9.82318622171578,4420.347539463615,4458.1632146002175,4503.020265092968,4518.48077126243,0
5,1.1,0.014483490606907035,-0.04462324838578288,0.09374062824694956,0.029648880575092733,0.018759792005826798,0.07916794636723766,-0.055922579795521093,0.10759341227007993,9.839151727865532,4515.34666585566,4510.962955284741,4496.355386836788,4474.199925746331,0
5,1.2000000000000002,-0.004106833177702317,0.04933808087414114,-0.04414758053129096,0.01786694525216292,0.014741413412353438,-0.023914991761586426,0.13888001036195768,-0.0355546671190706,10.111909372522527,4513.023809446229,4499.524022446394,4473.36595858987,4497.352193095949,0
5,1.3,-0.010187975674721015,-0.06291481926254527,-0.021761542271766715,-0.016076063601941713,0.011719835379575636,0.10450243805825624,-0.12269156762952407,0.17123077283669227,9.784289793122975,4470.749358451844,4522.732643406245,4486.606365652348,4497.547899719055,0
5,1.4000000000000001,-0.020213912210603948,-0.040836896593245006,0.07239970324019038,-0.005726028057883744,-0.028733035843584918,0.04408480993727462,-0.12055823510237554,-0.11532601726752588,10.048521240995465,4464.1098030236935,4430.506654292175,4518.685844548845,4490.884097115566,0
5,1.5,-0.01088275605690582,-0.015725019667510002,0.02316699390187268,-0.015054384838061359,0.02952229749131529,-0.11809843842475187,0.04448749166771231,0.06421210038765839,9.658069647833324,4469.287966641666,4530.515226425105,4470.274177379499,4481.800081777483,0
5,1.6,0.04436544812298732,0.001737061676951211,-0.17971436676291047,0.03494118289107028,-0.01060021517559932,-0.032220583192513384,0.025578425232636533,0.06250767970040728,10.202220858258293,4450.1979555178295,4524.778566267778,4522.290290821502,4495.885052673777,0
5,1.7000000000000002,0.03936368474081112,0.046713700881827344,-0.13819627849870045,0.03499533011761661,-0.031175245062762837,-0.09082530249910185,-0.02617876736240963,0.19249405131870567,9.748348674049323,4499.041983298475,4542.962358117137,4490.990455723036,4464.64689861208,0
5,1.8,-0.020861741761915728,0.06853959169028888,0.007086499705513648,0.038613165181125196,0.014758698525243103,-0.05158471491147867,0.005107630446507834,-0.08532181181418796,9.676313393870247,4634.3725275307725,4530.558735301014,4525.8329396702,4481.304590540758,0
5,1.9000000000000001,0.07847920331405395,0.054970780089646856,0.1881621289357771,0.03666228296796899,-0.02958178576195044,-0.08878715914159259,-0.10037878154636365,-0.09439406433324371,9.874690472852079,4482.995896437125,4562.177956222876,4557.140396462449,4499.806152177629,0
5,2.0,0.09776631080748951,0.07440673136201009,-0.04507065591772589,-0.04018430688051123,-0.004359367699214587,-0.05156977048627784,0.02065056251458304,0.008922828687474911,9.822603531779846,4515.710542241375,4463.62434158749,4512.3408083270915,4486.811515409489,0
5,2.1,0.009999109993184352,0.0478704922616095,-0.12243997732210297,-0.0056258730533913885,-0.0023706846805772834,-0.04114151772565127,0.08998294961329573,-0.07203883588004716,9.698919920111532,4478.702426011438,4532.761662343164,4485.226676627633,4513.801361726507,0
5,2.2,0.09878525506150371,-0.003740921017529266,0.11120606800331574,0.033427081681862564,0.020543831200808275,-0.0013441052782192334,0.06421077589986135,-0.12873785931353454,9.65399136837001,4481.859744551042,4567.218363605229,4475.622464572342,4475.175697462145,0
5,2.3000000000000003,-0.052196049012449175,0.027990588096538045,0.014262139266888282,0.021735179540531297,0.013425193321547086,-0.11043118773792539,-0.08072777700103707,0.13653287482758214,9.76934035108464,4535.62775454054,4495.50957156254,4470.970307151344,4490.902176669999,0
5,2.4000000000000004,-0.048402489777484806,-0.02827763812012119,0.0200925706565246,0.01023210180738041,-0.03180382646508596,-0.0013894406007278538,-0.05866157355597525,-0.06484148089588125,9.836536923826616,4483.4864438193235,4541.4641398454005,4535.6418562875315,4535.454848818261,0
5,2.5,-0.024745509774515093,-0.04812494174596612,0.008202992938811554,-0.003006967325725344,-0.012176463248467297,-0.09405875573335692,-0.004151796926807157,-0.04040694502524733,9.947669407407604,4519.953181545644,4533.023994162681,4462.221133443599,4512.031749230809,0
5,2.6,-0.03637328531168361,-0.06102071054055424,-0.04286022369487101,0.021374099602692355,-0.007446367071409684,0.12523637279672897,0.05488785155203335,-0.0394090478980577,10.042009685781283,4513.361903163429,4472.023218346599,4555.764079067416,4507.784364692594,0
5,2.7,0.0009398095992745914,-0.0427766334952808,0.11795382676077382,0.01034550854722613,0.012584763605904818,-0.04060250748206148,0.08341005719100685,0.09118135935708017,9.676244352243776,4457.49029580957,4517.441191780168,4452.799591511828,4504.560473335134,0
5,2.8000000000000003,-0.02236225523936536,0.06093326053944606,-0.03928438907672073,0.022145459440076082,-0.010284188887260523,0.07999928040476888,0.2060341543836832,-0.10680471383662404,9.868407144346182,4582.463472477302,4501.997664807088,4501.8536481068895,4523.65496842053,0
5,2.9000000000000004,0.0020540432047377087,-0.08536129972852763,0.11322873748389387,-0.040058968277303854,-0.008335833022766836,0.09659405993253187,-0.035654242864278575,-0.06936964924644042,9.985852781033312,4474.466556394968,4463.333228412242,4508.235419624799,4494.512301047623,0
5,3.0,-0.0621836557094421,0.0318476269997435,0.04644876055772338,-0.00719510033211264,-0.0058266401224989295,0.037631419360732526,0.11903614197520662,-0.028279321010932487,9.94093769860163,4516.956006512538,4526.37921878127,4501.179275962304,4472.63023457801,0
5,3.1,-0.023124957659998467,0.017142673289082398,0.18184643783815932,-0.00968039246392557,0.01609574887054798,-0.026244516054140802,0.011046875588613572,0.15153967492635925,9.962858516284086,4462.7610218177715,4482.825749285652,4537.686640333241,4504.256341278855,0
5,3.2,-0.05744200598079318,-0.04094762224868605,0.07034935227111719,0.019888205624352603,0.0003571060296434881,0.1980251040748882,0.08241523634556386,-0.02434810696329004,9.646858790380131,4470.753470860829,4510.062639614411,4485.336688652598,4550.212312619503,0
5,3.3000000000000003,0.07331559014589298,0.031653327374861366,-0.11789961729568957,-0.0134443774510481,0.025113550514822017,-0.04504529598360816,0.11221417339195244,0.0474603923034761,9.820343576962639,4478.915015611937,4497.172684694257,4505.689438646247,4530.9761669490335,0
5,3.4000000000000004,-0.044286780031687734,-0.013140842126305757,0.004482313193228476,0.013253567153723294,-0.018169286750455538,-0.10532558343097721,0.06739651517100496,-0.15179491149467034,10.066995942952435,4495.3222170755125,4453.574067531767,4485.587393417895,4511.373708992077,0
5,3.5,-0.026635054377748886,0.0010014874412173753,0.07400783657052866,-0.004043806707752392,-0.018741153529322672,-0.02391871978974728,0.141484013645926,0.1685064345333184,9.406014765211545,4532.730837275744,4507.50443148106,4527.719480373605,4483.485352191971,0
5,3.6,-0.08841317547507431,0.02922443943237309,-0.0940977261282717,-0.027765848629697047,-0.026368027649469328,0.04807310259322676,0.013945246602919717,0.07824660218746737,9.943815050899273,4487.371993062487,4497.885792783676,4484.656874136524,4493.690166814035,0
5,3.7,-0.0483627368990533,0.019524214693716756,0.10751207489817566,-0.01633226059641973,0.025625392908026852,0.009081719718235338,0.024107897640581327,-0.16994295196075182,9.448547538086853,4504.32349088339,4523.69196373896,4479.8585866906515,4550.102817017492,0
5,3.8000000000000003,0.03674679871271577,-0.045417062585399265,0.0030848667053507126,0.04953858267446824,-0.024851280055994112,0.042261595113208435,-0.03227445527233424,0.07068962909185121,10.063454729263677,4488.412887338659,4533.567368151215,4566.636101828159,4501.988242120327,0
5,3.9000000000000004,0.039244434374709265,-0.029522038510163745,0.0019259309031212418,-0.0035335018541648514,0.015938718513171916,0.09637407486055403,-0.010965484911745937,0.15336228457329235,10.116009488312326,4525.405612295397,4484.519204048348,4481.645135497803,4475.628559359299,0
5,4.0,0.04745830351190805,-0.060588410374468216,0.06768376541110072,-0.02162218695648226,0.01647092239683947,0.0013775666184448452,0.13336385618598276,0.11414545783212711,10.097013082400423,4543.824561548673,4504.308925019646,4465.236208007262,4468.424308350079,0
5,4.1000000000000005,-0.10434242646579689,-0.054183291671404676,0.006882365770464906,-0.011193083616503244,-0.0036027120881970266,0.039417233556912075,-0.030406525806575803,-0.11218288004125843,9.799353266487314,4473.0452853968145,4491.876405090628,4540.2833089326905,4491.884840877115,0
5,4.2,0.08854787766738725,0.0715817993468985,-0.05793053085790432,-0.022222475328315512,-0.0010510832384038682,0.09226622107175113,-0.04901909062286883,0.09080902982621392,10.051687997827218,4476.779230489122,4479.718467351342,4521.379860963811,4504.555426489247,0
5,4.3,-0.03430307632718394,-0.017609022405979367,-0.0070519552727419145,-0.03129708849910921,0.015312862129653904,-0.0382953751151353,-0.2783716223798099,-0.002387096830945272,9.661685748221299,4550.66466576908,4482.436649372401,4467.070699092642,4515.23798009886,0
5,4.4,-0.033022368400379164,-0.038972810062611614,0.0509501382824406,-0.02080934615779132,-0.02914547316398906,0.13807984016754696,0.05794987376006449,-0.026420928499436516,9.809304558059614,4515.175930743485,4529.200123488403,4477.32074126055,4510.984395778971,0
5,4.5,-0.02533520881051193,-0.009449062225631216,0.016069286746490462,-0.00013357146105344423,0.014711337966051436,0.03896692472924752,-0.15081692093721777,-0.13578232070654422,9.736056663048142,4554.858757873255,4474.4522450249515,4493.753318711618,4483.909619191304,0
5,4.6000000000000005,-0.027702219204404,0.008911987195252779,0.14007772761956513,0.009119367997611781,-0.016070619228541846,0.22025836086425657,0.007857322096112585,-0.05772209563821134,10.09241927493552,4485.9278814616855,4549.887409649623,4473.880716271,4542.900911667641,0
5,4.7,0.010052383214084722,0.06455261163512169,0.19017657087015444,-0.022652145810425076,0.02551543641516645,-0.11271231235403238,-0.10471843552482284,-0.08034094597924371,9.910727327235573,4500.990476308046,4494.985917475115,4504.387058370671,4517.738687678804,0
5,4.800000000000001,0.03341240619706764,0.05470834178075656,0.18200348127674396,-0.00042724744882953946,-0.010421779242618326,0.04908289033481506,-0.11442548162646203,-0.06787041321116115,10.00987618927856,4496.276148755469,4463.754226249259,4455.305908039045,4501.461500381814,0
5,4.9,0.0570948268484005,0.056427288876559324,0.011088050289283736,0.04017818838192256,-0.002096407318809254,-0.011085409871792863,-0.2567435909739,-0.04473629491612157,9.9804030069817,4546.918840105791,4475.092960989981,4513.867569878791,4531.406370969698,0
5,5.0,0.0005604076597949543,-0.11416402287636152,0.024728999957425234,0.015228612481217863,-0.018948457900369177,-0.02033236246995096,-0.11554960421287641,-0.25701475485803527,10.015400882357532,4499.887543985945,4547.930249901149,4525.719665757185,4489.373707150036,0
5,5.1000000000000005,-0.004159033005220434,0.028308869538508627,0.09668834167557434,0.006453412614840229,0.022111862905789686,-0.023733498933957722,-0.09971435467856864,-0.006480925356113023,9.851036978147237,4463.9539381578215,4459.898337475602,4513.421588894203,4487.809294458887,0
5,5.2,-0.008292045283100105,-0.017984633285041175,0.1520600901763212,0.025235223207900004,-0.024747073800783365,-0.04262345704643576,0.08500042679695931,0.06019362371032422,9.801708407534043,4465.871993851073,4479.523798615393,4484.496972973611,4508.309829933573,0
5,5.300000000000001,0.08518635773486188,-0.0343440117394064,-0.10260352475552402,-0.002171729536558866,0.02063477961028118,-0.11575063734085626,0.14536341508749479,-0.01720313621156695,9.663135999537326,4451.9943213971355,4521.195623202619,4494.8648641427535,4505.121164482635,0
5,5.4,-0.045040587050568195,-0.015954801712551186,-0.04865812463547379,-0.002011862107564151,-0.013391046527516211,-0.12273447685497772,0.2728499745296607,-0.1363404247337514,9.846291801388508,4446.839165147278,4440.08857690146,4502.934794755568,4505.231027633049,0
5,5.5,0.06307494954011919,0.01997734205078529,-0.014981071874579097,-0.018992004881300085,0.02998024136467097,0.07430809968401791,-0.12463294777484246,0.003796372821063529,9.838810446305299,4489.63039030183,4523.155514574204,4524.951994150445,4494.285429065847,0
5,5.6000000000000005,-0.014043462289882923,0.07494792313337659,0.09328388923622372,0.0014472077981676895,-0.03258418078160107,0.027520008504402872,0.06980834649176682,-0.2754521628398373,9.860373889663606,4487.499240396128,4493.374371596114,4472.7785714171005,4495.554321287891,0
5,5.7,0.06959957880906657,-0.02231992494077578,0.09655735587931838,-0.016126624377592207,0.015175123853120778,0.0001324684497560986,0.03520248287892806,0.0007153256097487521,9.938325046488242,4422.972446461988,4457.405240596273,4512.512414940259,4438.693849383113,0
5,5.800000000000001,-0.026529017782360467,-0.0027170420518324873,-0.08281401376128968,-0.013831228053875473,0.005431644003071847,0.08074359646238474,-0.09584493812548078,-0.05750581961873702,9.66374780533459,4427.358607443682,4504.251353709526,4528.041532374855,4530.4992962194765,0
5,5.9,-0.043538318822036945,-0.06258490242600713,0.002160554759168466,0.016585473731329344,0.003097008966207679,0.023144370869900902,0.11418309277362336,-0.07391365592307035,9.766005982665394,4549.038165352836,4494.095666307071,4461.979891021003,4479.919317112491,0
5,6.0,-0.04690899256106212,0.017858129285063532,-0.0895947003588779,0.005420685057224892,-0.014721304370812996,-0.16987028307185825,0.030661978698192212,0.014846368154688892,9.913551563141768,4479.810383425042,4476.613665739219,4512.0440057544465,4545.570587175929,0
5,6.1000000000000005,0.0005584004753163841,0.02122925480235725,-0.03215876844257073,-0.030872610437473694,0.019348588383081157,0.07267313912689295,0.07107740251751941,-0.018194543834241864,9.929411219947708,4526.812853921635,4548.604760548701,4529.655783139423,4501.914636751009,0
5,6.2,-0.06541266277121859,0.007782914883587054,0.025657739584930773,0.01418059550636608,0.02707783718646851,-0.007612040964542343,0.21009871898131116,-0.17592870200405775,9.893868374492326,4476.044388234479,4442.783340009336,4493.9467687110255,4456.2848190473715,0
5,6.300000000000001,-0.008071394901640841,0.0017384624047228376,0.11185414093359494,-0.03015170269527875,0.01816890331291545,0.007846436022383522,0.10288491536095945,-0.04317511750311278,9.543551082647312,4463.475020213524,4461.2457763899865,4514.33442458762,4544.307660666441,0
5,6.4,-0.028247576332761024,0.03145676491288917,-0.152344205813562,0.00360642498354598,0.013371252326742534,-0.11584998202214948,-0.020388346897985455,0.07159171404855652,9.223245870554106,4540.0635918510525,4510.6103812767315,4521.5018294315205,4487.618421624157,0
5,6.5,-0.08613612407826778,0.026703147815847584,-0.008259032541651208,0.0006423091086464123,0.021752139703979073,0.06096510990900784,0.1921237417089613,0.015385422887349898,9.671757512441777,4494.347494592738,4512.469901176159,4530.475695569789,4455.988981456839,0
5,6.6000000000000005,0.0004268807589584473,0.08047708285191846,-0.02402088710025202,0.01862023709738209,0.009862350544320102,0.0764688485219984,-0.08097605415999325,-0.08054016700655808,9.814054378424458,4454.033346382791,4491.90778180165,4507.58629972547,4553.5390682084935,0
5,6.7,0.020135909463491086,0.03126142354365512,0.11644758470500059,-0.019293151777901134,-0.003301653247419715,0.19403300734431142,-0.007912222238450872,0.11164307487822073,10.002747575434622,4455.656588568369,4509.314378310178,4504.402424166156,4509.898763635213,0
5,6.800000000000001,-0.037705623989553,-0.05584597559560796,-0.047601000002085135,-0.0019558999416840576,0.02369968895200632,0.14538486557804856,0.1396597846223178,0.08601852107818442,9.609131947540083,4487.7331147503155,4506.29778157239,4481.0268288577145,4517.316169575838,0
5,6.9,0.03602430541271439,0.026814503128273427,0.10251346045575814,-0.018091824274261478,0.018656574081843954,-0.0556516360096157,-0.09409359526428855,0.05321161341863817,10.053174712439796,4514.6404045912805,4500.624120713176,4509.3046147830455,4504.092807542019,0
5,7.0,-0.05629754480676971,-0.06213100724724577,-0.00788258794734548,0.0015971367153860756,0.00022664756735468164,0.054088129091993065,-0.02154767161643399,0.0562979181904856,9.781082646534712,4554.700768861094,4502.4214118017935,4570.221678345771,4510.560347732726,0
5,7.1000000000000005,-0.010683858529410784,-0.044972398812983726,-0.14428885740576936,-0.019828845687923136,-0.017592126183279797,0.031585601632974136,-0.05261653710601875,0.018692705255449762,10.066395672475338,4497.365749450954,4562.374700954004,4464.725670589824,4495.482493548752,0
5,7.2,-0.026965646180548936,0.046825330302850396,-0.2239791630366121,-0.028862305783556225,-0.0021469364490192557,0.12411021768075946,0.02258418340373073,-0.1351547454264234,9.570566681461955,4550.189691085348,4481.365956036113,4471.711098826507,4544.321176818926,0
5,7.300000000000001,0.05055485027934954,0.06370298216333979,-0.09500418802658167,-0.030502112820287215,0.0026633297872541116,0.02681009064589312,0.03646018037048318,0.1478183935639002,9.463246581998352,4525.790851538933,4467.101248675581,4525.672059625826,4485.751298864358,0
5,7.4,-0.040698589794525585,-0.030495135347460112,-0.14456102007765625,0.0008085787966693438,-0.015453467813209143,0.06290385847202226,0.06400560810329174,0.1688157052902791,9.883265496708216,4515.620333012403,4542.002994354834,4481.170119119199,4455.352253615309,0
5,7.5,0.01000470295641968,-0.0711316734607202,0.245393867292539,0.029109965841578864,0.04327952666603161,0.004995758133050344,0.05505735937015979,-0.04594754319526441,9.986584961117352,4463.533703638468,4423.707204315757,4476.278681415343,4456.33579573148,0
5,7.6000000000000005,0.07389633680797679,0.09078387275401581,-0.1402929072413111,0.02583431215042479,0.01902769967001541,-0.1255821347775101,-0.039026753093161816,-0.058016372212451976,9.959599079725441,4463.13661947285,4497.033821230216,4479.4219648815115,4514.200235501555,0
5,7.7,-0.010839601584396464,-0.02676228519701976,-0.021329657563207798,0.040720856656802244,-0.008337992722387784,-0.08328041746270297,0.05834335691559653,-0.014352466942295661,9.526953213826706,4566.944890056074,4489.425631632401,4488.66391638116,4504.795060557243,0
5,7.800000000000001,0.08650583846044196,-0.08398726632594979,0.027598584942053972,0.04174544323587255,0.0025745736147929667,-0.09882671834427838,-0.06183968529606526,0.020688252975679052,10.076160783127973,4489.8199246675185,4524.799553922973,4456.938935188593,4456.6884489121485,0
5,7.9,-0.024140034434247483,0.0719014360936631,0.00688746395137692,0.005796223911332386,0.005561591911470543,0.08873663860693846,-0.061022069253785394,0.06882851084882323,9.643823467228975,4559.498179677623,4475.988266871099,4473.5283209076415,4516.490094404641,0
5,8.0,0.003989421571616191,0.016342620313046716,0.02273137954923181,-0.021807843976148777,0.03226717858158968,0.07148337647112875,0.1358949951267116,-0.05283308891104243,9.893304708943035,4505.92105386704,4533.8400787860455,4534.807443954888,4505.791524088743,0
5,8.1,-0.07589755659216259,0.08898309435438445,0.055598743369013895,-0.012168740827822842,0.0081308427653339,-0.12088748387620188,0.10553530674710442,-0.1471211744279153,9.765833101592584,4507.333633488167,4531.165191359462,4503.196340293031,4519.048886208377,0
5,8.200000000000001,-0.0014083454224776467,-0.0016092975472141334,0.008547725034829734,-0.003781158417047492,-0.03373140486162871,-0.061465879495730256,0.024477484111169845,-0.024912100348871893,9.77883818356362,4490.299389916839,4474.092048218045,4485.2070161707115,4490.795047668342,0
5,8.3,0.0002571570270924699,0.019668917223485616,-0.01805502908857391,-0.02059310511384839,-0.027961640798375664,0.20779497659001794,-0.11298150302645632,-0.051862500126438296,9.913400060502788,4510.82581828697,4515.625970776847,4486.718487914035,4507.156742119187,0
5,8.4,0.0030671832120431827,-0.015606568377064362,0.02454097417713399,0.021107310935014133,-0.00044400446870649545,-0.0012437722914859677,0.10681610348759843,0.09613603598188132,10.126787288192697,4447.313092965613,4527.153575495082,4518.047401362065,4473.430428067402,0
5,8.5,0.012579395899942242,0.05255608738789992,-0.08291589224854001,0.008851248580456142,0.017427073514620348,-0.08568156500251904,-0.0142285692445148,0.030096837664241118,9.65077369889141,4473.625404027193,4495.948661944117,4524.049191507111,4519.312020035763,0
5,8.6,-0.04307063645931711,0.03260839425578431,-0.08359397761665086,-0.03220339595986869,-0.007342871420944627,0.08983754972685885,0.06559605521413735,-0.00015718073731942625,9.72665890328179,4488.307135916507,4503.263547175824,4467.946875424625,4489.556779643961,0
5,8.700000000000001,-0.010778473067988441,-0.06755372292257487,-0.08384482508975749,0.008210135829727629,0.0001902367988198845,-0.02470094329547064,-0.09114274375379638,0.15768498255892172,9.642404157064137,4507.5477842178525,4485.363927357786,4501.08837877915,4513.728292258211,0
5,8.8,-0.0685128294603943,-0.00033081220767440024,0.11907286489798455,0.03523003786984006,-0.0026002794651026205,0.0033344965773527027,0.2211333028601533,0.11349242815991983,9.686543086148957,4481.4304964734165,4528.696483853618,4469.668886098628,4532.631802540165,0
5,8.9,0.016714998187550418,0.025886038201353625,-0.025673380348005332,-0.012596496084928197,0.029239856617366406,-0.019738982444277995,-0.041093507657386175,-0.008013706787980917,9.84860442654359,4469.075246198417,4483.053855173793,4481.459037782818,4525.358409138205,0
5,9.0,-0.04429812839999447,-0.08778839288790269,-0.19670945629061543,-0.029407602693514345,0.027230764056962228,0.0012965279587241326,0.050124908680720275,0.05364877271213292,9.821236783678465,4497.756561100461,4531.335792894544,4504.379877429379,4541.972924377902,0
5,9.1,0.031041497264493314,-0.0308898136740514,-0.04971340238699362,-0.01454929612908559,0.024350960439014312,-0.03240407623564422,-0.07984727967996325,0.03197780411268201,9.7905665787255,4508.837055377255,4556.694417116815,4527.392124177866,4500.8103166290575,0
5,9.200000000000001,-0.07042116921030044,-0.02499812486043178,0.07110461025453031,-0.023420820793236326,0.04281940592660708,0.0011533250108438915,0.0048848393209484885,-0.0666645192957978,9.909347551355145,4465.259945804333,4564.9467776730435,4539.52053913956,4529.528893355911,0
5,9.3,-0.06952145028949047,0.010270663522887543,0.12090863980140046,0.011862107987154785,-0.020042182092675498,-0.052007500424692425,-0.04519361380059906,-0.06034378344886076,10.115755767142062,4442.3696058353025,4519.677574189765,4461.2308987521465,4471.162455376468,0
5,9.4,-0.10048666834343588,-0.027452721557943295,0.15107316515392136,0.00529648484929556,-0.02396723093998194,0.081371813950345,0.12313042635686858,0.01040464810390856,10.216949831630519,4524.646923738738,4520.479575218777,4475.898638785011,4518.821954568641,0
5,9.5,0.010839563880224666,0.025991450133551336,-0.06845856191413306,0.0025619776871797333,-0.016337230004299163,-0.17177056799728255,0.09983045685783835,-0.15023889816895175,9.831437292956483,4509.9900638834715,4509.796890475892,4491.5076277920525,4508.136344258399,0
5,9.600000000000001,0.023548353489258107,0.036748240787599244,0.1733441339384263,0.004683883029964107,0.0012809769003540375,-0.07253831722800752,0.043594632389933705,0.06673831031405686,9.771539363143676,4516.338375125521,4491.22451419352,4520.129779562668,4527.378069420893,0
5,9.700000000000001,0.044931393336524274,0.005892216307065033,-0.10399681516170514,-0.012238261052836414,0.011903146477694568,0.19590498445921817,-0.03407207715320819,0.045583767838814,9.69878948850412,4470.780988672527,4479.710524092679,4437.52584069892,4540.603051887232,0
5,9.8,-0.1115065126457307,-0.013191411520031641,-0.11781278953500546,-0.01768760430724409,0.02753045319477336,0.01608535920251136,-0.09653961591817006,-0.05895171324965109,9.656903755911584,4498.693629837634,4505.186750543631,4556.867243196857,4442.510977020069,0
5,9.9,-0.0017406157378976228,-0.015778384626726108,0.09465485277167823,0.007096362363567869,0.011807244162298912,0.027606894881206604,-0.09319911252835396,0.12112654964930131,9.969700980923134,4527.465893751742,4537.921505115215,4512.530253019559,4544.429772123524,0
5,10.0,0.018881978589332056,-0.010952929401230433,-0.0006603910483364726,-0.00047687536272232925,-0.01038782644181086,0.13055110786961766,0.029629536550366764,0.009473847583290661,9.887654850985287,4589.395635502115,4466.04827434201,4474.648844648512,4458.5828694765905,0
5,10.100000000000001,-0.011629961921774304,0.012275922166368018,-0.04653225183410774,-0.0107945359630354,0.002848097332562646,-0.0401686259863758,0.031017582718283816,0.11142343467426044,9.945406093960163,4526.430400414956,4532.577552345201,4508.484844803561,4495.240769218707,0
5,10.200000000000001,-0.03861265354415978,-0.01955890818178605,-0.052368553267689445,0.014633446532418232,0.006935651091883923,0.05574062901714411,-0.11603368561001515,0.1431749484241079,9.724603925698649,4466.99950073776,4486.823467055346,4574.512979777625,4488.368494005253,0
5,10.3,-0.016254823573546275,-0.009605234031483806,-0.014862038343145532,-0.015629521316025085,0.0028642616641226084,0.08604759265586642,0.03142893154787071,-0.11111652988999857,9.741130819013259,4483.454177996951,4501.588184047044,4539.91355014687,4495.533516119373,0
5,10.4,-0.004407743443519539,0.08888224094097147,0.08762059916716602,0.011481625642130702,0.03916263230603551,0.03918490038352105,-0.19865271419775224,0.08326657578803608,9.49159830857627,4513.560161057473,4448.587692776123,4485.994337688003,4489.086464111704,0
5,10.5,-0.038505955361587664,-0.017442599859560003,0.10325617203605525,-0.014279058243191067,0.010902817590210818,-0.07725197116858402,-0.018949957639212915,0.03238392663274503,9.61069431667629,4460.648387012679,4514.756344517366,4533.692411980219,4497.628049415379,0
5,10.600000000000001,-0.022865645327835214,0.007783769384419341,0.005547991876538049,0.0048580508142250295,-0.05056490200627429,-0.08552834329327706,-0.08452301054368538,0.015086762851156253,9.847175576724453,4519.085414660521,4507.727452476313,4460.97794788838,4543.410138527552,0
5,10.700000000000001,0.06359591517111832,-0.0629098645013463,0.03327052943741829,-0.011908487704860317,0.0027772797840109648,0.08426482237134965,0.2130104266320959,0.07512777051426102,9.868986947022028,4489.805364950751,4505.464046130335,4540.793156799849,4498.658737297213,0
5,10.8,-0.044305632567382514,-0.08098449327583133,0.05130478674102508,0.004945762512554786,-0.012918163465245934,0.08208113005658381,-0.042177686438763046,-0.013464409182479521,9.806667173340411,4489.471417735857,4507.075951972487,4534.54545437799,4465.725543056447,0
5,10.9,0.02442600692370044,0.008607933480322053,0.015376382954470625,0.017436891397481814,0.000985948504343174,0.038418340952456234,0.07158646295711472,-0.050436520038060664,9.86983669216276,4492.476371783681,4496.019546608403,4490.33815810565,4514.132412122906,0
5,11.0,0.004082235450912686,0.01972720171583372,-0.0017517362895748446,-0.032082420249406496,0.0006273683219941695,0.00508303641254536,0.02425959371534602,-0.059372919368574195,9.570906056666898,4518.738199346828,4491.791803303975,4505.1373214305495,4491.556197603351,0
5,11.100000000000001,-0.0003030912886797402,-0.022464267396790416,-0.09680835891538281,0.009474633215373143,-0.012062401764522402,0.01311611847158485,0.04104602219020779,-0.05868127156030817,9.569222873125403,4572.782568415591,4484.166843721638,4518.702514758034,4558.183906487104,0
5,11.200000000000001,0.039495387342694664,-0.015022140441377577,-0.006711638753511132,-0.016652144394776965,0.017633928539154846,0.045301656644695064,-0.05144258182617432,-0.10421748070984445,9.545753252467263,4529.595420114126,4503.611193868667,4506.449536089983,4475.3115412241295,0
5,11.3,-0.07317515516522032,0.048130678735581627,0.004203903699723074,0.018144693201152407,-0.007718662530311282,-0.01894542744294867,0.07132981766206321,0.07323480796505247,9.969513124537192,4491.143962406919,4518.436417129526,4533.272983964302,4496.856839649554,0
5,11.4,-0.025674418188702683,0.0671373801658383,-0.06544457335513071,0.01258952994228954,-0.001168446210397227,-0.14732524931876484,0.11285940674785802,-0.2757853629547368,9.413174386648478,4515.81990238442,4515.812135960344,4480.872604263674,4504.434662709097,0
5,11.5,-0.12657150228890024,0.035348773223529965,0.0249725487053597,-0.0009128570666759082,0.0004168296427554404,0.03946033409544255,-0.0028901523497860946,-0.18740555027312203,10.249266446904505,4536.024024582854,4461.451660141355,4489.645883085703,4492.918974295319,0
5,11.600000000000001,0.05394247832544818,-0.1079634467659884,-0.04990082644297892,-0.03521272886675007,-0.005701910316566768,-0.03780007144679235,0.007969406738271224,-0.060487439900918344,9.659795321721896,4518.589700752895,4513.640182228278,4516.541950283347,4494.692997285275,0
5,11.700000000000001,-0.02858692911125947,-0.005942624101038539,0.050116207006845215,-0.04353559401943697,0.00788223860741716,0.024731054986783834,0.006215090608572699,-0.014931342187167516,9.296776122813517,4486.804402106988,4553.683161332321,4500.387038867049,4490.781304839758,0
5,11.8,0.0008453097795056296,0.017738643431400428,0.06588202446894643,-0.004577603263158836,0.008498392047873674,0.13413206422090876,0.10062507994327152,0.23403002158569797,9.678645928329658,4550.285685225061,4476.279790802322,4510.606984402214,4521.974295877143,0
5,11.9,-0.025538859595223624,0.004398213873713785,0.09104611024518411,-0.014205417966238159,0.03338766919095294,-0.11076772997818791,0.19396914427283843,0.10013261347995922,9.792054884734444,4487.9199536628985,4484.789152116269,4495.92613079229,4498.545124153536,0
5,12.0,0.06276131233172909,0.0984327050192292,0.019937992065400773,-0.016912569759788085,-0.01091452081272388,-0.014647262768902759,-0.10301221052967756,-0.11789414021073788,10.229425442474605,4509.078405778388,4475.0060059895895,4524.498107110731,4464.649616255795,0
5,12.100000000000001,-0.05480060239355268,-0.040152120053212254,0.16545132808650334,-0.0050576013155674785,-0.04883413973804974,0.09680527465404745,-0.030638136416235747,-0.18494080058784057,9.746663302407319,4515.630116898147,4512.121474995989,4553.952449374945,4474.416964122902,0
5,12.200000000000001,0.002336006013248615,-0.034978463928921094,-0.15421928941872232,0.017710547446119097,0.009265391382950404,0.022694275975908215,0.04267901932586446,-0.068547285268842,9.608860982536362,4501.129421165081,4534.836342072348,4548.2423140636065,4523.862981204223,0
5,12.3,0.0014587213384047975,0.013489196469996804,0.001159385932537144,-0.020518866793988563,0.000492947564210859,-0.10678614540707945,-0.01240772261030396,0.16361051105963192,9.974571844556671,4472.306424472904,4497.827127910731,4474.9687106473575,4498.124586954684,0
5,12.4,0.052055390826228155,0.03265039691549519,0.2484144080745336,0.02384954805015143,0.004080007621553829,0.054171997930663456,-0.020244317418333574,-0.11275042470864963,10.071155315657505,4530.26974430795,4492.768373562181,4508.21807210794,4537.228175621544,0
5,12.5,0.042317571310301005,-0.07315506256248494,0.024362002148982428,-0.0033526305097672806,0.022260013982773615,0.0824834191026129,0.1318607828178045,-0.11178943387202077,9.653177693188752,4533.422473084063,4482.250625539727,4454.357010572571,4515.977894628422,0
5,12.600000000000001,-0.02736092201329864,0.08948953851542003,0.029618455398846357,0.0032051857328333107,-0.007384877832315141,0.1272668267141577,0.0358554459889821,-0.04084995181562065,9.65118325867891,4497.795808363074,4470.670594885356,4530.866323250369,4445.749738379273,0
5,12.700000000000001,-0.006975701416653541,0.030506677254396722,0.03421194201096572,-0.014345659460313378,0.013205174134130984,-0.0708831510708726,-0.002238465649681007,0.06518415719803557,9.902582555898624,4479.748829657416,4535.924835496931,4502.600837144566,4522.289862328174,0
5,12.8,0.07645505033366237,0.05587602743873035,0.1120129406331044,0.003853598596989445,0.015878702418210194,0.017087725965145288,-0.12093244677784135,0.030274379250504236,9.861272196747693,4517.511880845655,4496.160090743598,4477.1563332970845,4519.695182495257,0
5,12.9,-0.06566361436261241,0.07294095679282346,-0.02314180612049924,0.004910563441123365,0.01117116306563144,0.047255043587535274,-0.1408984299951735,0.08240865805442638,9.870630765675255,4480.942158463242,4477.509991471623,4489.978407538295,4461.037749401686,0
5,13.0,0.08611336954935128,0.07430756625716721,0.04517002009759393,-0.004467968326841818,-0.003942159758747906,0.06064525649391745,0.17578268995019508,-0.057039673959674325,9.586482791475335,4546.429223207858,4446.385842372467,4469.744075752421,4492.594263224674,0
5,13.100000000000001,-0.07802167339025157,0.055607453140329915,0.08569052705051,-0.011495864544306343,0.025592282383554956,0.1159433942723061,-0.011317064829006355,-0.04506681775680075,10.261920405548496,4521.634854662525,4507.6897395890655,4540.906378399189,4509.05791905009,0
5,13.200000000000001,-0.025281029295959424,0.004007988024377674,0.10386542873197352,-0.03984371132698427,-0.00576061478878442,0.1106445918865284,-0.05118684010935176,0.15461085604314098,10.092948763871963,4498.034126535332,4482.94382085333,4491.379233775511,4579.938434760043,0
5,13.3,0.09372122234666219,0.006269548590336915,-0.060815355162040945,0.002340820711625263,0.004876538532335294,-0.09946869900874833,0.008004126921526019,0.132240432481173,9.450128663756706,4524.797518954118,4541.243939101643,4483.183279647169,4550.825272745732,0
5,13.4,-0.03451685312241727,0.02205413309302019,-0.03067726846636304,-0.006139927143252071,-0.01234598139516091,0.055886038468961584,0.08488054577314491,-0.0064422199577188685,9.538006357265546,4512.095104999032,4512.660430782321,4493.498549658407,4556.016938615424,0
5,13.5,-0.07819646324503271,-0.1108641855126784,-0.07308348996976709,0.01420849068182899,-0.021116892748676817,-0.07847767348208602,0.09510213361781547,0.04625479227977497,9.88541218192568,4523.442867583966,4487.244211401813,4488.630477778254,4524.293378176842,0
5,13.600000000000001,-0.06724433903905998,-0.10713599231992732,-0.04332841736278544,0.018617465781313833,0.005111193979736065,0.06858332032984123,-0.20162943104231654,0.03154968083234918,9.940772900928476,4459.476077321679,4525.861727716397,4496.654433104826,4592.14010104818,0
5,13.700000000000001,-0.10886180344483679,0.06845571838373754,-0.03941580965260738,-0.03234303428880087,-0.01053910287129984,0.022198339306997276,0.10374666695650432,0.17219642881321756,10.094378617740869,4471.038539378866,4533.904940767983,4511.738548713626,4480.36190937213,0
5,13.8,-0.010595529673874053,-0.0354921329722362,0.003709234193645584,-0.014593157645882404,-0.02055988146434878,0.03832953022262176,0.06287305482596371,-0.018759700009161193,10.083530260787194,4492.187082405147,4490.916763646233,4519.814669470371,4496.0272324517,0
5,13.9,0.004239886451307172,-0.12602192353095326,0.0016707384737974893,-0.036543918749425204,-0.02441901141997741,-0.1068258031004404,-0.10425831535338262,-0.0548853859632253,9.712701476890903,4519.928256127714,4506.671634424041,4442.96776713546,4502.498839126404,0
5,14.0,0.015912762329171364,-0.016428325812647904,-0.006088597690670255,0.003806202507941134,0.015291991952711604,-0.12599039899701878,-0.0244317038639649,0.1508336098057729,10.093332261659592,4525.528107833274,4516.10474051867,4549.639042452062,4557.5354400482,0
5,14.100000000000001,-0.006453999402342621,-0.04847162216441601,-0.02702923176244952,0.06193391027544107,-0.031387126854503886,-0.037643131162353384,-0.14126911524926314,0.012476386287738533,9.569461794221027,4496.737469314991,4441.497145199437,4518.52861995254,4536.670357694039,0
5,14.200000000000001,-0.01919718110317295,-0.006756500353785104,-0.016340723073131225,0.003618213504500505,-0.0007633917393285649,0.061449356194455525,0.12330391334509457,-0.0814071222492183,9.748134301445141,4527.048583467742,4457.349928558229,4440.878361544633,4506.789478586954,0
5,14.3,0.024817320553524612,-0.036115009397679615,-0.057865105412045516,-0.015203846434817977,-0.01733850478688869,0.055479665648368,-0.11804984869976387,-0.026552286143334877,9.62893276649703,4456.341330722964,4526.105345242403,4484.405243334794,4505.653202412623,0
5,14.4,-0.07540379399005051,-0.0370969726878238,0.07560878806950055,0.051745429116906196,-0.03952432128780624,-0.016088623623154105,0.04122805981435,-0.061610015323928374,9.979904397398826,4473.99801988019,4504.615429806499,4484.337842865049,4536.582932488644,0
5,14.5,-0.03381822515178028,-0.017593689814325793,0.09456890374971552,-0.020560773181857273,0.0013750011352714453,-0.14580274749492814,-0.10879334586290748,0.03821312758908035,9.611860498092755,4483.662812045286,4514.792592061438,4482.624415765592,4524.685262196491,0
5,14.600000000000001,0.010783139374303218,0.021784155596225152,0.12409655987385322,0.006396461252281315,0.03077694580938688,0.07290098264302589,-0.05234524298344567,0.12931480750212715,9.86277320418059,4488.159608740185,4508.351570859627,4533.3698047317075,4513.651352827266,0
5,14.700000000000001,0.09111964162756989,0.05432652789494109,0.052316003340216244,-0.020521361654823152,-0.0035946502802024173,0.005733131180068106,0.0696631501217747,0.06373330412721927,9.843908082043658,4503.610497461315,4521.613706852282,4474.242413231101,4550.865474577496,0
5,14.8,-0.10235834425817357,0.07277047410860146,-0.0045185528425162064,0.02005159628543188,0.007276808685852255,0.02768275287286415,0.055425447602652105,0.08090542890877786,9.744233834682552,4531.043973915787,4467.465881292636,4499.840082800216,4525.079097728169,0
5,14.9,0.04975087898079447,0.023039442413070054,-0.03933924379557356,0.01793415556737407,-0.013387324782375068,0.1401127258999129,-0.00846708974996642,-0.15396256942059605,9.57106330639669,4501.309309106387,4504.194758139782,4559.089700548533,4468.845019871574,0
5,15.0,0.0019731099651965358,-0.05297107035410284,-0.04926548532134034,0.03367944060138676,-0.022726724463119817,0.04696339392542671,0.03929073590143917,-0.002417142635820863,9.913887324638347,4465.199388541701,4549.689675234106,4557.745364853706,4501.413140932779,0
5,15.100000000000001,0.1211553065306777,-0.019951396577496023,0.04004319938562803,0.02863778127549027,-0.00918008920445819,-0.11052392471035508,-0.1611717065618854,0.2060826563902659,9.704195069872245,4494.427897097445,4466.617077650369,4528.450178379876,4476.553204223263,0
5,15.200000000000001,-0.024563151383066098,0.014976020970808024,-0.10640459272455725,-0.0035716453902845074,0.028044191790065398,0.03426035180134906,0.013054229242835844,0.021486470946386504,9.732172980804688,4559.8845695926475,4475.635286083978,4506.327784858918,4503.450766990284,0
5,15.3,0.05043812535665676,0.055158696939681985,-0.003201880448707081,0.005813329862260992,0.0065706950782789654,-0.18177133244564858,-0.15889896024777755,-0.060506369072197065,9.697680264724626,4464.021527341076,4522.487477141209,4500.063552630524,4493.559163578395,0
5,15.4,-0.06280776372536934,-0.0022272432122394273,-0.2626684755998612,-0.0032591262161168204,0.0012636733761551208,0.019353198745719887,-0.156410176347928,0.022481673669147478,9.601713746027093,4475.62590503123,4521.53794157468,4560.423411700793,4501.540762764081,0
5,15.5,-0.04085477293201162,0.009433522375499928,0.09390291574991455,0.012419951317454707,0.054862257449274913,-0.05722700552757334,0.025223147991929807,0.15489179534182032,10.107231847403707,4441.497662204269,4499.899271398801,4544.535622975461,4586.719289711974,0
5,15.600000000000001,0.035189794187540924,-0.018393164684824184,-0.100920315243739,0.04437486715061699,0.014574831729315183,-0.0678453541508334,-0.02031563663337812,0.031018651682870404,9.918761330777624,4473.011440273626,4481.574287456236,4450.411963128811,4531.192868688144,0
5,15.700000000000001,-0.017080923338515807,0.023316082459164608,0.1422258508576327,0.0043974028474789125,-0.0022594095189813605,0.015513718150714733,0.0063193603850226834,0.12461649978779449,9.872167679507758,4483.667969412632,4531.435471706693,4536.91453069075,4459.850081195386,0
5,15.8,0.07663919423840528,0.018235588660424275,0.028326995014659847,0.020132492631930298,-0.011339527820085576,0.07633316113527391,-0.03767754697378553,-0.14749506797103382,9.610448744178614,4517.010654987097,4471.63594980016,4548.30228369569,4535.67850360319,0
5,15.9,0.06667195830164825,0.0062389289838705965,0.02578616172949595,-0.02387423708488555,0.019915670203149806,0.03038667640296683,0.05673056252922603,0.1688311811452882,9.688807403210498,4496.21575350368,4509.800127646265,4471.936937836239,4494.3720353616945,0
5,16.0,0.02464749052334847,-0.016271063568641553,0.13089894097291122,-0.030218491236339882,0.022455424804666838,0.05289483798528037,-0.056882858755659085,-0.09244085682299981,9.39394347655151,4476.144749627585,4531.41529965009,4498.31742821164,4534.889426411755,0
5,16.1,-0.030993553531227604,0.03535530800532814,-0.07174986020844216,-0.01931150012419678,-0.002142544343413525,-0.05319732090559972,-0.15428221490372127,-0.018231470071699334,9.831287083286258,4538.050758344882,4528.104170313992,4536.598295976985,4521.610724951805,0
5,16.2,0.01663063794749874,-0.06144724532359463,0.014987219793527455,0.011935875546616284,0.029148758987408725,0.05490308333854509,0.12403834346054217,-0.1031997891365239,9.744716474770382,4512.880521409838,4534.8285807222765,4495.643140624832,4497.526621225526,0
5,16.3,0.03435701530014894,-0.05629354135725622,0.1607404549823429,-0.017582721862153698,-0.03837178847118606,0.000805360681806448,0.1698458702375565,0.05864531303336101,9.960218108600728,4501.241572869213,4495.428675081865,4453.652718912206,4432.218412262874,0
5,16.400000000000002,0.009813616922043165,0.06562745971701131,0.03441337048280654,0.012471990541040269,0.0316743509127908,0.026301348115284645,-0.012265510030761952,-0.0818524805650065,10.214442512594418,4515.79643337461,4471.69194852242,4464.864969965963,4537.591911807867,0
5,16.5,-0.051872084820416275,0.09269170787511105,-0.27564627970907113,0.028451903955799534,0.009737896223239288,0.009487553844549924,-0.01754584350417629,0.18907298485940296,9.951411771680242,4472.903891733136,4448.432701319133,4505.318916394419,4499.967865993877,0
5,16.6,-0.07599340186877546,-0.0027696762741167853,-0.057393463307420026,0.00018580136613389152,0.014518472232968038,0.11940879579712284,0.09088890363692874,-0.07214407498302056,9.883783025765839,4501.893213644761,4460.036131361073,4511.946983540768,4555.700170137531,0
5,16.7,0.0016213302093502004,-0.07970913398627004,0.0030268671108619073,-0.024274243979465007,0.017272110137725755,0.041989199338010305,-0.01709100534747433,-0.03311642658558212,9.767553139676892,4500.248234830269,4476.832949359754,4458.367407569957,4534.160968400839,0
5,16.8,-0.01927004882484791,0.008352155208457208,0.02852819511674943,0.006440409593104279,-0.023476359941968485,-0.13406721316414782,-0.05886925246919921,0.03957115324169533,9.664410026505138,4489.352359389023,4563.818922412487,4444.637283455864,4477.348980122685,0
5,16.900000000000002,0.09483020342869641,-0.0022299335997611708,-0.07059851654989106,0.023375378340222405,0.001104608729622226,-0.02786467160352048,0.01923689270375111,-0.06581088093827663,9.606501787422385,4496.592092170958,4469.67009119772,4500.3207993538945,4510.63219702423,0
5,17.0,0.04265302280258054,0.05639624927584137,-0.04057365016322517,0.009988292158781387,0.009850468924127128,0.02622549726527871,-0.04794594109504585,-0.10280678124641107,9.910400377813312,4448.794123134208,4491.96481702295,4423.391069530542,4459.907927299252,0
5,17.1,-0.04385669692237123,0.05483621038146422,0.0688108024404269,-0.011078693676844846,0.014587395902595016,0.07100983707043174,-0.016066484837472153,-0.13843781442136902,9.768417537986778,4497.063227844836,4463.026368275093,4511.011403787899,4508.394355629071,0
5,17.2,0.02225213499470934,0.013946154858372174,0.0729843035114983,-0.003586560557460631,0.004035702147419066,-0.03181922273964256,-0.05844992156219503,0.1338249630762076,9.401246259694702,4526.302799674628,4481.38377373663,4477.498854670706,4507.847324521962,0
5,17.3,-0.07448048061755014,-0.04080115359731015,-0.0849139646512992,-0.004427965163701897,-0.01608275376321377,0.12808949485114152,0.17970165164979543,-0.20219935227480634,9.918864540953148,4525.7599031723275,4516.289556071733,4480.256595207249,4492.677133135244,0
5,17.400000000000002,-0.03741373273888478,-0.02101320155794143,-0.12099650286671762,-0.002295776432691006,-0.030056034226101397,-0.01601076433825101,-0.12485816890997646,0.020681636179140386,9.674116087811422,4508.717410436236,4532.447421850943,4547.683408083141,4424.159862329385,0
5,17.5,-0.04170970469368914,-0.015154303855600699,0.04603278183814831,-0.033007090083090586,-0.019641848136004312,0.010428576212568796,0.008488824152666717,0.0377618406420093,9.898735145377623,4510.1578329934755,4505.809659498945,4501.672193199791,4519.942892691731,0
5,17.6,-0.11196613332821126,0.07721667434856173,-0.22044820508803242,-0.021583236338089843,-0.004535215933002895,0.0538090312871874,-0.29952668907996166,-0.00281243239418344,9.968479007883147,4529.8355434808545,4479.080110245076,4490.974941391349,4481.515556133221,0
5,17.7,-0.019633732676304222,-0.051591327536421754,-0.0889252162470918,0.00868753844056736,0.0026323074654548357,0.03932692060723788,0.021401438970083682,0.07043386011475956,9.985642799631,4447.748501404017,4474.370710487569,4493.058721275299,4499.319674235379,0
5,17.8,-0.033504528690901675,0.04560118354941529,0.19799483682905986,0.0037232391116346804,0.001686820643964225,0.06795650040834648,-0.18658397552034361,0.0028468940438410428,10.005807165093504,4480.705380083967,4463.203182602941,4494.425831697006,4498.179437003942,0
5,17.900000000000002,-0.04543261409577293,0.10480806380254755,-0.047869638100794566,-0.023073187028531374,-0.0018724263814122294,0.0726288510163593,0.0017414248998230968,0.04855939200440024,9.63569788113337,4544.630653392105,4516.851330837553,4531.431047066329,4510.954818974255,0
5,18.0,0.041244201886439215,-0.043652627983861374,-0.04914104166895625,0.026929611911120598,0.031194838945679277,-0.09176524797752615,0.02497360678638122,-0.04309438004852274,9.670593706127029,4508.545190860664,4534.228887970962,4513.549874198526,4490.414626502429,0
5,18.1,0.025743058996758002,-0.017998808679045054,0.04121143007306019,0.027929314009114664,-0.041543193186016555,0.06378018388320268,-0.15390549215704685,0.12283277105444615,9.682594878025428,4463.469858671806,4520.858076812662,4510.925101894272,4470.02439291115,0
5,18.2,-0.06264998785841969,-0.009374074374564112,-0.12040869501711966,-0.021229459458472554,0.002312415808428671,-0.07726973074040774,0.042653929002654294,0.1490143595883477,9.780288917019885,4503.904531859567,4560.542901985064,4464.3719664786795,4535.737055855422,0
5,18.3,0.05354287989562411,0.04271586695868916,0.12917478507326313,0.0056114993191723785,-0.011658589911985349,0.0875658632976454,0.1132842211712895,0.11053139014932878,9.818900416463848,4478.5141645916,4505.740867623348,4528.266900527035,4530.730553695799,0
5,18.400000000000002,-0.021483806353729748,0.015768644806369504,-0.1308778304485956,0.019699002060117023,-0.01566617513450127,0.06282042876572379,-0.11493045773901618,0.10314159064340078,9.874367038004555,4476.559269131491,4520.740691432416,4482.28914924584,4522.486651123354,0
5,18.5,-0.013705573769036073,-0.08605235628148315,-0.09824162404809371,-0.008608294173745687,0.02736378047497156,0.072091490442338,0.1623861412322142,0.16536352160298584,9.703049839081817,4494.345394207235,4487.661602270084,4479.854681840968,4444.755158719906,0
5,18.6,-0.0007373859008421205,-0.06427827968555554,-0.00341718815343274,0.04231541619125969,-0.01018690192661417,0.01558192045024538,0.09066483858092832,0.0280291291965907,9.86849683758846,4489.127926989358,4493.043660748163,4471.199684334365,4525.381350266683,0
5,18.7,-0.0870745828307048,0.04855441691911011,-0.14036983847452425,0.019252145481533044,-0.007076350524243622,-0.09854949505064642,0.05792986450796365,0.09287675350757749,9.722384270379294,4521.618316460368,4431.447465159919,4460.382111307602,4538.772267914062,0
5,18.8,-0.011183463709895808,-0.09311066632244239,-0.06988661804419936,-0.018468009450501616,-0.0033192346294584948,-0.029660078704611792,0.017893172893816083,-0.006946605161257471,10.081947851007405,4512.73645799159,4513.730148335808,4534.954713716836,4488.336937487113,0
5,18.900000000000002,-0.06309387216792427,0.06034851623161246,0.013584174810811249,0.002787024157978569,-0.012666598430604728,-0.049348426648286196,0.08467223387708436,0.09846557981376103,9.966764681149332,4523.7888481633645,4517.070886117793,4503.945681902344,4494.738609470371,0
5,19.0,0.06051619249707766,-0.018686043524521682,0.036997921388074693,-0.01608025995908493,-0.01318598073700901,-0.01889236542857812,-0.08039383767271636,0.07978518254783004,9.540393149690996,4502.9768887014325,4503.975242905265,4445.67601265041,4486.769285384292,0
5,19.1,0.012784976902407137,0.02143639966470341,-0.020430720860016585,0.013537764089614308,-0.0021863251447208163,0.0010922329660045384,0.02516538689865537,0.09269996287341688,9.674856399516894,4485.395343824451,4479.933105248124,4490.034068515742,4542.787027742393,0
5,19.200000000000003,0.02863626596649111,-0.0565544872584421,-0.06004469655886746,0.007455344485528043,-0.01813015561865541,-0.05802720326518055,0.1344959666174149,-0.06133756284731867,10.000933363205878,4537.659695685928,4477.996137264931,4473.301123303286,4491.716037405565,0
5,19.3,-0.05443138603368125,0.00605169392513712,-0.020565191185338647,0.0072116003177260316,0.027938869124656422,0.06539879846162554,0.048923977541235626,-0.19660484129679182,9.898675196420475,4551.678829821137,4409.684324510595,4520.681476289269,4495.219242757306,0
5,19.400000000000002,-0.04248975015114723,0.04005642919559768,0.17097059006073306,0.015504614576755074,-0.0074238390252305275,-0.07547758595265251,0.014462763378954378,0.08731692923815881,9.732589394753255,4491.288510250476,4584.660007495152,4532.359558378792,4534.503860351809,0
5,19.5,-0.07301429530294061,-0.035359433964673025,0.007468163945423903,-0.02002275115770299,0.03200794597778588,0.11282498452725163,-0.053354533738405374,0.1783918606607485,9.809149580656012,4577.681691521671,4504.340583915751,4517.285782509853,4541.997103235087,0
5,19.6,0.06388166749039047,0.025536603306794678,-0.014114031944383583,0.010282653999862383,-0.0163236834375223,0.01217069750912927,-0.1109307532497995,-0.17808816400803015,9.820085352827888,4537.86833672015,4527.774139247882,4497.542631128232,4552.409690945265,0
5,19.700000000000003,-0.028453069542328686,-0.09589163308990117,-0.2182101294200962,-0.023623818811914343,0.016332494865244577,-0.05078421467739091,0.04609586418573021,0.16462833835839774,9.589980607484438,4514.354991953876,4516.168892179671,4474.177860345807,4540.626327757353,0
5,19.8,-0.014385352777473829,-0.019187649045650467,0.21116132184179728,0.010455334847334364,0.018505810993709963,0.1083914345217471,-0.0650473999459217,0.12498210970536792,9.709621177000466,4483.661298319851,4491.840000830756,4481.338054951651,4524.664692979715,0
5,19.900000000000002,0.013360532757252786,-0.024561220730855645,0.06745050331548218,-0.00550364874772692,-0.006561407407293532,0.0038947107921234914,0.04634603556662172,0.038984764937741966,9.737350163549435,4525.413336223182,4493.32817546761,4480.3504653417385,4455.959350536979,0
5,20.0,0.049158924049951064,0.0006195038097003777,0.02108723585105148,0.02091605831399031,-0.00954812463195632,-0.10995193987793028,0.0069780702215218515,0.030796155208029544,9.757430186767927,4544.212127342285,4425.41500296836,4533.601699136993,4523.734609510927,0
5,20.1,0.022838538885022967,-0.16679507747345482,0.12838887832702683,-0.020528682212717704,-0.010153839567667735,-0.013647413183205505,0.04074180346519754,0.063942804219255,9.98856811086386,4524.475605302356,4507.587816126394,4512.477679771728,4467.277388525333,0
5,20.200000000000003,-0.03755134034095112,0.044773011183741614,0.08372094867286813,0.014475988328888419,-0.01028833523313055,0.07283937055549566,-0.1161244452480358,0.1077359809862273,9.757825839750822,4550.525112190219,4454.356737238036,4552.902121377556,4489.156070125096,0
5,20.3,-0.01897396280058721,0.009741940949279847,-0.06970789128006968,-0.001446580026046138,-0.01475252530541709,-0.05608508247833496,0.04868859503005719,-0.09015654953035161,9.656361152998905,4458.8162625076075,4484.88207960116,4539.348060891718,4474.621990796911,0
5,20.400000000000002,-0.03658166325936207,0.009696097324076777,-0.03707964337995265,0.044563088666992996,-0.0032505592935251344,0.02681746769738974,0.0943768784799322,0.09245778658628506,9.856657516311476,4495.16617539942,4560.720856091378,4497.007191740572,4486.749296867146,0
5,20.5,-0.03229244941470093,-0.0863401601353378,0.08216157522371632,-0.04696136794201653,-0.00011445681809841428,-0.016388850741710804,0.22399651922314479,-0.18316512287136266,9.629779342603129,4495.917106239551,4494.074119875925,4483.513662275699,4497.570362717935,0
5,20.6,-0.06297813644348707,0.017859643949746953,-0.23214853420775783,-0.0005153871175451414,-0.012007133885271467,0.08130303542053084,0.17553110706333047,-0.03310521687503577,10.088145185828287,4490.516511581088,4471.016204306127,4552.377108965568,4515.623293342021,0
5,20.700000000000003,0.00022192613049071787,0.03435887375493243,0.027421503513016733,-0.0013843881588303604,-0.02652869654615993,-0.021642938972901336,0.06232554234584728,-0.012277142568681057,9.990465152226077,4511.509650716003,4473.655910457438,4460.424841265036,4495.284645002095,0
5,20.8,-0.02621142240522938,0.016816090481084307,-0.07181376587627299,-0.012307846515097544,0.021061394351898247,0.01185623749023183,-0.0702727065427293,0.0017641808735019673,10.085782248600337,4508.813600648242,4517.788524282754,4477.432963904177,4530.792581314038,0
5,20.900000000000002,0.11590511302319009,-0.03957338212564268,-0.11818939743719895,0.0035108448767029645,0.017510100996888208,-0.007311173764020909,-0.10532063960426628,-0.010858416178039,9.929618454555492,4487.789045191618,4518.217650532648,4534.941323557197,4507.206918773113,0
5,21.0,-0.0013973885639146325,0.04146719626131409,-0.08561008274372306,-0.019094196673858452,-0.005331445698579707,-0.039350356385157374,-0.08033419752904754,0.18304684749987743,10.244398641898858,4489.388848732333,4502.751568492451,4494.364715398086,4533.224977203545,0
5,21.1,0.06528227809200236,-0.08886318993448233,0.04760108000656257,-0.02613642682322297,0.03516544315750557,0.03521984241683184,-0.08233495383626362,-0.02413213879378532,9.75220454834677,4515.753388286575,4531.257378125324,4465.553781240848,4555.162635027364,0
5,21.200000000000003,0.08028450539104218,-0.04376617837955227,0.007280179436230931,0.03421617088228632,0.02465837173354966,-0.02693944240383165,0.08143398145678733,0.29971982917191387,9.831031996370243,4481.020552456799,4505.172595562742,4507.396562864919,4484.263897829997,0
5,21.3,0.022081253390710848,-0.06272005298637506,-0.06655338670086793,0.015164895523095955,-0.03509741703084503,0.07225340735958212,-0.2011981365705703,-0.1731324578876315,9.710204251388824,4508.60591528458,4539.757908093821,4501.728682894788,4492.60339177272,0
5,21.400000000000002,0.02897906239924021,-0.04354494102339672,0.01394151593464063,-0.0239889251591072,0.0016518103375082625,-0.010386906067952268,-0.08042679214494174,0.016504063653773916,9.841709930631929,4535.263620370174,4451.830997908116,4497.718532769089,4477.192128008895,0
5,21.5,0.043488102908814594,0.03769560325960665,0.05078798450686211,-0.014076665161389262,0.017709411658801907,-0.12241047429946654,-0.17353107035927717,-0.1275870999901924,9.803305037934619,4520.254932029648,4410.719025779715,4539.682284956393,4503.933365885353,0
5,21.6,-0.07838861737948877,0.0050473485144790515,0.10925254146784197,0.011988820306125178,0.02198146125107932,-0.10929973035176888,-0.041400523513840465,-0.09246922305235322,10.153516041008864,4519.180885304599,4585.410287668729,4485.971713997483,4478.259773649531,0
5,21.700000000000003,-0.007141331929757528,0.06891786107112745,-0.03661196893753473,0.0024887519581388846,0.0019338140577363913,0.0031597408961751565,-0.0652398460462478,-0.013729106791036658,9.773979479729729,4499.773060209761,4528.305504544581,4552.818841038735,4474.786957119909,0
5,21.8,-0.019599681239385755,-0.04125059492030933,0.018710153722227268,-0.010766989150219538,0.004795936674839774,0.08829015283558295,-0.25258316858046087,0.04917798896006909,9.717962590220425,4513.812668039532,4473.105916867494,4535.887829649207,4527.398418541208,0
5,21.900000000000002,0.028417607427132147,0.039661285890504924,-0.07456204671721736,-0.012392475093785799,0.015048724016349586,-0.06141833142148896,0.1445635046658087,-0.03235910712810316,9.910378877972125,4562.977485577652,4478.813299377957,4502.062852525343,4531.62549493912,0
5,22.0,0.04756386944382657,-0.016390765511967907,-0.0516730437521854,-0.004662718650901035,0.028957155323027277,-0.022328468508795725,0.0078115692483465,-0.04267864709234251,9.951109712959198,4504.66575112751,4469.896985677253,4470.93527657895,4440.041833003334,0
5,22.1,-0.04156607045628081,0.03969729018160861,0.1323760538012268,0.01371116726434368,0.011092644012813626,-0.010122083962291965,0.0774914554913987,0.02862782230818843,10.170889794397425,4497.046640574697,4540.290242512084,4526.2234224545355,4522.063298586125,0
5,22.200000000000003,-0.10057456627309101,0.04645947807738554,-0.012750797890915334,-0.008878529888697835,-0.029658260823558266,-0.0004469707174546491,0.003355159681824261,-0.13030019218148045,9.515343965421263,4514.598584403843,4526.151153931842,4505.708487297673,4534.525039490531,0
5,22.3,-0.00431924921757493,-0.0027175637200101185,-0.09170280287407905,-0.031204839551074347,0.0370932426771917,0.09050392401997971,-0.13925125671384783,0.015575190783128046,9.789990737779267,4491.780225805109,4487.729464565552,4511.4380744090395,4524.5452657641445,0
5,22.400000000000002,0.020119558451410273,-0.006025918718959686,-0.015722671689112,0.018736286338453333,0.009268898762321245,0.005815157042834655,-0.0035901297600107827,0.034527050961228885,9.71633026228811,4524.646164519247,4467.724243144864,4487.656304707006,4518.333182863381,0
5,22.5,-0.056644140667713665,-0.07865042713247503,0.00630776754292401,-0.03392916308892942,-0.02597607108103723,0.06052752948051457,-0.020478525760573577,0.12854869497089855,9.56903713181251,4497.181429031031,4511.9875365962325,4464.884552096133,4530.952857134988,0
5,22.6,0.025533944158301944,-0.08046435433437171,-0.0037741796208600508,0.007719134725172655,-0.01180113347056115,-0.1183891924407051,0.027845878944741026,0.22112429502825615,9.732603180168462,4547.077235438541,4477.431335347156,4506.466369050298,4523.145675926284,0
5,22.700000000000003,-0.00042068329856825067,-0.01488678244406156,0.07261275213503737,0.037829102305384416,0.0060117384927826254,-0.04128481412242779,-0.018975155725968303,0.25197076456453743,9.836981423267627,4482.16758904266,4465.6479625055235,4445.222967176622,4510.907528215385,0
5,22.8,0.032732099641225185,-0.019834808998260345,-0.0014970418030954096,-0.023409234185772478,0.0026585692965500215,0.03851962564536996,-0.05351642671676378,0.16904526695858396,9.642578734650618,4508.50429812057,4525.4495165911385,4497.681314995519,4494.345695433165,0
5,22.900000000000002,-0.07144330752248311,0.06786707478581418,-0.01698932016675959,0.010747308498696498,0.013454409757202817,-0.05026387936142025,-0.019752860429121492,0.13344823507435039,9.586560466851912,4563.837542242718,4477.653816441712,4464.614476300785,4503.969270620656,0
5,23.0,0.11041741321699355,-0.09554829677961026,-0.014101571848969216,0.009525300345131113,0.0006729991707106271,0.030553733600240763,-0.07180330821722741,-0.059972184593138106,9.78031547056816,4466.103357362917,4498.659407956794,4488.337641189855,4485.898644445354,0
5,23.1,0.01602532062993189,-0.0910329746599652,-0.022909010338315366,0.046347075312297224,-0.0217221937265125,0.10284003971875308,0.005465612091269875,-0.06029578088814182,9.545871668094039,4504.1904589585565,4543.601913174441,4488.323665644097,4497.571157257897,0
5,23.200000000000003,0.050518542509516595,0.017043539567314043,-0.15722757797245787,0.0019777443171036728,0.03024469821331197,-0.0029552949173998655,-0.2741489429477377,0.0388214991591073,9.770308712091193,4445.127167582364,4449.623757298386,4529.253214298664,4478.028517632148,0
5,23.3,-0.0453748190367996,-0.0017819280465834369,-0.06442029983199388,0.0020009725555549035,-0.004054400588733407,-0.09599964640749145,-0.05111977985613847,0.04427533213091045,9.818383608047725,4497.5417255282455,4558.121527235381,4521.931125761566,4525.57323794464,0
5,23.400000000000002,-0.008298420389746241,0.011007259517563749,-0.043109998952569284,0.015550995310482565,-0.0022079980819808692,0.01779021991444452,0.016061130215516816,-0.0018166881405454506,10.397637613431154,4480.001421675159,4479.728654095239,4520.822902404353,4482.1449300277445,0
5,23.5,-0.01457031806744466,-0.05432054766778091,0.049155791940258695,0.010085144889683031,-0.006303841198468891,0.0571853350784058,-0.18581250137335917,-0.07068534015143436,9.776004162757815,4464.831525092912,4447.5386088774385,4490.763121048846,4520.820602611822,0
5,23.6,0.06410541957132561,-0.027364394160268646,0.07332158376215936,0.01273084076151335,0.02437216348668993,-0.028015282428320132,-0.17985004951846742,0.007018585242274463,9.607241251806055,4478.294846728139,4490.963425678405,4489.8321710595255,4504.246778006874,0
5,23.700000000000003,0.035157815820980876,-0.01838677916379832,0.03956975066080047,0.00029632019861010767,0.018709887917568908,-0.01508734808850533,-0.007892667577455567,-0.03744004479989068,9.777550292008302,4476.495356149624,4473.522081415695,4523.272961558482,4467.503949504462,0
5,23.8,-0.01595590448489517,0.050767139313549814,-0.035270079500360714,0.016574809073711498,-0.011820914414536834,-0.08409308850801551,-0.1594825854900821,0.13127240692726613,9.582625763673118,4522.415597703753,4470.001589196198,4539.5215175381945,4566.203481738453,0
5,23.900000000000002,-0.08432650298451684,-0.0542378217079407,0.07731318638032247,0.010260858467316298,0.015538437095203833,-0.045900444032350086,0.19875341610233677,0.011804946668977438,9.566607484631296,4492.405544998712,4463.892993113135,4547.728240756624,4480.190062115997,0
5,24.0,0.024624174237231112,-0.02353365724910901,-0.06153873097625132,-0.038205083625621014,0.011963492059811343,0.10393450021033472,-0.09159675813651517,-0.15452291149986713,9.970663208547567,4450.612759526813,4536.585988078447,4472.868146311362,4466.901217715261,0
5,24.1,0.012423121056564576,-0.051906964250571876,-0.07071110812932094,0.0070796386534201314,-0.048582246743332926,0.13139353967426579,0.004364013246573795,-0.1292966012403528,9.606550926142631,4529.749391347824,4518.031588052223,4541.603419718556,4479.517714655873,0
5,24.200000000000003,0.014829191857540142,0.021328395589183882,0.06952675002522368,0.022545622468641387,-0.014345278116886944,-0.00913362142083846,-0.061014974558014516,-0.005261187335637566,9.949686556412596,4450.378934992179,4533.281147083779,4465.824536272087,4490.778890409083,0
5,24.3,0.06219709624830623,0.016400485899170265,0.03395299482636598,-0.023612520905902216,-0.020881718716476816,0.07530051173351351,-0.05891435454843898,-0.049491187329984934,10.002790250210943,4468.502593638914,4508.077053986588,4501.287219785031,4499.919428224102,0
5,24.400000000000002,-0.025921781593875193,-0.02899275907316642,-0.10783641637948654,0.009653300520826132,-0.013362983830334723,0.07749956969338012,-0.02245550415906529,-0.10584504894210378,9.762437223570316,4487.674284025906,4530.273102351842,4488.929994322454,4491.71368856399,0
5,24.5,0.07057733527462177,0.02541336607316745,0.16627060160034968,0.0251809000812781,-0.017743251767257093,0.07919606835200863,0.15253032920745915,0.15328131323234198,10.007619196715337,4529.025689847275,4490.920168689733,4474.878537469513,4489.4334804330765,0
5,24.6,-0.08323945007163815,0.06713976577108527,-0.028329295941771207,0.025826614581299197,-0.02462999154443199,0.08660999368017684,-0.04948806581793196,-0.12843694083091742,10.135423610431952,4533.219350080223,4506.353772605574,4501.018136554049,4513.1853005645735,0
5,24.700000000000003,0.009731428895870553,-0.03961379770857357,-0.041205226978492195,0.03921435664077406,0.05344313485256028,0.12501348041845464,0.04782239401626234,-0.0337749032701935,9.650362821220607,4478.031527687094,4483.401970239397,4564.534921242773,4554.188468891478,0
5,24.8,0.037313919496769696,-0.04803065882064131,0.08930559267110365,-0.004772340570212104,-0.04306018877288243,0.02296805099210075,-0.08419130408340553,-0.08080534290900372,9.759918401286399,4485.050310811727,4498.97229542688,4497.530083499484,4443.725727214571,0
5,24.900000000000002,0.07601389944414166,-0.049168836147433996,-0.0952398385130473,-0.006571065035805949,-0.002166696947385884,0.1167183853465471,0.02694234520549011,0.056646548410953436,9.864907237516658,4506.943847474963,4509.29188509261,4442.017975722932,4492.502445454814,0
5,25.0,0.05811305552855787,0.19711655054033428,-0.12043089325395101,0.008461599206487057,-0.011420931557486833,0.16381215231174795,-0.13537827607914815,0.062493949031587975,9.528557780099163,4490.442999958175,4498.970600077506,4532.090750452188,4467.684995215244,0
5,25.1,0.033169152442369274,0.000938886169397348,0.027279338628597962,0.019166654293702824,-0.025651133860105754,0.06484759785188739,-0.05689048530894247,0.10958734549768259,9.876911526907577,4493.714148554488,4482.299220927275,4524.69884983066,4537.828550564428,0
5,25.200000000000003,-0.026642577043009232,-0.05665032828906985,0.06942110429452256,-0.028970618840674006,-0.02611024875165943,-0.08501602204223194,-0.041545048303874954,-0.1336331889215445,9.422240018123684,4465.936674169886,4519.274233397178,4461.853677836197,4489.791909661375,0
5,25.3,0.09733492311827811,-0.002458706501354523,0.03425309897295932,-0.018920800365031062,0.04326949707400284,-0.043303559131074296,-0.022810468445151666,0.13170586779673646,9.773653151029277,4501.436663480256,4491.549350376326,4491.755028658283,4511.1150603248425,0
5,25.400000000000002,0.02764715945990528,-0.03216242156062836,-0.07660804561469298,-0.012182721777151264,-0.028025080283995366,-0.12723442068154378,0.029716714722490756,0.0938595803175112,9.984209058629045,4428.540261805901,4492.648047388702,4466.9372413322235,4504.312123134626,0
5,25.5,-0.02089117594046906,0.029595595312229418,-0.0019153090401341376,-0.03792003789835779,-0.019341717455990812,0.0004628091861322847,0.009011042923108633,-0.1405676807704002,9.502708059290777,4501.6873601271955,4457.889980818484,4449.941117204977,4486.64578462106,0
5,25.6,-0.02442230456693255,-0.04392002386696506,-0.07037369567249628,0.0002767144644478925,-0.014403258073596386,0.0056557617331871495,-0.03804685361173345,0.016765015538665582,9.985641113087329,4525.1774353617175,4538.646314131983,4525.144406906915,4507.1567259462545,0
5,25.700000000000003,-0.02167158188200723,-0.019388046140811206,-0.08777773064358103,9.058582103116043e-05,0.013947749574238695,-0.058053408230641645,-0.0037217858663773948,-0.06773622287217694,9.851870866037524,4483.518498481501,4477.814682861178,4479.60099915204,4515.099863215367,0
5,25.8,-0.004837470266517745,-0.021421086500001792,0.026140450254721066,-0.008290324349353008,0.022530357873714064,-0.07790929229546052,-0.01869715128172817,-0.1404765221667001,9.740625121621981,4449.610935068801,4522.389495676774,4522.995113010167,4523.525105211735,0
5,25.900000000000002,0.0014436240087233913,-0.0439935202355046,-0.08003406320359496,0.030603441104410423,0.028713542075995933,0.009804412556061721,-0.05156340340803272,0.13686234226985106,9.671099367723038,4506.865476242877,4540.558719161953,4474.909845010061,4524.876707569113,0
5,26.0,0.026028039792193494,-0.0019758271115780514,-0.09934335991331157,-0.014488795202065516,0.005789021457013173,-0.11386694359051093,0.013074385901824978,0.05410509840616632,10.00704403456182,4458.049287766194,4539.487418914839,4550.860904825398,4512.304547031408,0
5,26.1,-0.051902429071233026,-0.016405464418012054,-0.004759724511850704,0.005409270174611135,0.0004396310528720486,0.022493211431569352,-0.00907467573391228,0.026510709451224315,9.717895315767738,4489.854398490526,4482.7192448857,4557.517786035122,4543.91702358523,0
5,26.200000000000003,0.02776470950068079,0.06626544986338694,0.07984613389778826,0.0036254231902811043,-0.030111426820393673,-0.020973113610011206,-0.03350378920183519,-0.11330751730921569,9.512767545078678,4514.781580397011,4509.735129671124,4464.9780905979715,4477.623644806914,0
5,26.3,0.05806111365770818,-0.04388482567582803,0.017079890393380242,-0.0037955659913596206,0.010127269421241257,-0.06848861221251443,0.009008347754010703,0.016872257734587722,9.856036161245845,4502.372215738878,4510.338279617823,4565.753109961524,4576.838933303133,0
5,26.400000000000002,-0.03196080703933609,-0.11591214901762495,0.059549530072197356,0.003725049198025326,0.02122083718367161,0.02279087197722538,0.005860393952571911,0.11289065958772229,10.063756117682768,4458.4031982365705,4475.501814385812,4496.83221122134,4502.953128717738,0
5,26.5,-0.011299160167612437,0.021710358893094295,0.09961047893171003,0.03445419421441456,0.01157826047545799,-0.06818669427624878,-0.014737622519781828,-0.007535224125955695,9.912928047996232,4511.645041003018,4561.511899533345,4486.154605942353,4511.542516013004,0
5,26.6,0.1177355698872046,-0.029260344845180065,0.01451486961703552,-0.018897610022480308,0.0016417379925486304,-0.06241737185101132,0.10468009034913464,0.014731885903139534,9.622920548003542,4525.21703093375,4505.389981166148,4528.584563316704,4465.570121161568,0
5,26.700000000000003,0.018441220612433074,0.038667084732235436,-0.04233774902357365,-0.025180054539363023,-0.0008321499074078786,0.09824922350247428,0.11259303306340565,-0.042842843475557675,9.553382912724713,4487.064608389513,4485.945670478042,4513.3934034991435,4496.8499549128765,0
5,26.8,-0.0376632105868571,0.055213153363033396,0.014042586744483422,0.008708313054618817,-0.03449970868262534,-0.19394118965578286,-0.14375457814444081,-0.048054342560677574,9.925271203522762,4429.732593887781,4547.7855619311595,4505.116980803104,4540.808849788497,0
5,26.900000000000002,-0.044298504123706436,0.02519299670862454,0.00851959299707875,0.016353726261091085,-0.004675827351994342,0.037857216720607094,0.11021953187712002,-0.06511762938917753,9.85844884649793,4443.364132883329,4521.075090571901,4558.639876303875,4462.666918567539,0
5,27.0,-0.004569063021397159,0.04402406504570568,0.003141747346655047,0.0033019910298645156,-0.007819988830472772,-0.03425218024703317,-0.008669415358537777,0.004167142213935586,9.573711747684538,4498.019340421619,4547.05601816128,4487.425986192333,4462.882350513762,0
5,27.1,-0.007570803399321331,-0.03573064060621483,-0.13383418253219395,0.002783369234652417,-0.01420564074302156,-0.049977133348261996,0.015342738038538901,-0.15331745953623346,9.461686069949776,4520.126165835058,4442.0749919782775,4470.699669140779,4446.004813938347,0
5,27.200000000000003,-0.02430682334244162,0.02140293738255828,0.011233794873237668,0.04783746778914568,0.021738312355780016,-0.0744926280125281,-0.11970550048264106,0.2706687940975501,10.022514401146672,4517.681088218087,4502.245554366468,4508.2056470242505,4455.537801735527,0
5,27.3,0.007851958509838393,0.0035615698729507257,-0.09041388431014802,-0.010770529071369573,0.030303527868871118,-0.010013993623588993,0.20711713025331108,-0.17406794364873834,9.705573962754851,4453.581643462592,4463.717326383245,4475.153828830221,4509.4592888031175,0
5,27.400000000000002,0.013341308554019358,-0.033964515981380276,-0.2227799557336582,0.029553857460643058,-0.005715294320727124,-0.08930321362409113,0.02749307810700873,0.02044451705231741,9.745464707000007,4504.455930469245,4465.34910478776,4522.797385295295,4470.093987157294,0
5,27.5,-0.030278482765171595,0.032440090807578766,0.12039589650102339,0.03171549136092677,0.021115964769331436,-0.025925774704142545,-0.15410330691004628,0.14050555856028935,10.084139197780996,4479.840715399395,4527.635671134737,4490.034666182078,4545.038306505352,0
5,27.6,-0.025743233120189103,0.09893256437742518,0.07861205475982458,0.03595089689371973,-0.009275945392997587,0.03240236835553544,-0.09692791983443654,0.08439892521191966,9.989808306567426,4571.910717546036,4514.46119391659,4521.722826075183,4485.875088704886,0
5,27.700000000000003,0.027068968631761926,-0.018994560434379186,0.011586075884199989,0.003490313230915903,-0.007046097466983409,0.00503560772335948,-0.03752951697134206,-0.03797311250338392,10.025332930300454,4505.262409254792,4510.411988166008,4456.280856930434,4512.7037499549115,0
5,27.8,0.026521173198761894,-0.019916931134437637,0.20850296762606915,-0.045784545283681304,0.015687342715410925,0.05702438439638897,0.05415829319994119,0.017621270563862302,9.920135864525008,4526.0452643866765,4478.22337248504,4508.975868665403,4494.500494739301,0
5,27.900000000000002,-0.05468842001127543,0.03585849873066448,-0.056436042468403336,-0.029957173495589344,-0.01078221321403298,-0.06391191184745044,0.10284790091901104,0.015319314055807765,10.086476549137988,4480.003313063009,4526.225096156895,4585.188687444237,4510.680974013814,0
5,28.0,0.04308244311615764,0.03467588321127031,-0.14220753274258266,0.011716345949349014,0.0061291264129913784,-0.020779790671864737,-0.08840363742048807,0.06939832403270371,9.615519252077876,4564.009368140457,4503.425072504644,4463.300788566405,4484.58011165015,0
5,28.1,-0.013906716914490865,0.1206188326961923,-0.08845889468094964,-0.0023243452650277443,-0.01075656739730045,0.03994067884653314,-0.05218834137050446,-0.11390566661397104,9.77094108404076,4491.018184700033,4482.2326686712795,4483.835689233087,4535.54087393643,0
5,28.200000000000003,-0.015987010713375216,-0.056706383123921636,-0.04621159637998562,0.001086713189307852,-0.02672539273102708,0.1300782368005119,0.08675794775062723,0.14301727436187794,9.888425625097536,4437.189076496097,4546.060011499156,4474.092949208703,4476.534397679937,0
5,28.3,0.00781625719777218,0.06891149233350748,0.10532871339523997,0.018125622403520416,-0.0062365410574910666,-0.02620860208736894,0.03459436679800666,-0.01300708412835327,9.987863581465872,4524.903529934857,4517.740239635181,4424.221161546919,4503.839650910318,0
5,28.400000000000002,-0.005442694036635058,0.008401280087976573,-0.0754324638546407,-0.026495718207984506,0.009262769599500804,-0.028504105418564955,0.057469299370759945,-0.06709143776847712,10.093182128098535,4530.031945277123,4508.904813256377,4493.601347598422,4525.572266333946,0
5,28.5,0.019627390761870298,0.011929209396530242,0.10428654095596086,0.028530723088132804,-0.02504822368971089,-0.08403072858798451,-0.0780260725478798,-0.15024245976435519,9.79745029488617,4518.003493657336,4499.35745115143,4483.976350751613,4533.793732713874,0
5,28.6,0.007027820160337483,0.01714914836831592,0.115423480489976,-0.002464838777022675,0.041204281452493614,-0.03582520030974128,0.19979482045129,-0.09747351819124206,9.913496980576088,4480.724034935813,4533.586983509433,4485.653021764248,4508.726135719323,0
5,28.700000000000003,-0.032527099802078484,0.046861258683330714,-0.06557512606391394,0.03366829689485337,-0.019919942139227806,-0.10765023346625174,0.09515520780790863,-0.05916436402635217,9.808552537310094,4490.332765384928,4460.621751985419,4497.69019007585,4537.947476849169,0
5,28.8,0.05015685016527828,0.01158963813129624,0.11122682930351072,-0.021190371693883533,-0.006509086578100127,0.031664395258416654,-0.01304148268171117,-0.024682333047655727,9.569871253535782,4437.559758340719,4524.535992748489,4507.296647197567,4527.059951346303,0
5,28.900000000000002,-0.02186179710791872,-0.0356388942413797,0.0006547966636634446,0.017083992972256327,-0.004629044299753085,0.06414281474627886,-0.10063080055930869,-0.01614471331698672,9.795977171184393,4536.791698317657,4506.228821940477,4552.382325548826,4459.569456001575,0
5,29.0,0.006495945220563984,0.008969901959022291,0.062009319758686725,-0.016267198728977823,0.03368892678821672,0.0010371153177407358,-0.10870675129349182,-0.0016024990413618543,9.747367695423979,4583.49705426742,4531.49830798575,4501.489840671246,4496.642499444024,0
5,29.1,0.047552843124073256,0.04994310801641073,-0.2911549919320649,0.012859863094666676,0.0005593308795725332,-0.1048915057429581,0.0880214139624177,0.22461880135582654,9.921359189365557,4533.012853267706,4554.123572758932,4475.092135478399,4444.272856644992,0
5,29.200000000000003,0.03284330316547509,-0.012380576822072553,-0.1374173452371543,-0.001563398722715864,0.014550947475812403,-0.011917733181148795,-0.07868276307350375,-0.02235070602965103,9.806104706939731,4442.115532121217,4495.716751404879,4459.669785835653,4519.770778560633,0
5,29.3,-0.07805212877933891,0.05063461022754681,-0.04091650692139415,-0.010859514135440243,0.005889091946039441,-0.06928275561787137,0.02787457541300641,-0.07321087746883707,9.698653097535047,4512.160625079874,4465.842577987968,4462.06988094713,4507.44676522231,0
5,29.400000000000002,-0.0013449926244692295,0.0084346372404696,0.03276392367214207,0.0011475110761396258,0.012161852479341378,0.007794902958292679,-0.20073038996753031,-0.17478845946618557,10.195589836048416,4500.002156011766,4528.507249551513,4489.628882831188,4498.2595471681825,0
5,29.5,-0.02266823271354218,0.12329636657306825,0.025324242236414243,-0.01069715811012395,-0.033030794268603815,0.15789867541886818,-0.016327838522830335,0.07442291195615973,9.98119945806131,4486.115084297089,4520.173583261585,4481.875851397452,4470.287209138817,0
5,29.6,0.058223234625610625,-0.007909468991109968,0.05185128336026554,0.008218419877635422,0.01275863920110578,-0.12452295473613,-0.05852905313163699,-0.0324475157496425,9.643704265419702,4512.870205440491,4535.606792327877,4540.355539660389,4489.823857043703,0
5,29.700000000000003,0.014598293122895357,0.022282175224504965,0.06212560942035294,-0.017562701461452876,0.036411605365299325,0.07412161474771557,0.0952649343692441,0.12034600569003968,9.916827188453198,4469.180597308471,4495.830818053347,4450.468398148142,4512.452175290972,0
5,29.8,-0.008460682908277338,-0.0020261191763465856,0.12040011300856512,-0.009139880771129186,-0.005042463175441527,0.0017578636770573032,-0.18399922494136325,-0.02660636557620032,9.312841017542764,4482.434353143128,4525.655671601785,4513.417996747532,4482.155390686377,0
5,29.900000000000002,0.002039910911190618,-0.053749478356520275,-0.00023434031495201646,0.05860640570985021,0.03691602640743863,0.004209770401380889,0.016014416491537443,-0.09795653146345511,9.64964217840979,4510.8655296631405,4484.253223030905,4527.124487845547,4547.090570429333,0
6,0.0,0.01663103923905194,0.005086860291996335,-0.16807796249106519,0.014952204905441,-0.022873426030781165,-0.033440730290673584,0.0959575892385135,0.10297581643090321,9.716698494529977,4487.7325339524,4479.0204338022995,4464.064387640223,4480.956135536872,0
6,0.1,-0.08065650094573444,0.03415312907541325,0.03945236051618758,0.011210585697410253,-0.019088081011502857,-0.0956056450812045,0.0053514274313560236,0.006410256495022532,9.780546034497412,4491.315501924364,4551.323273330831,4512.78075035379,4559.120351743994,0
6,0.2,0.06344825127158166,0.08516354630086725,-0.1074462766356002,0.011863419819960598,-0.008635309779867461,-0.13307093690876262,0.1496003169555526,-0.029369252570562915,9.598979673946664,4487.5630841025395,4476.113276316785,4479.1890609715,4493.351898294521,0
6,0.30000000000000004,0.08654075965223715,-0.033315860827231286,0.16592706642191907,0.01697673591959043,0.007925431271721722,0.05984960258015,0.0013655663837457525,0.12860501038634262,9.923396052653422,4450.060020449235,4508.887557956699,4523.519194289778,4491.329963441964,0
6,0.4,0.006312793635696633,-0.03064289973372035,-0.13776256560635605,-0.0310075374186248,-0.03074135974137727,0.05352357939764257,-0.24902817083763287,-0.06664799269634812,9.656869342950925,4491.535213920376,4444.307053501914,4512.116642842218,4461.805158175203,0
6,0.5,0.056620277035463455,-0.031088284379441618,-0.009561302341192035,7.547713110412542e-05,0.00488482105721144,0.0029611501996913803,-0.04271105487326319,0.03430485306940432,9.903229426098992,4477.045959986712,4512.791034569207,4535.751609072051,4521.176825883136,0
6,0.6000000000000001,0.04661876208235935,0.008596042445372272,-0.09361504460748793,-0.016192889194072902,0.006397759357088233,0.07542109801218483,0.2785911913994056,0.09818219444386038,9.5759128485005,4476.981822829201,4568.3555194786795,4493.568332040697,4501.425439042839,0
6,0.7000000000000001,-0.048020846020461444,0.0782551702787122,0.05003332073206254,-0.015492026957706233,-0.019876505777145424,0.024576315671829767,0.004420617488045252,0.08321102172211273,9.919393694625441,4492.065589536941,4483.685952136159,4495.201735551035,4483.479574600297,0
6,0.8,-0.00650977664023809,0.0008220464309690849,-0.08979308933800571,0.012613597241957606,-0.007408554289393406,-0.06735074802282746,-0.035160742828186806,0.024225815662028628,9.826607639962662,4512.663543447134,4526.950383752266,4539.148206120241,4508.564584880642,0
6,0.9,-0.05347011936177484,-0.013455540126515037,-0.10043183843830082,0.03393708147424564,0.03974801765054327,0.05202489579970743,0.08584588426390306,0.025094319323665917,9.88321118309216,4452.076373450126,4497.782029042292,4473.5654081296125,4508.440696126151,0
6,1.0,-0.00298049226942671,0.09734109811730572,0.09166276887228414,0.005690239650432898,-0.005338793742792519,0.13408171670079438,-0.002995464612652983,0.03316739616352778,9.818449920885367,4487.87538282878,4501.095186671566,4441.1409944796505,4453.568807962764,0
6,1.1,0.017481527083481378,0.07840998452637432,0.034822110414416886,-0.014407377097933079,-0.02885707508134671,0.06276218083805109,-0.056719515101510104,0.064323541855256,9.887973031613145,4514.349011767641,4501.008051220607,4511.509331549089,4496.41636796231,0
6,1.2000000000000002,-0.03176532671841018,-0.048174953025802575,-0.2385008797970979,-0.003622191248090191,0.030387563659039062,0.058406407403007794,0.02277091184759583,-0.0734004994289151,10.009467845151816,4496.42072064591,4547.248029413672,4470.56738210116,4477.500914160821,0
6,1.3,-0.04236349721098142,-0.07410591852170066,-0.09370446851917626,0.0020643251953183523,-0.01424402049701255,-0.30851002633924773,0.10742732974201218,-0.16840937293474056,9.927845656977327,4500.936437690087,4563.521184492611,4529.908724445679,4484.861862135451,0
6,1.4000000000000001,-0.0351031781177656,0.07513638403996427,-0.1475871097101412,0.003817598718374161,-0.00262240926499344,-0.02745808549637407,0.035351398444842544,0.018955986050867568,9.901480148558349,4504.169269570899,4512.530442150517,4502.800955787948,4480.217193383511,0
6,1.5,0.0002000630118297699,-0.035719327985201,-0.07803766047308504,-0.006723000054355036,-0.0023884632147168484,0.0028180245078248656,0.09163788273633305,-0.049846408254084346,9.849370385294964,4503.540831418314,4481.741151376018,4502.212223586196,4530.0816424553195,0
6,1.6,0.009325310844170006,0.011329196451365403,-0.07053283309426674,0.03937717702409752,-0.012967127406450021,-0.13342267684379822,0.08601841202180766,-0.011481703964842598,9.749391635810586,4483.633386587654,4556.151438729476,4510.63770835814,4516.492536649353,0
6,1.7000000000000002,0.008130781179113367,0.013502480672259813,0.13986246105594144,-0.0050170932245539,-0.029138750910414596,0.06944437233822215,0.0496701612242392,0.010797981288504269,9.904150648309558,4488.8776733911745,4500.6207774856275,4496.048992384202,4482.2553522878725,0
6,1.8,0.059458639155250126,-0.07061293137089002,0.2360882171812967,0.017547244184129507,-0.03555951069404702,-0.01793330635927436,-0.016854591590355784,0.039188662894211225,9.612124345852056,4500.960760301046,4496.366418056321,4477.871449122797,4473.697433055863,0
6,1.9000000000000001,0.045940232335117855,-0.08482912700212969,0.04778789360960514,0.01595020613756248,-0.004371166766768329,0.004189827177999681,0.11634949996973815,-0.0704851510724057,9.689669514222176,4485.135489567021,4534.9597679766985,4538.768812406542,4458.123292966092,0
6,2.0,0.050312037365581846,0.0409454153173642,0.15535948104498276,0.007702160642527591,-0.0008852024055715338,0.09161733492573271,0.06989037915017654,0.22448984141487266,10.001741568992365,4504.606439292717,4464.776868588715,4482.572484684177,4456.9213506591595,0
6,2.1,-0.01075310180304316,0.046303379661642274,-0.0003671088480515556,0.020434505375201452,0.0067514746687802685,-0.03224738318032078,0.00876251551699639,0.04720966910550961,9.837844679692724,4504.520526865557,4476.928496772399,4487.010712042734,4567.753823884639,0
6,2.2,0.06142332452117713,-0.07369204484048579,-0.23669689575063618,0.0015238484289744453,0.017869457888519805,-0.04159534699377658,0.1021658728197938,0.0059654565007084106,9.777387744054606,4522.683455285255,4484.043726212932,4491.3988103458905,4520.105017863914,0
6,2.3000000000000003,-0.0015697968533012125,0.09543881366888679,0.06938254128560183,0.012576276566655234,-0.000990092921301363,0.0699803741367685,-0.032260777280164625,0.028237775119951514,9.626741390599088,4531.1832417669175,4508.718140917854,4559.475391910936,4571.768951510093,0
6,2.4000000000000004,0.03816597257165738,0.003421265560395172,-0.09460645121255688,0.018094996065176484,0.004205691277904567,0.04304278713235696,0.17297873874562433,-0.08244232886633468,9.625139166303732,4492.90722184888,4524.636034492554,4516.646017206434,4473.129344649127,0
6,2.5,0.037827645035124126,-0.06006064094466315,-0.08377416743488576,-0.0023091463437837885,-0.011068624919504402,0.07118875909207478,0.028637848300109448,0.17655611776272606,9.760562926929117,4496.333935468778,4536.311478271853,4497.2723759062865,4544.820157431226,0
6,2.6,0.027041410519224582,-0.11763932349426796,0.11775704141494642,0.018254536262396176,0.019026652122210896,-0.15287827028362064,-0.06629899612710476,-0.05887048335567699,9.641775726487921,4552.257675956818,4499.646964865291,4498.903171721125,4516.560249309473,0
6,2.7,0.0284650833944691,-0.16674463553129149,-0.06463575371493634,-0.028255771555825537,0.008006121863096393,-0.02311139314672379,0.001538756450126866,-0.2078519748890523,9.748029555061901,4533.453907554985,4542.283484493065,4521.565902586221,4459.936041196556,0
6,2.8000000000000003,0.06297009014960618,0.03620011275000079,-0.011718903406453861,-0.04050072629019488,0.01907189901325034,-0.04737330639867033,0.0346165821054781,0.006839386063666252,10.117678996887657,4496.2389904200745,4499.546592297422,4547.358461714359,4480.253332687495,0
6,2.9000000000000004,0.04071614257038886,-0.009930786143923202,-0.10025419620049292,2.3219734417452257e-05,0.013834102272159752,0.1082967871981209,0.14746939853456825,-0.029476407422553266,9.612550153593558,4490.437833012676,4464.554077400096,4493.478414017505,4489.7500414914075,0
6,3.0,0.036374510207838266,-0.11029675899571892,-0.07336079460866397,-0.014510366088838308,0.023742545048160507,-0.08910755019208136,0.022665735964899385,-0.012812841441978133,10.018608505367277,4517.874955935316,4503.6373119546115,4483.359993762358,4444.429724906704,0
6,3.1,0.012354282784370268,0.02652448992649364,-0.1574867612474653,-0.024673883286570986,0.005046599467433518,0.027131334896629604,-0.09906473100920593,-0.057406471356803816,9.442702232285916,4541.3179171143975,4461.003767778946,4516.267781737457,4498.951179115398,0
6,3.2,0.06447968098123795,-0.039612704638737825,0.0061252710340387205,-0.033968538184747,-0.038770536738795075,0.04770668670923791,-0.1785025839069702,-0.022821753443453083,10.012259089594584,4522.40054568284,4480.062435361542,4452.344905907755,4515.2848458496655,0
6,3.3000000000000003,0.06711283914300904,-0.03311190393328117,-0.08033128584071166,-0.01049803925737997,0.011432174216142312,0.09828140851319303,-0.12396068113805224,-0.1498281809324653,10.27799926438649,4494.6803163632985,4507.586783870709,4479.242074781471,4514.698869283581,0
6,3.4000000000000004,0.04800304373507613,0.014989808578646485,0.1740858077014435,-0.006534891798821838,-0.005257649460707524,0.01851250810219325,0.0464961645506097,0.022794726206260926,9.553116994608983,4509.375454985867,4488.774792455897,4482.57068957776,4500.974461642597,0
6,3.5,-0.048076134366460715,-0.05676956619366157,-0.261546896000385,0.034944746570197825,0.011114626382060048,-0.009341129704504412,-0.0667223236886648,-0.2876032282046417,9.664294224755704,4521.475990114922,4528.265229107816,4519.268759808099,4504.751758672574,0
6,3.6,0.06519370729656895,-0.01642686110442702,0.10851889161343614,-0.007691648874404259,-0.017622826177555246,-0.08045703843380168,-0.1064496421172953,0.06590680288024853,9.661450885780585,4469.009134648952,4521.412056589841,4509.839111714167,4528.877759485374,0
6,3.7,0.025629975563639926,-0.03765557900986559,0.007610241646858744,0.0025026598153935447,-0.018383173169480047,-0.08836999792751941,-0.06807216091177046,0.20365823566720806,9.72745118115569,4536.986003741601,4485.940184715606,4526.665164586199,4527.074749666735,0
6,3.8000000000000003,0.04762952539760224,0.01939136710044793,0.13773665787811515,0.007567079387054558,0.03427059458680559,-0.12959358425507467,0.034828624766681845,0.028332359253566648,9.622696030838902,4517.387526652912,4455.297519732701,4480.37447022719,4440.027365613066,0
6,3.9000000000000004,0.07793132584814073,-0.011577474697264774,0.21668840348163118,0.0160589985303899,0.00896196426702049,-0.04689821554247994,-0.104635003568742,0.05229715738969453,9.795697198145405,4459.821890535441,4454.49424750475,4471.238888125693,4554.629016757987,0
6,4.0,0.1106638959005652,0.010249457365445492,0.01489427962412884,-0.006726407436590421,-0.018689706966190045,0.11001432460857952,0.18735763938971361,-0.08934190858392856,9.79343232431508,4486.504010978695,4487.392827754051,4535.577247662896,4460.641153639016,0
6,4.1000000000000005,0.023323484546815314,0.03641190536529328,-0.014215117360181918,0.017861356539735456,0.0029530368107490036,0.09737039369248898,-0.15222053049258544,-0.03487752610068693,9.795637371429793,4419.83377846586,4467.421417992644,4475.5920223692365,4528.4461798447,0
6,4.2,-0.035342167315730026,-0.040903949365298856,0.08174857806561918,-0.03235821291580109,-0.04142488134887144,-0.028927384005547715,-0.14477067680783554,-0.1409679294659649,9.924686758337597,4526.279215137377,4523.6659264755635,4533.263299809217,4537.234029600444,0
6,4.3,-0.10642951044134655,0.02252059799647333,-0.052960819956955875,-0.014948484919808722,0.011208292644174108,-0.13842363839166014,-0.17511086058723202,0.06335727440817172,9.90755720350218,4504.101979676146,4473.602597858306,4522.314889037464,4520.409086761814,0
6,4.4,0.004265225752372709,-0.05886605206348858,-0.04252483457295068,0.016756673550488856,0.026543824456035738,-0.026122928270106278,-0.024967296780826237,-0.016168910802506112,9.864978601782195,4482.567980998199,4413.174448272853,4535.783070049413,4553.840668414877,0
6,4.5,-0.03061999298028563,-0.0533326684459387,-0.013710052239022219,-0.0037500776745754585,0.01991037154325919,0.004371155331603029,-0.07926228303711833,-0.1318409450558049,9.983126836963935,4517.985337234927,4531.816796342755,4470.954397478367,4555.15310698585,0
6,4.6000000000000005,-0.08718472535286186,0.03548005107007398,-0.19095827671969018,-0.015806627633969356,0.03122045860895918,0.06650914035807916,-0.05462204154871819,-0.05188370428216882,9.830124422167088,4515.424229722822,4537.547381480481,4486.312979861746,4451.646448095384,0
6,4.7,0.007848431352438002,-0.022871541875419742,-0.13006337047484473,0.0059533783062558875,-0.004262275081855783,0.024520976517583552,-0.08944442001871805,0.048671053032549864,9.546580360649005,4475.168058309103,4492.7125730673815,4552.254552448791,4523.544761056455,0
6,4.800000000000001,0.05385962521338949,0.07085385166715723,0.3602832135810874,0.0008317813511686799,0.02840801846259711,0.08101082035215529,0.09960325033075258,0.17742396180401812,9.726137393803105,4485.039449281909,4509.592965404456,4494.5190068423435,4509.555025589945,0
6,4.9,0.07813743925265058,-0.02390733613531392,-0.030467896259373045,0.0034862200705315406,-0.004566368520503385,-0.15312046624107897,-0.05801276426989396,0.06873732422375044,10.09750935018653,4465.361442973868,4465.221528023075,4500.90701408152,4437.732148053665,0
6,5.0,-0.022248510149356374,-0.08680210297756968,0.13690612998424653,-0.015386623087008089,0.03305668372678054,0.08908170827666713,-0.06463172976974167,-0.10719596368460776,9.771290850166483,4496.860601272254,4510.384408318572,4476.703701314094,4522.391846205666,0
6,5.1000000000000005,0.013266402749994978,-0.0170197578357932,-0.07120406554180231,-0.003697699661973719,-0.016338025036551386,0.004675095590687007,0.008543868521990976,0.02617072834763394,10.163248481934371,4496.026658409013,4530.137936013734,4506.887621909271,4492.852670943046,0
6,5.2,-0.005957963497561702,-0.002941320458402515,0.02797677077282163,-0.0191864153043794,-0.02930680766889934,0.052343791477942034,0.08981238325812592,0.07456358328028029,9.840994403711296,4523.016738823599,4521.402870780515,4523.628880768649,4474.213775359736,0
6,5.300000000000001,-0.054847589857731555,-0.019428462337613535,-0.0017384109542655443,-0.004838422542645791,-0.03753380662675751,0.13773540897081138,-0.02740459888857355,0.017270441657695364,10.058909798152612,4429.650831914364,4484.649183842648,4488.386481792606,4489.91069863648,0
6,5.4,-0.008674329535697639,0.07235673992224223,0.06734588757272225,0.01916070537257659,0.0009424054362184754,-0.1119498436916401,-0.2079697035146007,-0.1529407723231631,9.881953140833204,4500.953091380929,4493.69509057332,4488.942692797796,4560.351647263283,0
6,5.5,-0.04114517954882372,0.04639097280580295,0.00019129360209939366,-0.0012187902357199381,0.02353275097233488,0.11700243061531557,-0.02395494568848382,0.07992027192421422,9.882778272430011,4500.223114164298,4506.127648279711,4479.359735554654,4490.817018200068,0
6,5.6000000000000005,-0.02903176398763532,0.045068835821445975,-0.009520111554106252,-0.02595428049230077,-0.014468744463261757,-0.2559411716169743,-0.049449260188214855,0.0037645065097149503,9.782772830226605,4559.4046305459415,4517.247181227451,4515.913555592674,4450.7019289628915,0
6,5.7,-0.018232102705856634,-0.02433314036618478,-0.0786081198808008,-0.01599761331026693,-0.036162459078832476,-0.10206825637450628,0.08740934027649491,-0.014291469199318228,9.708719516345134,4499.837659960419,4535.021720361035,4500.126315626274,4516.211223927931,0
6,5.800000000000001,-0.04233024211941287,-0.030931497537335956,0.035397688506367535,0.03785307416674227,0.02859549719029748,0.04662624555649112,0.015143376016071823,0.1401069355627171,9.968935664609026,4431.19013932888,4468.382074564343,4510.144209760738,4446.390973033471,0
6,5.9,-0.04487945023784311,-0.034990747182898706,-0.02561659062458337,-0.005748604164524156,-0.005782408543336538,0.0660246013792251,-0.026522386545053428,-0.03846301320712339,9.540165579171298,4530.730386059575,4479.8550745815755,4467.389090159962,4506.392717246069,0
6,6.0,-0.038347063119153146,-0.02629763698971471,0.025846017431906905,-0.006529652475591127,0.04623218750601269,-0.005986283465535839,0.0617838218879222,-0.19416940474929453,9.637870173617054,4467.392589152499,4471.368608300922,4512.46613981511,4531.066952033322,0
6,6.1000000000000005,0.017231525231725543,-0.01133223117831545,-0.06308550387124194,0.02227199502373018,0.04142510908309724,0.010804456382695267,0.09393630640715724,0.0343370349795475,9.961100981293118,4465.063596656696,4485.355911595736,4511.864083201368,4536.374728322459,0
6,6.2,-0.040906711081883734,-0.10166495555200634,-0.04982644264412492,0.020202614286965,-0.031677911821756985,-0.09415359137052674,0.015591858605111211,-0.011597125276146397,9.928893296310646,4463.138197186632,4490.25064217494,4535.855562072093,4464.213114190897,0
6,6.300000000000001,0.07384561481551344,-0.05337084929443445,0.0849381577377611,-0.007459170204262513,-0.022898165152779534,-0.03975192377220787,0.05449291881789941,-0.0006853994901490916,10.03369388228867,4543.072201828047,4464.509080040464,4462.31192565269,4460.856186791375,0
6,6.4,-0.044959804802400964,0.05521072604098723,0.05603619506667351,-0.010900551458448633,-0.000222051812456687,0.11234444041327508,0.19080108509791197,0.025938433344280216,9.27814376319052,4508.918612842799,4528.04244388624,4506.738969475682,4521.795447562044,0
6,6.5,0.01785326872301921,-0.06173227087409327,-0.08862384333634628,-0.006423043742603128,0.021308295564767033,-0.06127072546564965,0.045590263316764704,0.030369259392119687,10.127239453015827,4498.749606656118,4447.357247451712,4519.406113946903,4564.14165634902,0
6,6.6000000000000005,0.03561916724332281,-0.039383079590520356,-0.10819458791789648,-0.019059376670148107,0.04006623760764092,-0.02618619524171488,-0.06626433938280277,-0.015843664412723335,9.74661859027886,4547.029510793625,4469.565675269511,4535.4192969498135,4503.662762893532,0
6,6.7,0.06035132567138427,0.07913095218670257,0.008479763391309509,-0.006301272191983314,0.0013235766373020635,-0.007581653760410533,-0.16569664557387281,0.15524803737850731,9.859157003476238,4465.107024448468,4437.9743003940475,4430.172023012089,4523.114413100625,0
6,6.800000000000001,-0.030948878420354764,-0.02274503340525667,0.04881542645388236,-0.01032096312203557,0.010930488321070264,0.007621125150137225,-0.008412958314923622,-0.1572750405691489,9.646053728712229,4518.076060967606,4479.539345554079,4536.161086673535,4570.392039719802,0
6,6.9,0.03281926504206613,0.07464159456825788,0.07207272382960683,-0.010685240453443759,0.004003033296148493,0.16106567568779537,-0.052355374262745114,-0.1039327298878074,9.583161115376946,4493.474118484994,4469.895837340709,4550.220582823117,4506.490696037738,0
6,7.0,0.048586315488025146,-0.014933269528984917,-0.11401971977561183,-0.026187878908665547,-0.018159834843562418,0.027802039522136886,0.05198829317679478,0.06031960730586849,9.51226546324363,4499.987724423052,4469.218145073228,4512.043979027536,4514.3723116649235,0
6,7.1000000000000005,-0.05860865235132191,0.048401480359817395,0.23388229415282447,0.016696714751693247,-0.003256680791022093,-0.025323656256779375,-0.020906398167250848,-0.07607338467770107,9.86047964133041,4465.8461222653705,4443.309066402063,4506.588050454407,4500.636991973274,0
6,7.2,-0.028558500821859713,-0.06413483113051834,0.02897440269140348,-0.019803500771409015,-0.0027788870173066907,0.14119774833011556,0.06511897695753842,-0.13691326623816966,9.55502968579754,4504.554572782313,4458.74037953823,4439.948235562972,4515.971160338901,0
6,7.300000000000001,0.016046787716043384,0.02252991656395662,0.026303518181790386,-0.001306214233447898,-0.013243770953533214,0.041290797287035455,0.15298834884051507,-0.0501229007443454,9.605851957958341,4465.946417417663,4473.998092999988,4506.077955734282,4435.811173093393,0
6,7.4,0.021958521221616293,0.0321956505148078,-0.179807835994288,-0.019583608725551985,0.0015936195969082773,-0.011477578424351827,0.05196374682685905,-0.014113682151636595,10.062953905354993,4490.364918028689,4470.509010398408,4468.096744012148,4522.064055278451,0
6,7.5,0.0014810570978458157,0.03168579503625975,0.06131224992291844,-0.040396997055276815,-0.022801652020468872,-0.08165000324030565,-0.08160641884917624,-0.0420355326576526,10.009829918923439,4535.954470571517,4491.21327509391,4492.461574160257,4478.836988278282,0
6,7.6000000000000005,0.00445938486192721,0.010126044136696832,0.08064755550022654,0.01596877451965106,-0.046042361021381026,-0.012203595810969445,0.13841000308901039,-0.043811492730491695,10.037848363672659,4490.806445999664,4505.247704023259,4465.893279228026,4467.022543273005,0
6,7.7,0.036274578613150726,0.04409091401003325,0.0026428906200492755,-0.024550484852767826,0.0008760911321442924,0.10057879685394222,0.17428664700517604,-0.03167079323259144,9.478026429948443,4525.210907986643,4491.72110710635,4528.291219246831,4508.432166750528,0
6,7.800000000000001,-0.0441722052880925,0.0029122180329690475,0.13083383670543278,-0.0029830797793448756,-0.020696103268907553,-0.12709153348773253,-0.07721646868646517,-0.0410136261770982,9.973999827183452,4466.374521965651,4546.612556571889,4459.8854336747645,4569.944582776705,0
6,7.9,0.08627592783772356,0.007058312469399604,-0.16476935347695923,-0.0011084812396484377,-0.007736819159730114,-0.10194297784407391,0.02910096272474423,-0.0823643129855644,9.667018830590084,4493.88964096283,4482.752735138829,4562.3446985133005,4483.928561010013,0
6,8.0,0.022044050569723778,0.007276124610518089,0.035275022525887205,0.008581768072218639,0.017627229732122447,0.021315686049491384,0.022489579488632006,0.00584770684681394,9.782316429532006,4472.64606355018,4498.173948677394,4507.238021257966,4512.064936697184,0
6,8.1,0.00901423864951182,-0.01164775067242669,-0.005707990319589771,-0.01107292969101584,0.006264479820131278,-0.01769025823312975,0.018056093819747,0.10008030433825524,9.668128218071516,4517.900861427314,4500.996305396561,4560.635807987423,4493.510990146095,0
6,8.200000000000001,0.03475822915755332,0.0007676725877988539,-0.13883045083134937,-0.010413781910382888,0.017609422108567873,-0.03461555684866185,-0.2220256314839614,-0.0031403016924503807,9.591532740409798,4503.954531977902,4546.534412441941,4523.083719324087,4546.099674862199,0
6,8.3,-0.02807560107222458,-0.00715831668177661,-0.10444361968077796,-0.013680868900801902,-0.018537696645723602,-0.10453783753695658,0.13658566253313406,-0.20919602950264224,10.084027780960913,4537.381767747607,4514.99378026437,4466.564781957178,4452.534746656704,0
6,8.4,-0.027420184063178216,0.0312560228169962,0.00030636374406742213,-0.02086998990189515,0.0229640956931298,0.13475066625452303,-0.022659916401459753,0.010933690359734571,9.5082302632741,4487.568398516729,4515.31319934003,4510.645696207734,4484.769964523709,0
6,8.5,-0.013712175423822349,-0.022360536827227592,-0.027846471371838502,0.008464696050362534,-0.03935074170738245,-0.005947961184633774,0.034997553562568916,-0.057048468564107724,9.714133391207024,4486.488166775536,4485.628500793885,4500.176513335511,4503.870082740414,0
6,8.6,-0.10502571581168998,0.03264401857361441,-0.02899988843469592,0.03865926350937068,-0.023832970777974166,-0.06938516070034653,-0.020290897858326114,0.04132254496860355,9.4198465345257,4475.126998436517,4517.739604817215,4471.556281607024,4541.100791291286,0
6,8.700000000000001,-0.022694179942453617,-0.04496866006709483,0.06102442577895195,0.03215234773648893,0.00832792517487793,0.10083435193786068,0.16766353406369638,-0.09218586799275784,9.997678266811917,4454.295884720894,4512.747075953592,4497.860463284555,4537.288506091262,0
6,8.8,0.05861257564924205,0.02848916752672012,0.02984278994828184,0.01016737353443902,0.0012354174275309112,-0.0048956592886322935,0.14425781722524428,0.15628898196781765,9.781668160459558,4507.129092090322,4502.449656743183,4451.649046741884,4489.90693267164,0
6,8.9,0.07998521005240515,-0.03748879375159054,0.21145434623013015,0.023442526191787647,0.008029963010924178,0.044867462878113655,-0.09172066963350256,-0.02652287522247021,10.098279822064352,4481.564119824794,4531.833952708464,4458.688794316889,4464.05524762575,0
6,9.0,0.09506923327931581,-0.00059185731201621,-0.053849988699434095,0.02725481653997925,0.02491643109927008,0.07366036522057909,-0.056989791941210594,-0.02869175759376756,9.872325764744946,4520.831980264417,4484.745492779444,4505.122113318621,4508.021739023922,0
6,9.1,0.06433848781876267,0.03772329144675595,-0.15068016448352908,-0.004272606169707714,-0.01857566739966833,0.045446993648933884,0.09231533505050443,0.010155598561024451,9.75637459387443,4502.07509379108,4506.2675782043325,4480.797010448493,4463.438666976919,0
6,9.200000000000001,-0.10250695212776767,0.0633591065869442,0.049636624363496584,0.007250220226883449,0.025303977759058984,-0.10043744077539335,-0.17356308758550187,0.038423191651908974,9.868654275088687,4448.060795709817,4510.785631864214,4487.993311428013,4475.787358207873,0
6,9.3,-0.016671185414120642,-0.12207642854592352,-0.05913742233919381,-0.014085891389684089,0.011142048938722804,-0.012658410920870885,0.06388688736788815,-0.2549539344736681,9.642180355485792,4516.679911547143,4490.734061082805,4525.363815989231,4445.861912718323,0
6,9.4,0.036555541984473715,-0.03195696088925202,-0.07361970843826743,0.019820940938549036,0.023238022599130118,0.08277597568698256,0.20386419250482662,0.12668036084433343,9.65091268325354,4504.249143844069,4489.194062745452,4560.872695798472,4533.146098640961,0
6,9.5,-0.009444006835672791,0.0438954898876501,-0.12321984663131047,0.005005234752909455,-0.018758449852061685,-0.13508737605019255,0.07845362375298337,0.09085910951875514,9.901442527242398,4494.510988783005,4462.009240354608,4465.159593878482,4470.921600607836,0
6,9.600000000000001,-0.01168366458624619,0.05380893668024576,0.10604042110786527,-0.03297135199225754,-0.013864666734338945,-0.057612881565747114,-0.2531583128501246,0.05661209469499078,9.760768035136296,4496.605723901071,4540.376131751269,4502.6492703985305,4487.078086051019,0
6,9.700000000000001,0.028603881050247165,0.0529435923287781,0.02964675660492255,0.013783791973962971,-0.002911352994857688,-0.006548619708773017,0.011302071029882847,-0.07531209504326619,9.696387677126081,4541.336389254554,4560.23868287587,4547.765937421145,4460.302279296943,0
6,9.8,-0.07099287672924863,-0.059535471597258055,0.013438744187948083,-0.05617449184715327,-0.011776031332390014,0.11256794313288905,0.09824388307289078,-0.050909465057350736,9.723328911765872,4517.017251204207,4528.0580626573255,4484.005881967807,4492.969019348417,0
6,9.9,-0.02830048642600117,-0.0665674720687607,-0.021974374802181423,-0.00591855080417527,-0.025212882319773113,0.051686475011018355,0.048332067862588944,0.06957197008450765,9.656385928907127,4440.49272965656,4514.01993388937,4480.076618561108,4473.279956002629,0
6,10.0,-0.06285265373217212,-0.01376612640435769,0.15773272970504731,-0.010108990427110292,-0.021796060883338676,0.052154672082402265,0.0172812279771284,-0.21193013676882078,9.942469263950658,4563.854033055048,4421.983922177129,4462.9288192793365,4414.544187340452,0
6,10.100000000000001,-0.0037652210370417412,0.04951931183056764,0.010550074979627927,0.027839913962253392,0.016611005806602682,0.13617178588017415,0.11602107681070949,-0.04029430686095045,9.823345291246968,4473.93969253557,4493.080314933958,4501.854950160544,4497.452780293939,0
6,10.200000000000001,0.06711267631518052,-0.01650840312534154,-0.0932086413557357,-0.017392220698063746,0.013102005432450617,-0.11225107264711998,-0.020118617015091732,0.1327500245455421,9.868519689148167,4497.761838326437,4498.922687890848,4469.113062233185,4474.285958686964,0
6,10.3,-0.009759083645728861,0.01356365150546466,0.09481500118021108,0.001851212343428695,0.02705548351508496,0.128415841216762,0.07952672124822038,0.12249814080558846,9.611857295722382,4465.524031959358,4515.539201288705,4459.763705643989,4491.288844679522,0
6,10.4,0.038559595266486967,0.07066864623426035,-0.025421565028806548,-0.012998885906153808,0.00640923243023165,-0.08588347548191115,-0.01732786482934271,-0.0008000048276281341,9.804403201465842,4502.655104214537,4474.964554332836,4478.190210221447,4477.586512169021,0
6,10.5,-0.08100471695975286,0.0170915160923053,0.0894657451692005,0.015926201657070718,-0.0052499372092150946,-0.06488041915711101,0.07443146423626894,0.06389230223745516,9.85348412848726,4552.329337572698,4499.207234358988,4492.2933004822535,4488.005480067762,0
6,10.600000000000001,-0.07804388532404037,0.033066998207114624,-0.010548536715777657,0.010198624827135905,0.036837560041824806,-0.03126014159236938,-0.23380087167915514,0.04810703695107724,9.843371877978536,4478.02638372086,4511.917990068645,4523.582889603132,4471.601702693653,0
6,10.700000000000001,-0.015066593070169122,0.0738376864924464,-0.07216221912293651,0.0013333951082757046,-0.05248822332087769,-0.1185476400865036,0.015751749733279974,0.1227987809585601,9.5375940635998,4502.236921861815,4488.728462728389,4528.592641649775,4463.465900840322,0
6,10.8,0.021503882418374268,-0.032684534349812853,0.022303802482647513,0.0013786210461694526,-0.005035581482852356,0.03822494770155076,0.004365273430296112,-0.013280630207669494,9.738716693195451,4502.32795169236,4506.661306444382,4470.325737597582,4489.515862862479,0
6,10.9,-0.05275929723155864,-0.0019922711390392856,-0.059233220485402804,0.015415662959625116,0.013454539555133793,-0.07381988508514957,-0.00023073453984748184,0.06385165792483638,9.774938335967194,4478.153474255833,4467.227894158656,4525.628026847351,4527.081394448549,0
6,11.0,-0.010397379943702434,0.03830687922633387,-0.2965210529885341,0.026551093014184724,-0.003138896105543575,0.011342124863959135,-0.03205177236659694,0.13957074818675058,9.597853675208894,4544.233809798205,4511.888127628354,4518.6799264775445,4490.123863100132,0
6,11.100000000000001,-0.06541095989481853,0.04652553827680508,0.031140835118933088,0.027232469166176353,-0.003875526404313963,-0.03353851031191318,0.13880882366403022,0.1911894164497444,9.811869435273147,4477.417275094287,4524.315922883687,4492.37938301488,4517.977884762024,0
6,11.200000000000001,-0.01296379871893767,0.07820070091059067,-0.06994895050506997,0.009610593250439201,-0.009774039404642478,-0.022520524913661525,-0.041205565476057665,0.07386080660934154,9.993672622986775,4516.732164867971,4496.760495997642,4504.205400930048,4526.931647053782,0
6,11.3,0.04646557936038027,-0.13451378156767677,-0.02722221717726958,-0.004485175828789711,0.01338505128252324,-0.005341665416859662,0.07191833809492873,-0.10786607710305524,9.862010903092157,4527.0061696035145,4455.768513920456,4575.409304046267,4535.726577985995,0
6,11.4,6.766512328209391e-05,-0.04142040536193841,-0.017508515027370584,0.0016760471922268115,0.00881325113624095,0.12005286795680248,-0.047609846944284606,0.05627098375725612,9.551514167479978,4487.591978570242,4511.30150543608,4520.737874730265,4477.403025700061,0
6,11.5,-0.022039584800595702,0.07302783177917728,0.11619086196280451,0.004169144341047327,-0.04473290306441431,0.20089060381520069,-0.0019931561657245034,-0.03125670580213269,9.705528014829177,4511.291011115974,4511.597477675128,4528.518836193795,4472.21813506953,0
6,11.600000000000001,-0.015624743907063058,0.10152728616121012,0.02245906332499918,-0.0034504874665349282,-0.018832355311674036,0.04047474446566013,0.10310182170424441,0.08745876458098074,9.758239827278217,4510.837568500906,4550.149783099459,4532.126468765144,4476.4751177342005,0
6,11.700000000000001,-0.1273002532310735,0.01483862535421175,0.07985681267484329,-0.02178448983746525,-0.00017579044245555402,-0.021095925269846296,0.010428632223219882,-0.054469628711971245,10.0681021995256,4504.439066418983,4473.629493415057,4527.523864607811,4462.074372120249,0
6,11.8,0.06422471887675664,0.04955297121112819,0.13897752953207862,-0.0031649274488323165,-0.009922279595667534,0.00672174087464745,-0.008443678635553136,-0.06527362855635124,9.699275337174871,4489.008814582006,4464.8998894068045,4520.33889868798,4498.4310858728695,0
6,11.9,-0.015418923461682344,-0.05551770804708387,-0.1160372977667465,0.03871828101444824,-0.012545149257231393,0.048842271536746126,0.01626344699001771,-0.27751884611081024,10.16849016462772,4520.522519363283,4476.969895370856,4499.149004867112,4465.52449897789,0
6,12.0,0.09131102392305669,-0.04538288541207323,-0.052308399669465946,-0.014591221562951824,0.0016075880041834043,0.10962532001114511,0.1789374449095158,-0.03989961442222967,9.885651796463584,4502.457162378122,4470.551722066678,4572.676667237878,4540.882786868888,0
6,12.100000000000001,0.009455792485551728,0.07909380467494939,0.12121067127178048,0.001637226821635113,0.006519272106559864,0.12097009139013233,-0.09461535811296806,0.16736906973213395,9.764977487862977,4545.740302285427,4499.843202076116,4510.128186674189,4498.970749302826,0
6,12.200000000000001,-0.026592181140561374,-0.013502744907215604,0.1379111403168567,-0.04628327965344937,-0.024779318896096744,-0.05803773674864818,-0.10783447924360212,0.15099796104154892,10.061535395570642,4517.760954281838,4480.865877975674,4540.051556003824,4452.356102220134,0
6,12.3,0.1070991320073968,-0.03423148985887754,-0.026203522184143818,-0.008586877009894285,-0.02146214828197354,0.15400904991495354,0.07888946307844868,0.12154705420797873,9.565266145587847,4505.42813481012,4515.630860679942,4508.1226957064955,4465.18879646796,0
6,12.4,0.05377500105653186,0.006077504139257718,-0.0954964035643003,-0.03710501079105327,0.0121333302697976,0.19603645873052006,-0.10152542733462816,0.017044705041296595,10.032099455818315,4461.910432016961,4485.601296927449,4474.195236622158,4529.5403008447365,0
6,12.5,0.06627612846770296,0.00795181323658675,-0.08417340689941011,-0.008855818758556955,-0.012609970284935063,-0.07818150892984053,-0.01020382008184647,0.05748264844618622,9.908051488885704,4499.753029062915,4501.711615104761,4497.553476147306,4461.083653825011,0
6,12.600000000000001,0.008006744849143627,-0.029181279272732494,-0.13473432191594378,0.007414111342311675,-0.0122346007283709,0.018220313700706862,0.08476378150694273,-0.09502387211452319,9.828424256414594,4445.687313548089,4545.975992718279,4459.228005093337,4484.555410128079,0
6,12.700000000000001,0.06691899518819787,-0.011726146304049296,-0.11973976863003002,0.014261464645730706,0.013810649243023698,-0.05065490714921867,-0.052492652078039916,-0.04354089706180863,9.768595207862795,4443.210867692345,4494.557284166457,4553.517425945494,4473.120900982899,0
6,12.8,-0.02917467967348819,-0.0591808831598198,0.061216192639535386,0.02406394716284753,0.0236063567835525,-0.09984084711149281,0.049979173049696,0.1433750034214236,9.911932621542025,4514.352290500313,4485.850722640946,4506.60329471381,4537.089545391193,0
6,12.9,0.016410448421438198,-0.062413737801486326,-0.045604167428597145,0.024185590777779875,0.006494866407021905,0.009524966259446108,-0.055401553324670005,0.1188599180534435,10.142482519564451,4537.895673690541,4543.2777486433615,4489.238812777015,4484.994927078783,0
6,13.0,-0.007817258674959297,0.0019286620988126849,0.14310197801252555,0.023317734789368334,0.010769387745089887,-0.11449494126775096,-0.16880218445968753,0.024046274480170323,9.986052641120144,4497.612988530416,4557.447135149352,4467.526768686587,4463.749441515132,0
6,13.100000000000001,-0.03321404872371605,-0.035114860659561785,0.052628586868197935,-0.008434237036870056,-0.030956809225573232,0.07132627653560934,-0.17599519260721297,-0.10712182230107092,9.485458685851226,4506.213638312126,4505.581431364536,4557.49362963049,4527.414799684367,0
6,13.200000000000001,0.07208230916711003,0.014430482564924655,-0.09769318210905636,0.002562152039869926,0.011848420147746135,0.056304590580125984,-0.04724121441083423,0.048878647378239916,9.623394405831748,4468.701672176679,4466.526458658435,4500.738779656704,4464.664909347711,0
6,13.3,-0.02123721949355039,0.045145827570697905,-0.1029129678078305,-0.010086240670086337,0.0014326255355233911,0.019750952122581333,-0.0499290590805561,0.07868600687351571,9.928090460156945,4534.195698130851,4497.551942269588,4484.61543571631,4479.521039339636,0
6,13.4,0.01535137589646814,-0.018857789140563644,-0.05691697776807893,-0.008965745284906445,-0.013673809702485037,0.015921689021018565,-0.1412583182544061,0.030301629247496284,9.94530975208059,4482.573625854681,4557.6611081881965,4500.528639329305,4453.159710507003,0
6,13.5,-0.014062145316833528,0.0031328072467898347,0.04489675555702139,-0.005148610482216932,-0.020231405514087815,-0.08759844944898262,-0.06535992851816712,-0.05577753625187629,9.583005167020149,4478.015605166889,4519.78375573318,4549.452378230834,4522.663851416129,0
6,13.600000000000001,0.06529305430934061,0.04870592341168491,0.08331303283983445,-0.006755925261146567,0.0028182175677389436,-0.03364954739648173,-0.0219107162333627,0.006816710038658609,9.952713230315807,4512.699701445454,4495.1451221095695,4501.66616222675,4513.003910225806,0
6,13.700000000000001,0.03336972190289175,-0.07594975816286013,-0.1077388963898937,0.022146210678786846,-0.0012173913986211603,-0.03392612746935831,-0.026349947292603884,-0.026370530557655394,9.921587556304875,4466.759508180577,4500.743332394903,4507.383531883512,4511.888037496965,0
6,13.8,0.011143199810514655,0.025795311515701413,-0.057269615105831284,-0.01883605464649911,0.04914008886501027,-0.024101174765938916,-0.018445447065456807,0.06778400977178844,10.12921785843885,4483.664156491959,4470.035541954314,4462.735399476252,4547.793186645088,0
6,13.9,-0.051905349323051714,-0.0013777968257783382,-0.0977284832042969,-0.02896711835916608,-0.005847507061873721,-0.07502293330729283,-0.06916284254233128,0.20061050974174038,9.89497922083448,4527.94408558662,4524.739786885478,4496.9741723076295,4486.808449218672,0
6,14.0,0.012446730593055835,0.008422538496624719,-0.056880541716530814,0.0025969566093372127,-0.01412659413392584,-0.01371663445126718,-0.0335283474517337,-0.12688725926057792,9.339768357377567,4471.828102501809,4554.123139937589,4490.709546538898,4523.2790448268925,0
6,14.100000000000001,-0.10622225715466792,-0.05041430339821639,-0.13544896173623505,-0.0040460002017422975,0.04843910961070486,0.03681911545823344,0.16956125332780866,-0.02544367276856635,10.082973874771016,4562.197701200486,4496.718928007686,4483.822058663179,4460.465671890295,0
6,14.200000000000001,-0.015453012928848481,0.004094833760039558,0.2030953617349149,-0.025899479481921728,0.0011932378739395633,-0.14514464971116936,-0.0426762828838568,0.031139535741201874,9.912516630537713,4517.670692389258,4511.9221209866055,4517.4126582028875,4501.37217387008,0
6,14.3,-0.05239331529944859,-0.09258284818400281,-0.05466878217372169,-0.0026923086612645943,0.02507863594350961,-0.008048134012494958,-0.01965690342166925,0.03855271268417797,9.75599760250976,4524.316259968408,4559.380008551517,4565.723565426321,4502.911218817335,0
6,14.4,0.01684461823477241,0.07894280601867418,-0.014996202289627098,0.013583842838483582,-0.022703202593716502,-0.024867131861999844,0.11561146166453072,-0.07181956337876233,9.784389764254065,4452.773710631936,4560.173048835289,4537.890842094507,4505.642986984582,0
6,14.5,0.025375643604116406,0.019794905347168424,0.13843117530307858,-0.01037600084742745,0.014645352398564638,0.08619331990817386,0.1215325970476457,-0.22593708838316978,9.690145104346971,4469.424881360943,4504.48764856712,4439.519093414572,4438.631313271632,0
6,14.600000000000001,0.10850474959381301,0.030884469413167023,0.012100924319881162,0.007273452956779644,0.0029268184749835975,0.07978805252412208,-0.06324441920639788,0.01866148260735693,9.855484253587544,4468.5942612462495,4538.309491771892,4486.629697802958,4530.522650094267,0
6,14.700000000000001,0.005745636318574008,0.08167924162045291,-0.10413790885215242,-0.021695176030209,-0.018113911820086172,0.010663644041149929,0.15414683957782052,0.15930936181652505,9.348006279912312,4507.491214836677,4403.61139168455,4523.850953813551,4533.545082446856,0
6,14.8,-0.00201221373460928,0.00419907887473773,0.007363889294023972,-0.015688838374824928,0.008634115706429604,-0.018512640132260578,0.09302917092896185,-0.011362693451922978,9.637795378702348,4453.924059874034,4444.078055248328,4539.3752803186335,4486.26631941423,0
6,14.9,0.016928709504082436,0.08916149458722594,-0.056280433129789136,-0.012549549687623075,-0.0026432350471064783,0.0023546160335994252,0.18875513502558466,0.15658205940941133,9.93417508318135,4543.482413069906,4494.653429622965,4508.974937015654,4490.95459066384,0
6,15.0,-0.06451841912898197,0.06019373708967976,0.05316987339898607,0.00036146946847327645,-4.935698624350741e-05,-0.12049718967252067,-0.09774753331527154,0.03361531701140249,9.704177466545099,4493.4686087634755,4496.860318056627,4479.525936929486,4470.962450399278,0
6,15.100000000000001,-0.08061788154626869,-0.007325913950577025,0.061860854761028365,-0.03287268284439901,-0.0004809565019965256,0.022491460215324853,-0.09895804037291447,0.14221418115480883,9.73285692619232,4496.962209346305,4495.161914982061,4446.876767322268,4530.262562150521,0
6,15.200000000000001,-0.04777593842096187,-0.011826025770286817,0.05976610012779955,0.02921806852289068,-0.021598645637936786,-0.03571868684755417,0.13824186300071536,0.046371387927544694,9.944234271810322,4468.466047926715,4488.623714102203,4494.964937028587,4474.263157279711,0
6,15.3,-0.08372848128369537,-0.025524927938179794,0.135428819958443,0.0011834693112099217,0.027485818271467528,0.014321673138361569,-0.07647077295879626,0.1277619013231722,9.85246522813358,4528.8551649728215,4467.950154866383,4531.162688688435,4532.066678266326,0
6,15.4,0.014488357217826776,-0.040346104290489126,-0.00460088287126119,0.012225822944764883,0.004691400398730673,0.04808661904862113,0.10122459076529051,-0.06484466533719213,9.578984875807972,4498.873835958832,4490.107705233904,4523.575392394684,4467.765048310236,0
6,15.5,0.05101909370888398,0.0676806054773383,3.049642622898043e-05,0.0012147225116260895,-0.015350930024603063,-0.04341287191792532,-0.04083366806456837,0.1442940067837931,9.795625842837845,4460.3348113008,4507.66063026336,4524.788703738668,4499.237658920352,0
6,15.600000000000001,0.07346067198634947,0.0388754333632949,-0.10491287298878536,-0.011028656247928042,0.004524525628492177,-0.13329513904212859,0.03363567374706146,-0.17615824272546485,10.014686691112903,4527.218210543751,4515.143440827452,4479.72364906943,4505.106084738406,0
6,15.700000000000001,-0.025668874375732453,-0.051540763872503316,-0.03387430117714108,0.01396531072984191,0.0008762838566352185,0.11605679393075385,0.07657805394802747,0.06586908139056186,9.48821469011088,4491.445244095342,4468.068827686974,4494.509913611283,4479.201716282305,0
6,15.8,-0.018880247652896934,0.053058136618692534,0.047524992900583395,0.0201422885796327,-0.032013662180319716,0.004637975729253086,0.0966704981396601,0.15062959148871558,9.500382322061501,4489.455490915165,4531.026800220143,4494.231650615657,4472.687469774908,0
6,15.9,-0.07749995892480038,-0.047435076733158346,-0.16889016685637293,0.0011692091366805142,0.017926203715573196,-0.10087798071268832,0.02577297412110527,0.0845271029445867,9.80945833463033,4451.679171152483,4511.586346639875,4498.360591657066,4495.304860541974,0
6,16.0,-0.02734186228802324,0.004339371313702065,0.050981790844696,0.047812962686716975,0.002246641367744097,0.12089129280101386,0.03577550834268766,-0.00995283276477534,9.83970950554226,4463.347908909224,4509.175808122561,4440.238048055358,4474.120009263344,0
6,16.1,0.005492154656690534,0.05969911365894222,0.14306243969983942,-0.004730931592818695,0.0031143463906088175,0.07874899756656223,-0.13294935721929188,0.04047475053155036,9.644421426526838,4494.845248659699,4486.229302485171,4513.060743811445,4516.509110220272,0
6,16.2,0.04455393386986986,0.017409941423222417,0.017165376996889647,0.03708047600877204,-0.030487181403943544,0.13564878881033918,-0.02898219088683969,0.05708915863683052,9.744868063881281,4478.9237511134515,4514.537315783827,4531.263849258433,4514.190238649022,0
6,16.3,-0.027105789334144117,0.1805675031407835,0.11985736708662523,0.018666846084145056,-0.007059284614844084,-0.05001326306312315,-0.027983907584293935,0.10814065443924832,9.611879132584836,4467.95388505637,4516.186426000831,4509.5758933392635,4476.890593863273,0
6,16.400000000000002,-0.05456017892076124,0.0718948496684216,0.035700442529956196,-0.027270717274560652,-0.02587251072164588,-0.028920957796037542,0.07328418069976332,0.05950088021082799,10.036335707400244,4455.289505776176,4506.71540069339,4542.777309969641,4539.984051914283,0
6,16.5,0.017945499070634294,0.11740092543269381,0.06092851164158597,0.02085493265682686,0.0008889583755101345,-0.062478023427542974,-0.08752092007787461,0.018161521479442014,9.767699598629958,4446.942429902596,4469.226192452228,4490.4478927783775,4521.818381278114,0
6,16.6,-0.0008036943081037291,-0.0036032105250256973,-0.09869126270033163,0.00046332160124197655,0.026382020548919756,0.012446009020684561,-0.1507313581481862,-0.12515227943045312,9.927757775444631,4493.2705357433215,4497.762593096894,4481.617974749557,4515.102366365997,0
6,16.7,-0.015045885662267465,-0.009330661086430233,-0.08512233916631264,0.018433825962855394,-0.004422655832328429,0.04863042664958079,-0.11935915640340178,0.17338831383786082,10.065474807702644,4442.706069910232,4475.941875748089,4514.329031730296,4460.40814031553,0
6,16.8,-0.006579704108166291,0.021331589298839847,-0.01847259119794835,0.010776774070741926,-0.013866598092037632,-0.17953452337344977,0.09821153121650608,0.09758146536025304,10.310727328457666,4433.784404461971,4522.524963280404,4440.939535857498,4552.694798450259,0
6,16.900000000000002,0.024393341684800476,-0.04759644238381266,0.07802224746014358,-0.011060900154338717,0.00600832199102538,0.01647685729672672,0.17441681361472947,0.18149259100865126,9.690546925345298,4531.7431685398815,4510.645204667109,4457.619537989793,4479.1131485888345,0
6,17.0,0.11680730497998121,0.017892720055232757,0.09997795795175225,-0.00424088624733982,-0.010798838294386838,0.002181160610757974,-0.026610405524621718,-0.14932529310315984,9.609334908509194,4521.2365354323665,4488.5792793269275,4500.771146460837,4507.047691514917,0
6,17.1,0.01565250244093599,0.05732895306576853,-0.1098695815068532,0.011405054470872492,0.015100555870392956,0.07886814232012045,-0.14129175994148724,0.025481921834699817,10.153215189279704,4497.026384425301,4514.504841058929,4523.411867837555,4469.235904668052,0
6,17.2,0.09169123644999873,0.024975039848445187,0.05195028141934262,-0.0332405475602107,0.01589089596426626,0.040512827310330984,0.16241913277220643,-0.03112652143043535,9.612468334080312,4479.53283015677,4484.850652949781,4466.434604456059,4538.70480071298,0
6,17.3,0.06638489314658334,-0.00978958505700276,-0.0392759922084194,-0.036309638266386245,0.013919225106072092,0.13227520870606743,-0.06371947172595566,-0.011678452577639813,9.896858292263147,4551.732550818298,4505.9932866550525,4505.862897480795,4505.379555034794,0
6,17.400000000000002,-0.07125162534518366,-0.07233953269149324,-0.08079951691148726,0.020257811480747453,-0.006707141410919862,-0.04236832390418342,-0.05471746041437678,-0.01376568784726773,10.150421586820329,4495.464078429086,4476.411077838754,4500.757368872449,4552.652508172846,0
6,17.5,-0.025141235946780794,-0.05905025042154726,-0.05009912697304171,0.0025752747269686587,0.013764819016506797,0.08055068629457968,-0.10457172739623284,-0.09508453344590698,9.745347548122503,4520.534790740907,4462.199763070433,4481.780192687469,4482.217688117642,0
6,17.6,0.04708744276821854,0.026413038033221876,0.090371836104992,0.026773559484661088,-0.006113001901781611,-0.09499249238829455,-0.11809636178470201,-0.183810756505884,9.718246634066762,4488.473321555048,4523.626602204152,4500.507426515298,4485.290146669722,0
6,17.7,-0.005799936308029292,-0.05194867418573821,0.10254065707512867,-0.01571831125619017,-0.022798625438717912,0.06543055733659761,0.05741642083638515,-0.17236853785590117,9.981000326942045,4477.7522208271785,4488.776864173083,4505.610603230818,4517.598746478505,0
6,17.8,0.022273958734376327,-0.0024909165453001225,-0.04246433289159107,0.008244413871308946,-0.0023677567468845615,0.14442835673007393,0.05864090099699019,-0.09234156249903548,9.71448000972527,4501.445765317795,4538.982936452114,4542.3331502733645,4488.115958389033,0
6,17.900000000000002,-0.04668171082947215,-0.05307488206030937,0.025242875721578014,0.046075686184349866,0.010781882085102047,-0.12751300213472058,-0.07260041032460013,-0.0623914201844913,9.645599495977018,4488.363185251974,4511.0818458305985,4520.45943507968,4532.752904727499,0
6,18.0,0.02621012865235889,-0.09770751201644205,-0.10573045875313135,-0.003161880737183824,0.002945597115349579,0.06891346879010056,0.004318417621677272,0.005070725386367436,9.857559472627813,4492.3493478365635,4502.606554196334,4533.774965370352,4497.48267303648,0
6,18.1,-0.0015106363392141668,-0.001679270238359476,0.12977738137911687,-0.022161066536588846,0.03551693789582391,1.405889451638759,-0.06542202613277591,0.07447382697153197,10.016063339094735,4457.895029490045,4467.218944102588,3308.3352842841555,4570.332581632914,1
6,18.2,0.06231313904993403,-0.012404852481590515,-0.24191291380757562,0.0016328546884231846,0.007245936072931074,1.4693843887133757,-0.08507239905465956,0.015916526032138827,9.621547761221208,4556.173459824262,4545.502343926015,3319.737378947783,4502.69131707358,1
6,18.3,-0.03300820433067799,-0.0010393591945450603,0.1639297135207276,0.017373081168732565,0.00407384556952919,1.5739179467334077,0.054561066338082824,0.03962775398868718,10.006112651798308,4515.510829344743,4525.756544103101,3304.841611489035,4492.376225304297,1
6,18.400000000000002,-0.02740814394700744,-0.03336548027354793,-0.16051704424415325,-0.01823879893623329,-0.018817070591643625,1.4594123843212772,0.15622442106382914,-0.01575619555537773,9.858353377976863,4508.199589335358,4547.627427385271,3282.7324363846415,4493.324337592258,1
6,18.5,-0.005309968588709169,0.05682674278873841,0.1344105693754455,0.00949167639387889,0.024658187481237596,1.5142128797175192,-0.01726032476168225,0.11787240865856219,9.90752353504676,4477.934080022773,4529.92262814373,3293.7452210693914,4490.075294318274,1
6,18.6,0.04465021840998561,-0.004441607042245651,0.038895853604028974,0.013238791681415991,-0.015658861585447686,1.5307880451745761,0.13494731052616238,-0.09564671437396102,9.899981777766246,4475.115967962592,4530.641930515212,3330.357167512493,4489.370329792527,1
6,18.7,0.11048143260954313,0.055331265456864225,0.07069289851361692,0.013012217922122713,0.019678538184124475,1.4203486074204672,0.019460759846102425,0.03831903853773275,9.729972787339488,4513.943858083319,4536.95082901302,3287.346927367023,4498.367270988861,1
6,18.8,-0.04102926479269723,-0.08934945049053962,0.0778932180520511,-0.0005146758967849504,0.000951588343055756,1.4210581105461177,-0.018550352903619078,0.10965937891821234,9.810164267355892,4500.8755127416625,4506.225848335903,3262.9085361478064,4518.74761392307,1
6,18.900000000000002,-0.06275990574579153,-0.04698077906395132,-0.10492147690071647,-0.003504499332610911,-0.007049054070757152,1.4999019969353395,-0.09052561597764433,0.10054953203063784,9.976805513745267,4494.785594613249,4485.648998502362,3282.619275199644,4490.69565014968,1
6,19.0,-0.07001226143755883,-0.04798036561059203,0.08601203919849665,0.006036249721517374,0.032685489719530614,1.4760643879864543,-0.03615132271068674,-0.04078989245436482,9.746167103356367,4480.201379605602,4508.129646440616,3300.8731220144523,4484.7025649448515,1
6,19.1,0.06255744565094512,0.09482914612431537,0.11665772055734006,0.0111624802616679,0.01523539452527548,1.6485132414261068,0.07603193157594239,-0.05851858525992847,9.88845450533011,4518.7873279819,4470.158481778923,3291.4520754407044,4533.011754721664,1
6,19.200000000000003,-0.09117463675247932,-0.06252142725202971,-0.01764070536283277,0.00707359191011409,-0.02715264889897814,1.4898568598667248,0.11537685390885666,0.006865145707428366,9.997817788726227,4482.23657635995,4475.702494296324,3325.4662149085516,4511.077966039686,1
6,19.3,-0.059279800388722964,-0.04004204580813945,0.15645812410574145,-0.018491104389386323,0.018686574934519952,1.4617450642213041,-0.0003175856767131344,0.029459262094337225,9.389803757900081,4456.118479937181,4502.589990563615,3278.2707730864836,4529.897438858238,1
6,19.400000000000002,-0.08030604404340624,0.02826275281289935,-0.13762212204043264,-0.007042099882888573,-0.02128755528475928,1.652194390437696,-0.1339492162970036,-0.01220596953690234,9.46463277039597,4547.987103662118,4512.038472485317,3304.10919268796,4544.229388178752,1
6,19.5,0.007371122071130615,0.010978567807053842,0.013172528806515156,0.011272686508862387,-0.009848827678425251,1.4828570154109335,0.0810334628457446,0.027737295155788197,9.787151217179575,4457.984328269079,4544.941508536098,3280.156376701477,4529.6171171525775,1
6,19.6,0.008787682584404271,-0.06467252613649352,0.12522754775306152,0.005090812927990792,0.026706907134740852,1.4854073039411264,0.07040512299670544,-0.1762527111345014,9.70995682728125,4461.810200033062,4488.756484498848,3314.1543521851845,4481.862597370376,1
6,19.700000000000003,0.04319210468193909,-0.04283063217750057,0.08852366136499785,0.026195143317480723,0.020270522701819713,1.472464875853618,-0.2125453597944143,0.05821669967373479,9.78495305705694,4470.64821179618,4483.311628053888,3343.032759493344,4465.879793981695,1
6,19.8,0.02341545878106059,0.010897908781870186,-0.03573876646632323,0.012890653746260939,0.032644905177977315,1.4763222796891042,-0.024318094807710126,0.062206490499019995,9.993648564287001,4496.168783785541,4490.8387879171905,3233.470604378407,4476.659732629003,1
6,19.900000000000002,-0.05696558360337753,0.03423124981559456,-0.024390294860084205,-0.005660432110778565,-0.00018112527245962376,1.430385882389968,0.15532471866887543,0.1298193911696611,10.133621356609538,4520.502516937167,4499.115656549342,3348.4418790902064,4479.57099492261,1
6,20.0,-0.04356044895165062,-0.03007557573849296,0.05228712669142985,-0.015242103867753454,-0.003107459764359974,1.3718515764892178,0.04810976654282442,-0.1517103367183109,9.623567789026929,4536.5150140468995,4535.4095495095835,3311.229392686395,4508.269907452057,1
6,20.1,-0.026547982357712965,-0.03864518318711007,-0.03622416977573797,-0.030273083489246354,0.005048971099073269,1.5039064899846728,-0.09334212667102669,0.15686819188413578,9.93138274205741,4520.755254120266,4485.379802218825,3299.96009765921,4518.821180105622,1
6,20.200000000000003,0.007639118355011776,0.08009503923849359,-0.020378756941675114,-0.010091210644722213,0.012685057529428521,1.398828218217079,0.09242969323081122,-0.1300711800591983,9.93771693321171,4480.55179337482,4514.297524409501,3327.2202883818304,4504.602635865118,1
6,20.3,-0.059981047582034,-0.0448387622253576,-0.07286591410337823,-0.03790013787195548,0.02254955717463858,1.5088086068605062,-0.11355180451889949,0.14556748574583572,9.669734379972368,4507.517174672246,4475.241883644114,3239.4521954001293,4459.0667832344625,1
6,20.400000000000002,-0.022424521543321568,0.0449148435603024,0.03465331468192452,0.0028041025234249056,-0.04020055245489764,1.6016068918144075,0.022367969649555598,-0.011941766989216007,10.03648462199778,4537.424901707048,4534.6377074282755,3292.5874050989014,4469.895703176474,1
6,20.5,0.04944614585710366,-0.06825272215352085,0.19472567386642825,0.0005599909038912585,-0.021217685113991684,1.4014505156674713,-0.12776048240560597,0.01403629067208431,9.808721535988044,4462.9223347947245,4489.306326403323,3258.9619384172597,4517.679054178325,1
6,20.6,-0.0027296633056356854,-0.0189201252958724,-0.12881107300675274,-0.006003112004455308,-0.008294557626926536,1.5254181360967678,0.016701797811696062,0.07920601020793422,9.713084691298988,4444.187654934105,4529.732786297941,3271.9190246085545,4466.792488409543,1
6,20.700000000000003,-0.0021558272556876086,0.015113525647725843,-0.05308364057146828,-0.010773853629362538,-0.007820526355311101,1.6133232280794514,-0.00026780875581322686,-0.09679628394617962,9.618443328619406,4492.473474612529,4507.13573802084,3314.5194048589856,4503.724758115416,1
6,20.8,-0.042093667545854446,-0.021197064978039137,0.07339078818646241,-0.02292183920906191,-0.009315067861549248,1.5477970286305083,0.08752814266351765,-0.019291537109138283,9.727758637885838,4460.336461756688,4515.769197681813,3339.5633905544037,4576.954621757991,1
6,20.900000000000002,0.019322309175902313,-0.002543982582199052,-0.09198106131509073,-0.03757713827486299,0.0035391849947966664,1.6880271296123444,0.1270812229656913,0.11165642691137984,9.859120563411583,4510.78569480841,4427.287580451661,3322.87531742292,4482.619782912726,1
6,21.0,-0.03508636732979436,-0.016162847652430375,-0.035700448945101486,-0.014352711839433248,0.0002774414435195222,1.4553377923033557,0.010032295575614612,-0.1487177814550033,9.767188445873597,4467.111132309413,4480.756520445064,3304.301965291006,4451.880071557352,1
6,21.1,-0.04112036886360687,0.028448219241816702,-0.14131778418658011,0.03555734280557615,0.024088159122612935,1.4604378332438177,-0.07872096877850634,0.020193990333548184,9.52050754859457,4439.935718255027,4486.219946278423,3295.9785370049344,4502.832816730606,1
6,21.200000000000003,-0.030737030805894225,0.06369733647374737,-0.14951396584838836,-0.022765242699161976,0.009732719122896227,1.4070682091490287,-0.12003204521973168,0.012335479220716372,9.599295475936794,4496.00746716238,4479.004303210268,3274.150088898818,4436.930838259652,1
6,21.3,0.006978157641066865,-0.06235949960564644,-0.01682422035305197,-0.0102420979669713,-0.0041301611739976655,1.488025970078939,0.01936282509182633,-0.07277593014914428,10.058539295854674,4444.577998174333,4493.202266444183,3325.086929292326,4514.303176590078,1
6,21.400000000000002,-0.048741778826429855,-0.0404122746494012,-0.10067925593266039,0.011984552613287784,-0.01479847457031017,1.520409847049876,0.02643014140759551,0.23683934682353722,9.87265025196034,4475.665679557486,4456.195492138008,3291.7244185608674,4496.427424727181,1
6,21.5,-0.11053497636952779,-0.035692708014650666,0.029735254282755294,-0.010647113405323497,0.01937247571411674,1.3753314844223583,0.06768828201532168,0.0913889741525953,10.001299295168307,4453.024308460369,4509.436583875721,3279.9373764443544,4457.815726740513,1
6,21.6,-0.02069338624868542,-0.04524889959504047,0.09207504681638697,0.010261266860271385,-0.023048889362177354,1.4420622948935258,-0.038069742561662366,-0.007240514731789722,10.011275654960757,4520.723469794419,4501.541759069245,3292.1805345031526,4446.799378961776,1
6,21.700000000000003,0.06459988130630283,-0.022354829893282857,0.15548402404262573,0.003922185842636708,0.04050568417242889,1.5485057226693053,-0.14320196312208788,-0.06144154802612122,9.776173007865607,4473.78651338675,4488.688175484539,3258.991825242537,4500.171638432974,1
6,21.8,0.011870597450546992,-0.05020547036030594,0.1940254293481912,0.0012702652256091765,-0.01633481732245824,1.3696368560027827,0.005994288939716842,-0.026048853281335296,9.966608181457289,4495.698892050841,4464.188436531938,3350.1215488853272,4513.0687463852155,1
6,21.900000000000002,-0.012705435579917932,0.008231926572486913,0.04740419565616582,-0.028577132277868702,0.0031538843992562028,1.4639901221364886,0.050729998562975165,-0.07401819246062784,9.689059628980583,4549.886132956922,4536.927362726464,3201.1331646009808,4534.7028594739295,1
6,22.0,-0.0036826013128878443,-0.0354091031449506,-0.10071747357076502,-0.018982352565599766,-0.013598718895168305,1.4098293933054524,-0.13545996610726424,-0.10403801508439109,9.874678771013137,4501.502704457124,4516.6756935465555,3298.0089048236982,4460.7996200806565,1
6,22.1,0.02472204617468031,-0.05023446394374575,0.06466143019889341,-0.023318400059139214,-0.013749532528070508,1.4710886687545668,0.06744048010569485,0.0175997252127395,9.814000264430186,4556.57006355166,4444.8905051632455,3268.8486707189836,4467.5643456588305,1
6,22.200000000000003,-0.08853261549611373,-0.035975975644301376,0.06877691637967061,-0.011832947970315031,-0.006660059439726192,1.3621956137695774,-0.07965255751603473,-0.0461698715587584,9.938480084509424,4449.752508062454,4486.349737628366,3332.6045409020667,4486.647501431302,1
6,22.3,-0.10577807070593395,0.06395878886740956,0.07348969425383328,0.017387943501575815,-0.034875672934907884,1.6209964580677771,-0.07732760851111979,-0.0509438944220231,9.6694445668016,4528.4081154586565,4494.606049424841,3314.452230977629,4502.277030686531,1
6,22.400000000000002,-0.004752100184646026,-0.04733920318730982,0.18121405873077656,-0.029267872570104582,0.008245079480693689,1.5301325273685824,0.11543562861524255,0.13880900323792783,9.782522280116645,4515.911829177742,4552.946211313575,3298.0446969923323,4468.006995748045,1
6,22.5,-0.019223405634971068,-0.06523229993072337,0.037181681099472265,0.021289124162812704,-0.0024208298413507683,1.3703231960437088,0.10216508350576775,-0.17762989615657787,9.500809044415393,4494.649848375158,4507.553557370265,3312.667424962751,4498.015813438606,1
6,22.6,0.08800218825674287,0.003258417054160092,0.10346681017529358,0.01573909128189396,-0.02585747464409059,1.4864215610171583,0.21233205132810193,-0.05043508539402574,9.675075895128662,4505.1172674443105,4485.944402122199,3276.188862614933,4485.501498171072,1
6,22.700000000000003,0.07160048356843128,-0.006830934573878619,-0.1328075032754712,-0.030234930761763288,0.044136098641089395,1.4821332504452718,0.043457850096541836,-0.07713772263396093,9.874197193854284,4543.779889548046,4480.432104487687,3313.7576033984574,4457.827611723288,1
6,22.8,0.1011433059183396,0.01342679651222874,-0.041279384435229195,-0.005957482465723276,-0.010200763490286709,1.4632875868701205,-0.24474951423496602,-0.009796573209675552,9.782024263878858,4514.659846117815,4484.305687606754,3276.8689105757694,4499.7667516664105,1
6,22.900000000000002,-0.0806184059045242,0.007171159376729213,-0.1861819259521721,0.022416372976615917,0.0136853991132155,1.425905129886079,0.06611380133380368,0.01115142242538812,9.608197953783028,4439.313715283128,4509.493070502794,3276.171544585949,4532.849087090883,1
6,23.0,0.000701686694092564,-0.03497913482486585,0.17978387330904716,0.011528929852060103,-0.07310173030208211,1.4610886584967306,-0.13840889920124233,-0.07997979377203086,9.781053520216293,4510.621455257627,4507.840972263407,3332.336192296944,4519.09795132526,1
6,23.1,0.028737346456275254,0.010074616156663718,0.12867988527259014,-0.0063255308638183495,-0.005806065374703814,1.3475541317621975,0.10561640438100357,-0.0076925755779154534,10.396721141234256,4487.834019247126,4502.657343882502,3316.3951486082524,4466.943000810338,1
6,23.200000000000003,0.017927385693961385,0.0017330716028592656,-0.030368818967683765,0.023452079174860134,-0.018074974358213116,1.5219921690465776,0.14546642913850458,-0.07066217559562984,9.75062280346154,4570.359136904155,4514.231731954682,3284.8140757007213,4524.078742802354,1
6,23.3,-0.028404677579551292,-0.07824579620800355,0.137236394526517,-0.02206118528262029,0.04903425249994582,1.4608534099630235,0.21332646815618556,-0.1368671068520058,10.01509871725325,4514.99178818954,4525.132386766654,3329.040681200288,4485.067645731565,1
6,23.400000000000002,-0.06544219210014993,-0.0025458865169608936,0.022303025758513412,-0.009436892423110096,0.005551079403197236,1.5263700424939792,-0.0910026446543866,0.039497128169046575,9.756557595261071,4479.0005729938985,4523.621254146719,3276.6902636491936,4486.299972302858,1
6,23.5,0.0036025425093327923,0.06871558103271194,0.01927840777242981,0.01056576664949335,-0.005952850719929924,1.4937208300498928,-0.004887723351959414,0.029330623601702466,9.750806485390349,4540.199996564286,4488.805012844936,3248.782765943839,4582.283898131101,1
6,23.6,-0.0163684345471876,0.06565848935456738,0.14047908419597585,0.01890428624500764,-0.003960544391948047,1.5229347855899473,-0.12745102093049274,0.1990147773818276,9.639638800363466,4492.382971117774,4502.969594611208,3296.7768073548914,4480.293801531198,1
6,23.700000000000003,0.06971695260273442,0.04751396417441399,0.03220472043256931,-0.007991061119935002,0.021285517436889414,1.4628425093777948,0.1570391840337816,0.011122091548342764,10.055956305394544,4496.585390214493,4502.145995461228,3336.76263184376,4565.817754554133,1
6,23.8,0.07801834087524406,0.043856730968892504,0.05892834329575966,-0.01013897380519252,0.005904594822108655,1.4269560652802615,0.037578213368477394,0.04400506606935736,9.417830971706362,4501.162158275752,4512.446246972673,3297.4887042858295,4510.741465165697,1
6,23.900000000000002,-0.06708611216781571,-0.03879321527801294,0.10349381631639326,1.1433312915536783e-05,0.006797579626298169,1.4562783071433136,0.001949402327685635,-0.2302012180135199,9.979202387684154,4554.237985168574,4468.049473523561,3271.790034374713,4513.226396947124,1
6,24.0,0.0736939645253373,-0.00010486586914724122,-0.12293180208125042,-0.004172344732757463,-0.020598641606235854,1.4464922965704978,-0.030404109915331663,-0.09293245882416273,9.654418855165087,4502.236020006667,4506.451074364117,3257.280589985371,4511.89145167528,1
6,24.1,-0.019096693156569894,0.03601307617763044,0.07804975206878599,-0.010890823619100973,0.012282953880754663,1.4330435168240936,0.132376206283529,-0.07991362008564648,9.880549921725104,4494.3717256606715,4469.493164572872,3327.027472853559,4481.576045733997,1
6,24.200000000000003,-0.08500360824891533,-0.1441006681584015,-0.08750446944279708,0.02751816838597947,0.025154769350073197,1.4425121278121975,-0.03744549147013793,-0.046491307555602296,9.543313570910087,4471.5350438513,4529.434485582024,3315.116636141382,4508.192665755897,1
6,24.3,-0.06675733058304294,0.005035160701698884,-0.23038449694880217,0.016856053825210656,0.005171498014742834,1.3923814038320135,0.16164255574900402,-0.17961646591685815,9.91606123644992,4516.65515306936,4462.809886819426,3298.8644792756963,4450.895164735414,1
6,24.400000000000002,-0.14231871581634067,-0.053393811346582935,-0.06166249422619968,0.012885123616215832,0.0013481617012163947,1.5074836367508917,-0.10144216232835851,-0.053001130404138654,9.624014678026168,4463.250779789106,4482.189017190382,3302.2353715528902,4482.820844417274,1
6,24.5,-0.016175133471248646,0.03474574054556952,-0.05007544186907036,-0.02667933261975783,0.011269070432024783,1.5212679718806628,0.03286594981723145,0.06258386575357097,9.90132830546159,4500.861860774139,4571.743579885563,3261.4509376109413,4482.407481645343,1
6,24.6,0.04836671823390835,0.007129314604778718,0.07579230340112386,0.0033951285907374263,0.02748113102319963,1.4193991315493404,0.13424598894067097,0.11709964932042666,9.567942177153924,4518.91996229663,4498.708802032902,3281.802539426428,4443.341424308468,1
6,24.700000000000003,-0.05054068355586584,0.03540560700922945,0.08138412692605569,-0.004214209611523433,0.016339702862865683,1.575620806231531,0.015463995862634736,-0.07223336238502043,9.89821082256313,4514.6095412297655,4520.218331710509,3325.962098100067,4459.135062842363,1
6,24.8,-0.02549646226828711,-0.09493106728439099,0.07469960383553473,-0.004246228959608324,0.008616281413948301,1.3819457001447872,0.14009808496930506,-0.1194339164619275,9.964912660876493,4503.538505126776,4494.316716674215,3291.895196801635,4480.858109720516,1
6,24.900000000000002,0.06475980884503843,0.0006306417176121285,-0.12692215303532203,-0.007679204040696803,0.002566780544058766,1.571824422515626,-0.06046197205172073,-0.053777655580454775,9.814686425429482,4526.2027445984195,4458.937363932119,3315.160638929752,4486.0781240961405,1
6,25.0,-0.016221629087424333,0.10007878725648744,-0.019646922455152545,0.015093875006171598,0.014378276744066972,1.4055980868721194,-0.18453943252229044,0.08209820924169109,9.593290761510296,4450.074511362869,4530.784866445326,3269.4171979867324,4476.824475729468,1
6,25.1,0.09871865775446477,-0.08298676806907856,-0.12562860414069255,-0.009193962849478411,-0.0048051367966884416,1.4285003774305878,-0.11586550973229165,0.1509994324431931,9.862597224820943,4517.555062326275,4495.883244703244,3308.6836484657742,4527.9870498332875,1
6,25.200000000000003,-0.049814950727266744,0.013241799825899092,0.06960423134078912,0.030895946927685207,0.038957819596035226,1.5055887837585409,0.11386389496871341,-0.2670167933371547,10.120456581875343,4478.223490148376,4492.767076530363,3313.233134531011,4495.396728980534,1
6,25.3,0.009822668978406725,0.07938464841130717,-0.03842200453459713,-0.02173847633001107,0.03626927714597102,1.5421411373603742,0.1922238975313464,0.08636299105789041,9.545281121597313,4519.361540152707,4470.481558023524,3300.22295407319,4497.728567891767,1
6,25.400000000000002,-0.08088319023165282,-0.04064052447808933,0.22051873001591,0.004767548096823289,-0.003511922693259047,1.6450312175952742,-0.039623531006916866,-0.009142036196912012,10.00816057122457,4487.97792604151,4477.604377819425,3232.3873075391784,4471.905050598517,1
6,25.5,-0.04730138729948066,0.007928334773430492,-0.0610458265727776,0.04316038021714392,-0.02115257860469612,1.6120517349485923,0.021975295512754914,0.08067740357123891,9.959203918947175,4433.452934090627,4499.653419630703,3292.133155882985,4466.010657159262,1
6,25.6,0.02298130186079342,0.08582701579387358,-0.2673003643884066,-0.010689393516834417,-0.02491532328227246,1.5057422260990154,-0.032562128314999605,-0.060567721275717815,9.947901365665812,4549.085439031713,4579.839559552735,3277.811128545942,4445.373733445458,1
6,25.700000000000003,0.027959821703917004,0.08052423676616018,0.08136899670407284,0.03212694079060622,-0.004509733412042385,1.4512340448181498,0.011543590740131227,-0.03305531873668884,9.942618804268069,4529.093033340105,4531.4425099371565,3315.317780124132,4507.374669800259,1
6,25.8,0.03972133446254242,-0.09814959538263607,0.021057075233394208,0.0010495611434090189,0.004261607919431096,1.4929901162996615,0.04318554934616161,-0.05746029215340153,10.035904685890726,4514.209493322404,4504.520575736516,3279.0745028809165,4524.459506556237,1
6,25.900000000000002,0.010332984924724556,-0.037774169676845826,-0.0056661542413238425,0.012581652384824794,0.011031470776396504,1.5389607174246525,0.00925313917410772,0.10258195333018967,10.057559300762323,4522.119678470266,4482.376461754328,3268.2581484812845,4483.681806990852,1
6,26.0,0.09768283739883617,0.014084795691367677,0.21264418275263852,-0.002403966871748729,-0.0051762734098584305,1.494075477068474,-0.009217408005330354,-0.07736509118677243,9.580230346366665,4515.040098815426,4531.6470215279205,3373.349439019992,4486.9886127992695,1
6,26.1,-0.01763277434320375,-0.03856146472255087,0.11257274293735674,0.016299749095925294,-0.017538691637490528,1.4278241530421645,0.09525147585958976,0.038319615120840776,9.961677742602228,4473.516945649832,4443.668254082694,3273.751049499595,4520.633001900337,1
6,26.200000000000003,0.10555289893174456,-0.021473199476380413,0.2275855881876866,0.016596395349833763,-0.027860646034176526,1.5171227070248825,0.08639742784118609,-0.24254828985526866,9.938890231582677,4535.181635394693,4511.9660437239345,3298.1483636795574,4494.812202509957,1
6,26.3,-0.01156611638459111,-0.058798990188355466,-0.06875238319049674,-0.008331880913043193,0.002269886924514845,1.4554548193874346,-0.08691292424979302,0.07597708591258454,9.884122794389572,4483.823113896313,4515.188354144628,3286.405263189422,4501.891950884644,1
6,26.400000000000002,0.04875220273614334,-0.030187054658313173,-0.1172411607833743,-0.0029026916604268332,-0.02726930032370924,1.477804119251922,-0.028063747931345685,-0.2463684123905563,9.916127032748902,4494.51930699956,4535.4568935831585,3306.4659593938227,4522.068257109467,1
6,26.5,0.05950193766035217,-0.006585854138537313,-8.231888639018695e-05,-0.031470864467804636,0.024790754904684825,1.4883442080222757,-0.10057305503479817,0.07397224864874274,9.374043761607151,4487.121773313805,4527.249331236355,3286.868344441023,4478.4623414715425,1
6,26.6,-0.020807739855647524,-0.1004964632234287,0.07154784317830334,-0.002457720839538261,-0.005446492199895241,1.4785065106872768,0.0014079798464584265,0.06534373706720667,9.799587291760151,4459.150903554606,4517.265483646322,3314.9570907301268,4506.165809946494,1
6,26.700000000000003,0.05376206534806596,0.001518933820647942,0.1111376088989256,0.028144220429567927,0.011646257710489652,1.440165310249765,-0.013078571850244074,0.12388560340583739,9.510474426786098,4488.241389954642,4489.711054906597,3274.043681989388,4526.186368497563,1
6,26.8,0.018840753552038854,-0.0355529178300246,0.06055129202358394,-0.003168324693364359,-0.017803891464446855,1.4429665271805707,0.043605107477593996,0.09390098785218387,9.712646353409044,4516.333240010071,4547.452624727324,3262.2338833088925,4510.670096185158,1
6,26.900000000000002,0.041532784564770414,-0.004757490829941532,0.1238283210855647,0.04397674076522568,0.006867106967726059,1.48131282141776,0.09769828076619566,0.08420688603779014,9.306233809016364,4499.917933317267,4488.1620159978265,3311.9011707454174,4494.190251591186,1
6,27.0,-0.0042588046135500855,-0.04316063797305408,0.07345292184244875,0.03310084442937464,-0.0169534389843007,1.3882355981482422,0.00200032198274639,-0.002865566103526391,10.044186557224073,4463.124151428644,4483.861344749277,3235.5689028219945,4541.249509086355,1
6,27.1,0.012527231416168178,-0.02317164569903983,-0.13222714785911766,-0.02460952116354502,0.008285337995827825,1.4114059963519432,0.010400542314856938,0.2042944861135031,9.740482475411037,4471.1566666807685,4511.460216163583,3263.226247776548,4551.599535909882,1
6,27.200000000000003,0.07018098342641675,-0.008208580947682204,-0.089729318142422,-0.00851539745550721,-0.005913312241708565,1.5306853705365653,0.10396323293011162,-0.103651263075859,10.012181913068549,4518.530568384339,4484.766315275801,3267.39864312969,4503.486981518777,1
6,27.3,-0.05297942418510421,0.0511840424581303,-0.11238827721322048,0.01095412386326288,-0.0016123272963016418,1.4551500092499838,-0.010283150631929085,0.10799831696342017,9.571548518201242,4487.635303344246,4477.447693059385,3298.8414859935388,4479.459573224621,1
6,27.400000000000002,-0.08840406211933072,-0.05275687734661812,0.16377550185381118,0.004934564225725453,0.004247241076161549,1.477391008799309,-0.005162542410916942,-0.04298119228313801,9.915385706208214,4503.0242656277815,4464.861953695242,3307.611735093126,4426.237742301853,1
6,27.5,0.02069295998388928,-0.07046784284182607,-0.009605508617007595,-0.023892552063923784,5.646399066194024e-05,1.5462622815420979,0.15028270852495804,-0.15413576550114785,10.005094591134227,4503.934581161324,4486.479985415262,3322.795695151784,4492.922254467444,1
6,27.6,0.03587652582003396,-0.049613485656399746,-0.06329970322962923,0.01887200105589199,0.02970801047140844,1.497197448067772,-0.27872889253557803,-0.019904928260845493,9.816485223564486,4493.016798699205,4510.090156849966,3285.6927021720803,4525.166125820341,1
6,27.700000000000003,-0.058335663636552106,0.06184243536770705,0.15500788239610927,-0.01826119476120615,-0.018271996512061257,1.5328556251022023,-0.11872204097428894,-0.04926028711023202,10.030505391291204,4522.128202934309,4559.405890250688,3305.123524428006,4481.674859931654,1
6,27.8,0.0025621755826510254,-0.007529416970431727,-0.013655710920313544,-0.00047607416191465936,-0.01863533417692473,1.5225774203976514,-0.1408663267758591,-0.07168266079081144,9.786224247372036,4432.213400620332,4523.0697460903475,3238.405364704575,4520.0876307269455,1
6,27.900000000000002,-0.06464046449640812,-0.020245934535174977,0.05191306469494294,0.04396279038958965,0.002329039554146988,1.3413898937440394,0.0953695132635774,-0.023191840485901827,9.823981330891765,4516.735890896628,4433.2386612928285,3300.196105432056,4487.709183301419,1
6,28.0,0.061091745300275946,0.03635568816693715,-0.16270019227815474,0.025252517046980966,0.008990501763204225,1.3762206722037424,0.0055753103492773085,0.10348261138558552,9.567191225485322,4541.327320075363,4454.621136776174,3276.2631847005905,4471.713874938309,1
6,28.1,0.06884668657943309,-0.024550806827459845,-0.1162817002660998,0.008904217578281238,0.013223619811854374,1.5534028875835306,-0.027133916522600967,0.02545343010369479,9.679953382754144,4550.244050338072,4534.326154759738,3332.4887048712203,4523.823478037207,1
6,28.200000000000003,0.025986665299750075,-0.0622181242074894,0.06333012362556484,0.002285304601266402,0.025267281699018384,1.5645935345905944,0.055038047015302155,-0.1684224797530156,9.792199892678306,4483.26323220289,4507.570977725492,3287.533551856721,4491.721626717201,1
6,28.3,0.02295169524533519,-0.021606905678438804,0.012159153957401246,-0.03038823781748613,-0.016648029535201173,1.5524834853762368,-0.12301921166964745,0.12457250776029971,10.004879871060265,4491.953101939806,4589.962023165074,3337.293107335449,4471.521614798828,1
6,28.400000000000002,0.03730870268500241,0.003293153315987861,-0.0776712090859411,-0.021398182863324178,0.01989786669776758,1.4521643628300693,-0.010187635503705198,-0.09210259282265285,9.660368412540283,4496.192123997856,4511.645468781725,3222.3492250934564,4500.507593975002,1
6,28.5,-0.037306050629251776,0.07011813267251125,0.2942752646005437,-0.007185580699074309,-0.03444457121426389,1.5093501575934853,-0.020542932949320497,0.19713506490012905,10.143317868675108,4525.961249117897,4482.3991775636205,3320.332996985424,4507.950190772049,1
6,28.6,0.012066160164969537,-0.07791149242839351,0.10617953384536466,0.0021561665662247027,-0.002016826950891502,1.4519874803992938,-0.07936164996533776,0.031725858127898195,9.460167439628384,4523.684962789502,4468.376836890129,3238.239579413841,4554.656859477781,1
6,28.700000000000003,-0.042904352467278924,-0.03610795807608479,0.11345383310080746,0.03708861801033283,-0.0306600315720686,1.4235065551799464,-0.08826788221605966,0.09348016626956546,10.137826425585907,4467.592423152658,4542.442360139046,3278.728976654139,4510.083687088367,1
6,28.8,-0.06357268497139089,-0.006096520679099899,-0.011111271407271618,-0.006303166126305473,0.0076994196263939435,1.419437530811798,-0.08837232981868416,0.043787214494935556,10.078407066195146,4499.315589178563,4515.110123203865,3322.7424003089204,4524.915155659005,1
6,28.900000000000002,-0.04767623629183193,-0.0388505115102452,-0.06900745939435349,0.03857267601787929,0.01016385878343808,1.5370652576308013,0.03662357531837386,-0.1320793403619499,10.197638094155408,4514.375625923609,4521.694803379649,3247.034361332526,4523.389315570846,1
6,29.0,-0.017810622506381345,-0.06613914873631187,-0.09537636658717974,-0.025297884169067326,-0.025635683902292206,1.5048438256291368,-0.038676278873165104,0.03340693621613874,10.145195174213601,4496.11488859118,4432.6533211812475,3292.7412536535653,4535.801833091936,1
6,29.1,-0.004296973624841493,0.0764665326845851,0.04529415931378187,-0.03676539468794778,0.002191645008767169,1.5237601035411783,0.10803558012736439,0.18196365716115684,9.991545103941741,4513.214393921617,4520.28564814735,3294.959795806513,4456.113664895777,1
6,29.200000000000003,0.002074804311143011,0.01826451637294528,-0.1203657625911923,0.026532432789998832,0.020108220309648622,1.3902590867769704,0.13658322887898744,-0.030831436920984723,9.65430168697633,4532.378330782396,4498.468367617198,3356.975559625106,4474.413358683398,1
6,29.3,-0.08658287619863274,-0.014021914058307076,0.07892224990604729,-0.018542859710710864,-0.026602007655997583,1.5183141922162204,-0.14636872101675166,0.030669269961341374,9.741875389754366,4514.833994650571,4458.485135882262,3338.9448945433173,4494.508965450189,1
6,29.400000000000002,0.03817613339524116,0.04799377306424446,-0.11574449523659558,0.017645150192161528,-0.028501335502886513,1.3903889805792087,0.19639992359884345,0.11118533687966246,10.224732835086751,4488.893579081762,4503.07285992234,3315.8206424025707,4499.634133002183,1
6,29.5,-0.03730680103479522,-0.044804234894002454,0.021386223282894957,-0.0213371968332461,-0.02189726984733705,1.5314857608923673,-0.009515935148561522,0.09372062705816853,9.725017717983432,4482.562321500734,4512.706601881064,3275.639253763385,4480.2561682333,1
6,29.6,-0.030922719518970743,-0.010485105314777645,0.17724365432959027,-0.027535776499143145,0.025910151642349177,1.5590229405031935,0.1566978847369993,0.3136686048322273,10.096290604157572,4527.770008437235,4460.625109451249,3264.4133321546688,4510.805705530956,1
6,29.700000000000003,-0.08490380739597823,0.030771962564560964,-0.21349218907610115,0.023044667711292315,-0.006434006238671971,1.5101277556376151,-0.07483722964204824,-0.18985264102225724,10.056939055838853,4540.0710418486415,4489.455367043889,3319.8578869420203,4488.273257393688,1
6,29.8,0.014424492213312318,0.03795695994600549,0.055508492457387364,0.026819392268186908,0.010377613514106708,1.5022467693630877,-0.0761418967877422,-0.04785053803239209,9.972010279345003,4454.945204432576,4533.174219102384,3291.565688219564,4475.441822867763,1
6,29.900000000000002,-0.05493620883907337,0.03371838928241935,-0.0014641353803318165,0.0317753044645964,-0.025261513010518422,1.4537469101550509,-0.009222115812741334,-0.0751856743969934,9.811223732828362,4509.585022992465,4514.5345271738925,3345.185013926534,4460.895827136553,1
7,0.0,0.016888015996765537,-0.03234714097940833,0.04300133800235847,0.00862664372706094,-0.019738387664646626,-0.07209218741072701,0.05116430634695749,0.002340451074413049,9.76607563185368,4519.73960489325,4521.951554275864,4484.111096618949,4474.438405870725,0
7,0.1,-0.0630959488418821,0.0016727060100742526,-0.1423160277148565,0.0019885691645806815,0.024336735828488786,-0.028276781622902737,-0.05362042805401637,0.1997844773627145,10.11194036383753,4477.062063883338,4504.170395431769,4509.860347270443,4506.109812681785,0
7,0.2,0.0907336723856394,0.004361494620971018,0.023723487563101688,0.013773245902928317,0.023798394320953348,0.07495193554432847,0.05380847863116393,-0.15586998053939083,9.712372455188316,4524.582636216158,4507.511960918379,4524.7838590146885,4556.614981850137,0
7,0.30000000000000004,-0.05884816025296622,0.05689550874022919,-0.03303634624936311,0.018706996385494643,-0.0008244148673623496,0.17016036311143964,0.013008693626173807,-0.06405142243559804,9.893974924558353,4509.718283421548,4534.142912823313,4513.441583958148,4574.251939175079,0
7,0.4,-0.005570206770113616,-0.004980997489023686,-0.060388605005305435,0.0017133667670835402,0.004621182421659082,0.022496842396470217,0.006718767549399921,-0.06098212167272987,9.63366697438353,4488.744788254933,4534.246129807053,4540.703990564744,4497.691063906787,0
7,0.5,-0.047079148323371234,-0.004058680515839556,0.20916654352700795,0.019979356706332413,0.01101485383065095,0.07701479336420555,0.1540566611341313,-0.11528662015471197,9.731592026260575,4484.138351014895,4517.613431912129,4504.803326719188,4522.689338720682,0
7,0.6000000000000001,-0.025344367493361136,0.06859760253395782,-0.0069333708149301775,0.013890911039163662,0.023908129978458797,0.08920994523959747,0.03608284084017966,0.08193469063825454,10.158332132794458,4515.4080370192405,4478.1106079381525,4517.491521928917,4498.881563459412,0
7,0.7000000000000001,-0.11740005672021721,0.023099901185154634,0.011665065001560705,0.023128355429948767,-0.015001873149766127,-0.12045677299034462,0.016868085941050947,0.03801773876054463,9.828766589077114,4500.621260510562,4467.93819137381,4495.832485890753,4489.547825114868,0
7,0.8,0.05363543703837201,0.01896626820153071,-0.0277997121745195,0.034477697528455316,-0.005378153524300187,0.04462293791089305,-0.01669213335892823,0.1631152515028004,9.827371955162723,4503.49242683672,4495.803889236819,4505.895357780037,4535.986135159437,0
7,0.9,0.042292192234234395,0.0014038090558085494,0.1701325106456654,0.01745971282685138,-0.008763622383946986,-0.11042786829871505,-0.04150138017965702,0.041334877855025286,9.929440074126285,4540.77413049906,4467.16362074643,4486.825339981596,4464.670719903765,0
7,1.0,-0.06693996057897228,-0.03139093729766593,0.03666122442940211,0.015427888697806322,-0.018967082132433494,-0.06474207355097919,-0.1779823175323434,0.02143522082769957,9.663572219605852,4549.890941346355,4512.294263989488,4494.8566276962965,4480.766627173666,0
7,1.1,-0.07473351100971147,-0.06839358884727155,-0.062214095457213486,-0.013978057640486095,-0.019983436856919886,0.030167578195387557,0.05142655924148592,-0.04586323973017281,10.197030453653063,4447.598119004518,4501.744916969168,4493.442593877362,4483.478973540982,0
7,1.2000000000000002,-0.034883142300652974,-0.00034799414561790376,-0.022552782732172875,-0.007837530542251189,-0.02597439269978749,-0.12944894542483992,-0.02885164751955654,-0.04020961044965303,9.770592627944636,4496.741346063315,4484.324929743516,4493.627777285454,4474.394150756895,0
7,1.3,0.07619729045816417,-0.039987007407498436,-0.037098070946534056,-0.014475775782277612,-0.014811630804098058,0.001971325331035732,-0.010223420988301203,-0.04594603903752102,9.753304801689138,4478.405593470202,4512.051769131785,4561.655782277721,4473.754761683003,0
7,1.4000000000000001,0.019698161186730234,0.0022474478510355065,0.06686297581325898,0.013935859209921431,0.0041082539443732125,-0.0031856460892079803,-0.04344501996484465,-0.07649603531086355,9.790630867809643,4461.462335057469,4482.184320296476,4533.205608734177,4502.955366632391,0
7,1.5,0.04463322094677749,0.0734821943329212,-0.01770294559148172,0.004146516683872831,-0.006036917883055111,-0.06500846083804851,-0.09529682593324047,0.08431503725964913,9.85172545609713,4555.398092162432,4529.161560387717,4478.063610313909,4525.210265406803,0
7,1.6,-0.015253776955112767,0.060842985456450074,-0.04863338772430203,-0.02104851920485345,-0.01591510154122819,-0.0595731921931931,-0.08402517646186641,-0.05726082756051068,9.981338374065048,4553.881326247985,4460.094314533395,4537.905391284994,4485.668888520767,0
7,1.7000000000000002,0.0173941265601117,-0.08270730152866487,0.052403501734485596,-0.040106247936321254,0.006278701446203308,0.02058048376234692,0.019100763429546738,-0.07349101506329295,9.919905334885929,4511.732445282501,4493.701416490767,4520.155509215256,4497.131875603035,0
7,1.8,0.0264388579454381,-0.00629396636970451,0.021670199110954063,0.01149445882150524,-0.007958251472360699,-0.09870692690033563,0.02760790055481546,0.11893913786129298,9.86983019459149,4509.544269440891,4498.734716805101,4522.173559583196,4494.421937515862,0
7,1.9000000000000001,-0.02269493905634309,0.055264912643743294,-0.05305383182926822,0.017789418929034982,0.02211870923915418,0.04534535456496487,-0.12492355195726326,0.0027154909222497593,9.769600000588277,4485.120022339941,4504.2825476203925,4523.076190424927,4486.243420196064,0
7,2.0,-0.008569133713683721,-0.01205294669159938,0.11638710455443119,-0.005142012356211731,-0.02468811315523491,-0.1258747871192411,0.03627295665659698,-0.0760681739885902,9.943744901054496,4460.063400344786,4483.832635001681,4460.082934514396,4513.038321466468,0
7,2.1,0.03244237703123251,0.016931257881830013,-0.10859363204038429,-0.01491527488221332,0.004686279772231078,-0.13501931264994912,-0.0241134944387903,0.15169053533358814,9.774008890163925,4455.343660829041,4481.777722569716,4481.079230229673,4564.209263395097,0
7,2.2,0.08328395402569479,0.036546771705078904,-0.034307593074139824,0.02401259321959446,-0.02266919278100917,0.08612602521954074,0.09279735374200439,-0.015134573464928074,10.037837262670156,4486.583366116084,4462.047432057053,4529.338950389998,4497.442712125816,0
7,2.3000000000000003,0.030089030164933386,0.09104432957797032,-0.07222540723962968,-0.002867590096799506,0.03139269009155428,0.05349853846842268,-0.06997827442045963,-0.09550177035394786,9.704383871979331,4477.847558855914,4507.120443584686,4502.353035215928,4508.37713262826,0
7,2.4000000000000004,-0.04204064007798912,-0.0035416953762627567,-0.20556997739562166,0.002900126347227329,0.023508812899117305,-0.11397967274769442,0.04834282306474612,-0.06110143517605632,9.970500230738674,4504.759423536369,4512.1411233798135,4501.944716962663,4539.849954191531,0
7,2.5,0.01737052388475512,-0.03527118570012256,0.009871505232100362,-0.007377620859320987,0.0032479981303917826,-0.03358157698934502,-0.06768107355463147,0.019927221274844586,9.82115792572331,4531.918675351375,4487.551323626016,4440.57438457514,4489.083876046101,0
7,2.6,-0.08132153794582886,0.020783598704828807,-0.16738979283487876,-0.01976742124828203,-0.00724668916549726,0.1235160483808916,-0.10728901157149176,0.00124049831465862,9.925995315391452,4544.521816596621,4523.333842551642,4532.817208548974,4525.929211765546,0
7,2.7,-0.06045614856980696,0.017984605215852337,0.08486609521722227,-0.019130005793480398,-0.011595197534480453,-0.0642553836101645,0.07726229859680332,-0.006928112032913199,9.745830821132982,4461.54990250041,4497.978172404186,4482.972349350457,4507.300186957925,0
7,2.8000000000000003,-0.05714835993227255,0.008895312975310031,-0.043895077049882075,-0.024985938514702932,-0.026545680757562935,-0.09416163104181553,-0.020639905744054218,0.01209954343635004,9.863964726475437,4509.2265875318535,4477.244302170624,4531.752087242855,4486.733234219755,0
7,2.9000000000000004,0.022507488002986603,-0.00820777167469084,0.037562123170304156,-0.004286561322898275,0.007872697531491328,-0.0005911095904258873,0.0813840570650689,-0.08186850432111983,9.456021732821885,4470.799277416977,4532.067552457141,4495.363235403368,4502.761868866397,0
7,3.0,-0.052681830702319354,0.0032776862575139253,-0.10228126440726965,-0.0175156255010551,-0.008049673656477607,0.03560778062737164,0.05518475806425102,0.0579044897937837,9.492383176991126,4499.800064988292,4494.096544998518,4454.034527517556,4500.4795130016655,0
7,3.1,-0.012521360871838067,0.025576283605894368,0.008124707623980248,-0.010986410605665062,0.018515249009139548,-0.17769868006200995,-0.0064265128429610175,-0.1763250931991936,9.627561345758776,4515.744411090281,4461.774075586776,4457.288465438882,4571.458349502469,0
7,3.2,-0.06796445257100824,0.08252604515439867,-0.01722021645792605,-0.010496582428779506,0.011335727811764095,0.10692752604355993,-0.11460679421083285,-0.05102497897285305,9.979373946936851,4508.63982937281,4533.057534919241,4515.4533586329535,4554.246720274475,0
7,3.3000000000000003,0.008929429941682514,0.011090557416548094,0.032172137201579874,-0.00284977703453116,0.01696174317601849,0.018963297909042085,0.0788180009145144,0.09444998536241601,9.895690936312066,4515.051489727026,4469.690106372104,4483.489392365405,4525.3015035897215,0
7,3.4000000000000004,0.07118155909092568,-0.09702151127541803,-0.056786314725141486,0.00047241204829300145,-0.01758548924161356,-0.06580157153453463,0.047491987379380485,0.15813759691714335,9.403635288735572,4494.8857155305495,4513.8984102537115,4523.406419166007,4509.573820292071,0
7,3.5,0.08807012749680576,0.001445329666289702,0.13119927903920975,-0.012927353406919383,0.0011596589317769959,-0.09701720606390807,0.09008644405489943,-0.01204428626411764,9.88156421250398,4490.5989410614475,4517.59285504977,4511.923019215673,4470.160457100864,0
7,3.6,-0.04683837162915053,-0.0013884365170675889,0.06595739574066574,0.03725791106227695,0.00605981713331458,0.08060251219908322,-0.16128509347641687,0.20129558494339828,9.931137242225839,4498.511864665236,4495.059118576262,4466.78400606423,4475.3613961283945,0
7,3.7,0.0955217816066707,-0.04945022191430063,-0.10082677578663451,-0.014044409721511582,-0.023963615059225455,0.0012245259876408044,0.10889105126652388,-0.061049232627203354,9.535335144047837,4508.755839390439,4498.326769869605,4530.081736502449,4486.364751020932,0
7,3.8000000000000003,-0.013007838981333758,-0.007476518227163448,0.00890041105534821,-0.007851233547151797,-0.011092882160920177,-0.14803021479054732,-0.05653872091201171,0.0715223268081752,9.980049103873778,4485.866609292261,4538.984579945452,4499.138877848989,4459.864608845522,0
7,3.9000000000000004,-0.08261920282271279,0.06091289613098632,-0.03730037252610738,-0.024281290461451582,-0.0451855234287107,-0.03165728887001144,0.04047508589963613,-0.06976911440462046,9.599350967973226,4483.518726941798,4537.295760574346,4458.210551469744,4480.748969087324,0
7,4.0,0.06053788698087953,0.024708814471187678,0.01791278137789563,-0.012968922708324976,0.0006100962900085586,-0.04302632547626405,-0.08593861310707511,-0.10800574753017403,9.9668191192745,4498.187816033516,4509.435412314081,4504.550195574042,4513.227564834251,0
7,4.1000000000000005,-0.012735939499294592,-0.024082872552728715,-0.08152803293911225,-0.028279382668142273,-0.02244066341245833,-0.029233417688017727,-0.16030394844354784,-0.13822859041360303,10.018427978527036,4506.725384545613,4486.444898153894,4568.147233767137,4450.552508438609,0
7,4.2,0.048780563823091094,-0.005573304138970802,0.07850470229128119,0.0021790743454161415,-0.037444901244905154,0.007636837404706277,0.03355558546395981,-0.2191985298524414,10.19880965876038,4509.336227825183,4520.159632204095,4465.03411831271,4520.718525664369,0
7,4.3,0.0544752229781528,0.012678411406892293,-0.0009371558520764512,-0.01787176249796833,-0.004324138355666517,-0.04096236114074242,0.057199563739268426,-0.08498759251174026,9.922930144300713,4474.830433118111,4492.1294233752,4518.481331910384,4478.886098400419,0
7,4.4,0.032526824448880096,0.02764970788356841,-0.02709506733769436,0.02323566402711579,0.0015556868395422863,0.08818212212682801,0.17934649248771786,-0.024130102170131142,9.93899099680548,4480.872962240313,4469.015567714754,4494.136210278407,4459.121991607516,0
7,4.5,-0.046880388982365497,0.029571629966053392,-0.05136490154488385,0.01421028174243723,0.005988238760349743,0.14809232496152921,0.052433728557604586,0.11142180702793143,9.890376932625509,4509.341805032343,4534.941991263399,4520.063923975958,4506.301908388723,0
7,4.6000000000000005,0.010282733296485887,0.0269114655915208,-0.06713735194598851,-0.014275989322773965,0.028508118647458645,0.14915309310879982,-0.09288824584101658,-0.06689944324397043,10.03850456390083,4516.005599794272,4520.292843159627,4526.898038845592,4492.778035147678,0
7,4.7,0.016498496249509324,0.012609607534904605,-0.08584916002454605,0.006301818864314078,0.02475421392299336,-0.026730659107468916,0.015256924874093414,0.0206708916010856,9.753067089912946,4520.30703713083,4479.59803106235,4539.979365560878,4518.786166848968,0
7,4.800000000000001,-0.04683843003364473,0.08490048424431268,0.016810146126159543,-0.014458950344701033,0.022091090499823825,0.039573721555842004,-0.17719597042340385,-0.05256603172438537,9.86581946744431,4435.21299967072,4502.552102561622,4504.739381181158,4464.495243528725,0
7,4.9,0.013532244312998177,0.00037319195625167684,-0.11912941058850146,0.018391210937256503,0.0167570758953561,-0.0231789669481889,-0.019858132339182377,0.07262639375953454,9.76986737137764,4442.072753984396,4514.608096721998,4475.602220377845,4488.304708367472,0
7,5.0,0.07289352839757379,-0.006698923700439903,0.00017349358738732152,0.010193345509271949,0.010106678877480645,-0.07353582139022267,-0.006029851553437441,0.0036152527925827137,9.864405379325765,4508.676658227499,4577.623236863324,4464.7242068823825,4529.4027486059385,0
7,5.1000000000000005,0.05916879029165295,0.02463919869617636,-0.06503153948730749,0.033293360605352526,-0.04383965729480396,-0.054661335777426115,0.11716821972228114,-0.03701116034225179,10.129292904960037,4454.645857659648,4466.63694318156,4484.050854896191,4512.521978326095,0
7,5.2,-0.011101007519001149,-0.024519962628121054,0.1420396431098524,0.030268899507783015,-0.008287595314151111,-0.136781424586373,-0.215748382918738,0.02392901147803563,9.94119112444376,4501.889933567357,4497.872756787578,4475.863721559178,4519.649393817415,0
7,5.300000000000001,0.0839092689449455,-0.11084388386677779,-0.007750118878771532,-0.019406966988272007,-0.02980931988107703,-0.0903980696627533,0.037967285568440465,0.0404962197591166,10.10205755223496,4500.263446414364,4447.253351103913,4492.854913728721,4458.408627833526,0
7,5.4,-0.06033979432110025,0.02902795292032477,0.019418090559442006,0.011751311908706614,-0.00714985694543456,0.06324236507402847,-0.041340289829011126,0.11166828327422472,9.878927787894309,4493.790093885462,4506.362791325283,4499.464178970752,4547.883195459388,0
7,5.5,0.012271881128939456,-8.063361972542481e-05,-0.02384908570507993,0.01686368438490022,0.014158266781070095,-0.021907330425010252,-0.11556415146228088,-0.09019681383783537,9.773167492091561,4540.467825183572,4492.494701122592,4482.176291701033,4447.17842060254,0
7,5.6000000000000005,0.07567707178011483,0.028451407299073,0.07960099700058577,0.0192337610385875,-0.003294604575179265,0.0067672506998028275,0.14886019419519944,0.017958088931913696,9.9275050580128,4526.116521516015,4519.287939972679,4496.1549248920055,4498.983484715583,0
7,5.7,0.03888202189879711,0.038800142996736314,0.11682325990194618,0.011021939666196771,0.011932112271841096,-0.03569866934275575,-0.058114951107190164,0.07806306743514946,9.695162986396726,4499.378969906494,4541.370697229138,4536.617108770352,4509.053664923916,0
7,5.800000000000001,-0.01480697899168551,-0.006168945517175235,0.08676601410556148,-0.0007299855489233121,-0.011165647860205281,0.09726198051263792,0.01816001391292812,-0.05772558209917464,9.905788037786527,4529.136552395776,4469.769808056367,4493.986382599412,4492.599498972348,0
7,5.9,0.022614358289173818,0.03160041614299291,-0.05514739112794856,-0.0298550235181205,0.020635975091988015,-0.08959562164617703,0.027118420504387727,-0.013198089873068228,9.842488781040815,4549.537019151206,4591.148448408655,4450.996877658042,4529.517184659988,0
7,6.0,-0.007812388633882303,0.05239272568562762,0.09572630761791637,0.028194896143963265,0.005699298303253944,-0.0711661187964019,0.09276494887096202,0.01179975761440643,9.763231356973174,4485.713283578852,4530.190067073154,4548.101084760221,4464.139423239011,0
7,6.1000000000000005,0.03109761212394653,-0.01861935927113226,-0.14672723981921137,0.0029541164152601636,-0.016662755603791213,-0.1262202582240158,-0.07817404722245345,-0.10277739179138537,9.680662629387323,4460.223477691389,4488.145796741213,4478.6025261574805,4511.2684163143695,0
7,6.2,0.029676949319915776,0.013007428838922095,-0.023544445787350907,-0.005248551913846293,-0.01674149974822731,-0.06503957275279496,0.07036038680787361,-0.17597025986504644,9.793855012337412,4490.294128153164,4517.973963041247,4457.24964049733,4500.374421164578,0
7,6.300000000000001,0.01714921706795534,-0.09523656093119975,-0.10743279728617372,-0.0018357969362558253,0.01028293815268609,0.014599944889015993,0.05604542529498074,-0.10793725126406546,9.492249930054395,4502.535174172704,4463.1194028535765,4474.040330218566,4527.968350644791,0
7,6.4,0.009454977838342562,-0.02840724526277072,-0.06980315046409635,0.012418431137783298,0.004239418712999666,-0.09716453138581528,-0.19478237331009474,0.18818018326401498,9.56550415493649,4515.830895099004,4545.320787970145,4504.427927064995,4481.986899705984,0
7,6.5,-0.07130245208478561,-0.07200052681600153,0.0376694848676386,0.029019526458999693,-0.007909181934090584,-0.04445763697194913,0.06974810908111866,-0.06859472539047468,9.864896581525684,4501.254043502566,4487.715958242658,4499.533855237904,4552.8945634394995,0
7,6.6000000000000005,0.030226647205047807,0.05462504021279893,-0.0918694360920061,0.021918722952151495,0.0127804095093797,-0.11996768772474942,0.053979073337109974,-0.05132741367946773,9.500839264734877,4503.893271969829,4516.171277731878,4504.548242059337,4496.725842454627,0
7,6.7,-0.016529266922916598,0.12332940046707781,-0.11825693885286459,0.01745843964714407,0.00030845941777967535,-0.06835732050136258,-0.004839905062857898,-0.13929326375886175,9.69090191863863,4498.591970224932,4453.466488242026,4515.191476154641,4471.087168772654,0
7,6.800000000000001,-0.07258604790067762,-0.054020886791418525,0.2175954161835487,-0.039561282837376796,0.008722461775395807,-0.06013090168154293,-0.03501281715175616,0.06039309286803327,9.920963742967784,4479.5791074251465,4459.265279801001,4518.664229211019,4516.57131579028,0
7,6.9,-0.014248475439409415,0.022097219190418915,-0.04458294809755354,-0.016540751300695763,7.924362242150388e-05,0.041522619287321406,0.030925026955243375,0.05091626800766724,9.657884225342176,4547.456433742747,4489.7285743398415,4496.432530455702,4460.440322723464,0
7,7.0,-0.009692757814864195,0.026611886842575858,0.07625106126926648,0.031238814743735643,0.010404697916509218,0.022153055663976257,-0.04462951115143192,-0.06617404082330068,10.004049702933631,4528.532110552167,4467.689618974537,4521.692876614605,4519.511510741875,0
7,7.1000000000000005,-0.055690444250709716,0.02702284023945884,-0.10495464594818074,-0.048585859353469776,-0.003202048273840994,0.020625176420399117,-0.011507080488311321,0.28671068171879743,9.885770245846995,4504.414254578961,4512.887739099423,4486.760429867997,4527.884371862806,0
7,7.2,0.01805009730885508,0.01575858519462454,-0.062412022286693916,-0.03128660652898187,-0.010027721781545814,0.022610708500791384,-0.04446994797449463,0.029172716706737097,9.76352762462874,4512.917384538796,4470.695276223741,4505.7867003565525,4480.771375609458,0
7,7.300000000000001,-0.07691414710653181,-0.008257706151418747,0.15363175738180468,-0.02917152815691965,0.0023878450078839877,0.06380616506113795,0.23000306851444516,-0.049293298244668785,9.683599879079138,4464.999234121822,4534.215490045387,4473.977570122828,4488.882107046739,0
7,7.4,-0.09244689386856277,0.0441985921339263,0.11582582807780262,0.016915501271687308,-0.03210650562707436,0.04857208326234451,-0.1672670384724001,0.005804030206424039,9.85101551599676,4509.3054965432475,4516.039095979124,4499.758991893222,4441.127114618143,0
7,7.5,0.02675605043997661,0.004880407056387395,-0.09026197913712333,-0.031387948422732175,0.030800443718487173,0.09850404306325462,0.07059574073074547,-0.06762999112347032,9.306600889557696,4522.940375263057,4511.0006032156525,4488.760130727835,4533.7441892009365,0
7,7.6000000000000005,0.0423998766981425,0.008804774411542473,0.0035058417871113795,0.0010193543519936255,0.013598797456694917,-0.06859810772343906,0.04259831217850366,-0.09205909444695907,10.077311034350448,4515.963857147257,4479.353152150832,4502.4178747208925,4474.386408599159,0
7,7.7,0.07520564188503981,0.08114379922356048,0.0696223682562848,0.031133131353091547,0.0030359189774500084,0.06108100537398376,0.12247245219097556,-0.0005743595515917001,9.82422077146347,4528.009698042867,4519.39493896788,4477.336178393968,4434.395118861856,0
7,7.800000000000001,-0.008776403129852414,-0.10484570896125896,-0.09910173361055484,-0.017485739144007688,-0.011372846218802529,0.06563505153308331,0.10376795407302604,0.05087407198072074,9.936501395212362,4519.68361369106,4425.095100263372,4500.305930460214,4446.1062383649,0
7,7.9,0.02545697378357703,-0.10465540736598485,-0.018043853535069928,0.010955395520391735,-0.02235515896632624,0.07693727684105763,0.05066221699517468,0.038082469583790975,9.949600317502107,4489.223997367,4504.557565912704,4500.301547167026,4499.623531661516,0
7,8.0,-0.03360155383235386,-0.06212660573613529,-0.03368583492894752,-0.007838958143885341,-0.014734619750337796,0.06816430254480195,-0.1172206617855613,-0.01715091588912414,10.043267942312252,4527.273880577986,4536.488816552918,4482.276582678774,4523.528643771831,0
7,8.1,-0.05314851984890659,-0.013793697790827016,-0.018175581078019306,-0.011516804243960206,-0.007236279761690504,-0.039470074199788215,-0.09823938111016955,0.08564135060057915,9.773509999425146,4506.043096317519,4504.913306135785,4501.6417927533,4502.784136381692,0
7,8.200000000000001,-0.01527086100155107,0.07091984342574315,0.0760744761635359,0.0003676406554203966,-0.008941088719321266,-0.009505667418326433,0.04176215163717457,0.14999400925363118,9.535390491066991,4519.793242759253,4533.801709103359,4455.398445902843,4494.565473698061,0
7,8.3,-0.05322589865415195,0.021526480583851718,-0.035835093235555227,-0.0026027813376025095,-0.008221116145569486,0.05761307462146149,0.02290329605981383,0.023092676403965555,9.842124365016291,4517.174726413564,4492.1408443543105,4551.023243626228,4462.9561574634445,0
7,8.4,-0.08629592240848244,-0.09043402843042866,-0.2079588119292436,0.013463396296405042,0.011027353985652816,0.09662211934204759,-0.1056638214705522,0.07454614547455006,9.821364812429861,4504.997594974676,4518.768686860488,4477.311547468126,4577.6174740621345,0
7,8.5,0.06659401521376769,-0.026585297699768026,-0.10907380577233479,-0.0017580832360938347,0.003645168871640845,0.08524922077666484,-0.1168720911568326,0.02854869431991662,9.504196995117043,4513.090727802333,4496.774873386258,4558.100392868573,4453.61992367341,0
7,8.6,0.06853041907450524,-0.08519156675831092,-0.13272102744065042,-0.033541891169443304,0.005007052169021082,-0.0938959048602987,-0.1348331505280538,0.02027676016233806,9.900355077174938,4501.19547912451,4495.133425529353,4554.867288973115,4504.375087987259,0
7,8.700000000000001,0.04028457369611246,0.007146106284497938,-0.10978762882546843,0.010997753638040335,-0.013115946229395846,-0.007278891043138901,0.030540268189342603,-0.19414180668866432,9.488099575221655,4527.283775174927,4480.087606602032,4481.510340326734,4504.993151921125,0
7,8.8,-0.01928362985609347,0.02087941908213948,-0.005112178873304408,0.003972059003608969,-0.014037167804845053,0.015487585862474217,0.1105089086835444,-0.05677482161141986,9.99306366005443,4498.45319045032,4522.034449679338,4503.863139550594,4498.997672397062,0
7,8.9,0.017486484103818305,0.060679878115112454,0.02360972942150756,0.009570616618167951,-0.007369698271534029,0.12567091791960205,0.06403371109296717,0.007770846002500615,9.785469265549066,4529.337248078194,4481.813877688643,4446.51374951186,4502.171987982733,0
7,9.0,0.059500228655717184,0.0795654405592337,-0.01072939434338799,0.0008717532788356671,0.010390608650319101,-0.021147953509101196,0.05164059483911489,-0.008540175106826788,10.012273651438036,4521.689415392934,4524.306834969073,4493.840470655938,4557.7778196150675,0
7,9.1,0.02419559711897361,0.012364702674341574,-0.07609429805669717,-0.0019414364029710779,0.0022875952140527195,-0.063014183713944,-0.02923171457690879,-0.01658000181030098,9.821184132184644,4447.118790298752,4495.941883778872,4488.679614507602,4499.373475511253,0
7,9.200000000000001,0.051763828309012806,0.1026197746060603,0.0678377199644627,-0.024688443441326726,-0.006908139036650686,0.047677064706487304,0.048329049642902314,0.09873257354530746,9.790529801141881,4489.094992669035,4552.572720117481,4501.76011810109,4469.499768719366,0
7,9.3,0.07375668285164605,-0.07480477456972225,-0.3495045222488606,0.015387735160751473,0.018214019420492625,0.03312103535557528,-0.130245608399205,-0.0058869855242320804,9.754366285289226,4483.881329673229,4542.362082924278,4468.600018241049,4509.483133593192,0
7,9.4,0.05970234918312875,0.019072076265951893,0.1241118372495374,0.011274294448578586,0.008586993409840578,0.029346789506571765,0.06134432666501503,-0.03855390974122605,9.549625229625443,4528.6213023438995,4534.852269015173,4507.559364327181,4483.548731410969,0
7,9.5,-0.0778858558264819,0.004290354996169405,-0.13489503447179715,-0.029779750052758514,-0.0004146305603138533,-0.061101560095041155,0.03453095561647705,-0.01592956025618743,9.688673086755479,4448.852547578131,4474.413356225089,4475.515905298467,4463.240769794551,0
7,9.600000000000001,-0.016452214762119246,-0.05736259955873259,-0.016374274729121518,0.004808224273373122,-0.016523399087783556,0.03403269035348678,-0.13613578712477037,-0.11121773983962907,9.787356540475047,4520.611232756659,4526.021986244678,4548.371718664726,4488.702333755475,0
7,9.700000000000001,-0.006375065933915226,-0.05163377645089935,-0.1253766331991023,0.004571441726550497,-0.015517429988924856,0.09859033600138321,-0.14623857318673908,0.04863532058246964,9.608852152236596,4475.386545996837,4516.173361957561,4479.7235869167625,4484.526477974403,0
7,9.8,-0.04060791817757844,0.08925148958067208,-0.06174863110800097,0.0010310443486552634,-0.004038272005621486,0.017713364937940887,-0.06147369469659352,-0.020081723454165017,9.888790401798788,4474.1097858599105,4532.679640698844,4535.564415571249,4518.194778784762,0
7,9.9,0.00349381917982417,-0.1495300724102268,0.042429113265446274,-0.007826608104577288,-0.0049254882283507944,-0.15179018644182532,0.049358848587419256,-0.14485810468269544,9.83368490919828,4527.139724457295,4485.920154560474,4536.481551756853,4477.590288653784,0
7,10.0,0.030021653836550085,-0.06523928757292638,0.10311304346805235,0.017519807651585798,0.009367158459274594,-0.0314627309291049,-0.1402000623428112,-0.039064031521945757,10.032061435149625,4503.898856147073,4453.408892114627,4466.258170817402,4537.594542025568,0
7,10.100000000000001,0.024395637606394287,-0.061700006036996394,-0.17658314961745936,-0.012500842692001331,-0.037027174159798386,-0.012466759200560047,0.2451625371836304,-0.1596956075699172,9.772794867358758,4539.357797259938,4522.472635749003,4495.537778556026,4495.609539894954,0
7,10.200000000000001,-0.05779548912122896,-0.013382788500277673,0.024344071424013,0.022102270865481805,-0.012403512470295119,-0.015186810245077002,-0.09492134807566825,0.02253251795405052,9.966755890061794,4518.889440402897,4464.894387736729,4504.4058962836925,4479.680624152495,0
7,10.3,0.05055250078264167,-0.008065636138676903,-0.15195133382410844,-0.004396054112154665,0.009169451383977626,0.019520485051423963,-0.05117960136519804,-0.058527338987114624,9.612499120356738,4488.157511389941,4474.329631004226,4529.102579585319,4472.965878278052,0
7,10.4,0.006114223118110055,0.0027151951663166372,0.09456674478849114,0.021787365779167418,0.013919398865626566,0.028234267463210394,-0.1048646146094058,-0.10688700877382576,9.64086183604701,4522.557629988837,4502.199897847519,4526.059717222067,4530.0840820296025,0
7,10.5,-0.0362975950149624,0.001603716377859358,-0.0012993678683590195,-0.006555753792484304,-0.010696857090494229,0.09478044027288456,0.005197172671550086,0.0013144788559767908,9.649444465026281,4520.256372912405,4469.84677497486,4513.647165865341,4514.466880801655,0
7,10.600000000000001,-0.020625752466178437,0.01588260405915899,0.01856695590444871,-0.0007872124962029929,0.0002588796029046499,0.004942545855481703,0.012991167267204819,0.0060242031343706575,9.589227161957572,4495.433671469832,4507.948458035906,4502.918661856179,4528.612507781854,0
7,10.700000000000001,0.03100432947497272,-0.0435204767526568,-0.016662710805439487,-0.006226733068943759,-8.696973254368062e-05,-0.00023851198709598392,0.061152166923984876,0.017732836314114375,10.05610900104171,4507.230094129871,4475.082284389881,4485.9815813949535,4518.113672121953,0
7,10.8,-0.08070841322528427,-0.06729402073800227,0.0010697207125230437,0.019018442370423317,0.02614070863909755,-0.017368459761741718,0.1060828686985884,0.007226790976889787,9.503717003551355,4499.757703905649,4481.4327562613535,4527.546926414332,4499.229742189365,0
7,10.9,-0.06389565532782353,-0.07498574054542796,-0.002097995741445105,-0.04840434942919411,-0.010363305796558015,0.01848242605942734,-0.10570165040553581,0.09939871569053298,10.048201309950139,4469.498971417442,4491.058674774105,4529.840794539644,4499.960773972347,0
7,11.0,-0.069723928904951,-0.007166053428217656,-0.08529283222958393,0.02216395792851771,0.012118641886491777,-0.025100555621250242,0.014214801253004054,-0.13081215769724863,9.659244508288479,4546.598375630775,4501.60543957739,4527.902574143741,4506.96039265224,0
7,11.100000000000001,0.06571409215147622,-0.099941876629961,-0.018821758401900646,0.03289563292432778,0.019123468711212885,0.10602978070321531,-0.0006764593656490828,-0.053710641541338346,9.604567108062415,4467.092157250155,4524.2118168662555,4515.396331512626,4498.002796520089,0
7,11.200000000000001,0.025409532742584034,0.007122587952603042,0.09622177013994836,0.019053735098163403,-0.02131748200969685,0.021891678997583205,-0.16688667501940824,0.013302073809059622,9.930860855940317,4460.588419656206,4487.506117936175,4500.285791316594,4507.017447491202,0
7,11.3,-0.013930185161241747,-0.0586144076202336,-0.005400720191925828,-0.03304487133881956,-0.0046528287336428985,-0.035309889095754374,-0.013426567343942077,-0.055932197747568295,9.50846383236876,4489.009700382315,4527.924603751119,4537.8438241196645,4573.180028361578,0
7,11.4,0.0845825204198832,-0.05984689633340521,-0.040843760127265955,-0.00045571269675553954,-0.0017111966846739945,0.0055626663916980715,0.24075914215475588,-0.10820515457923974,9.66729377275714,4549.314777902673,4481.520559707455,4511.807419510072,4531.039721096046,0
7,11.5,0.024324950836601487,0.009588281655124611,0.0938610769693984,-0.017861371130099408,-0.009927262589920027,0.042851007077213094,-0.2069439259214251,0.14165838233446926,9.870678475039556,4504.590952583435,4451.084613670769,4461.4017262380075,4488.042490070974,0
7,11.600000000000001,0.04037149251477995,-0.10383080060992927,0.07883648007773564,-0.007200626482167334,-0.0044684694548330385,0.02028743533526452,0.026931723784641162,-0.07124285899365972,9.93498201769377,4430.418055803107,4486.48743340297,4504.610452895307,4489.651520543565,0
7,11.700000000000001,-0.09134551519829909,0.037901368938023546,-0.12483878121270522,-0.0013502801505657915,0.003060691941352457,0.0015861723012293703,0.11690109258638154,-0.005326255999368678,9.895491080939388,4498.322879005463,4518.388682524988,4541.804858911426,4504.126254884166,0
7,11.8,0.03909251787914998,0.07276644674410987,0.13571842469742715,-0.007705788072224213,0.020728647114903347,0.019901692803775427,0.11172299977339138,0.056863458356295,9.865133615207238,4513.019162410391,4507.657138681168,4508.829991354095,4495.235029182542,0
7,11.9,-0.012586217030375864,0.08815874646863348,0.0477527911111184,-0.011466098444627995,-0.005548348628592873,0.08450067627583609,-0.07361867100886195,-0.1482027681811011,9.52831017187959,4448.130731993856,4461.0355542520665,4464.5740218059755,4541.557121388244,0
7,12.0,-0.00230896063296342,-0.018163176956835864,-0.14434130630185737,-0.0028625279494268008,-0.03474656125128385,-0.029553373702909187,0.20644943898436752,0.0663803578706365,9.768040367929094,4520.943708162191,4484.353704656173,4475.979667713625,4551.123888885985,0
7,12.100000000000001,-0.05711373269601368,-0.01770606178386753,0.03060332823635102,-0.018724684115148965,0.013012099072628194,-0.0245275619713802,0.06639103275668566,0.05859841797505183,9.761397573874834,4551.319760177729,4480.0399258969965,4540.466114116462,4535.2479972788415,0
7,12.200000000000001,0.08854411038302201,0.00870280196715104,-0.07885857119279899,0.04153593170659094,-0.006694029359527284,-0.06508340581644284,-0.01897867459048128,-0.09816907161570776,9.91522976502467,4481.829948547244,4491.375474902854,4529.0333658499485,4518.710796305286,0
7,12.3,0.0007792286284829327,0.008543676437349103,0.001225543063154155,-0.00862310132834729,-5.053321695574536e-05,0.03926733003943549,-0.012616212897883962,0.041976763023027386,9.642666244315391,4481.883190465629,4477.970384901781,4483.046058846227,4538.615431401183,0
7,12.4,0.03630193965551801,-0.05384615593421728,0.043749829640845506,-0.0078116462529714,-0.01364769170943131,-0.11885915725780055,0.09719186938202444,-0.13638631496671386,9.799607364398026,4471.6106626282535,4523.2753184120975,4489.969445210581,4495.966120334389,0
7,12.5,-0.005036713146501639,0.015128516746789174,0.0013004763983309436,-0.0008654637792223268,-0.010368039505095558,-0.12597834986736745,-0.11185509595418555,0.07184797386806456,9.748836107334741,4480.079706668325,4457.828155667458,4448.410585797289,4478.903793596154,0
7,12.600000000000001,0.04440264270226286,-0.027853509681115926,0.04004855252414476,-0.012061196587959155,0.01277733392057698,-0.028140064144693527,-0.12318842455504964,-0.026895306789944364,10.176800083656081,4553.696529466526,4514.595999083381,4495.888235537589,4509.117054062853,0
7,12.700000000000001,0.015842616936664482,-0.001994337618355077,0.0440944019922617,0.004164537243071268,-0.006319447707286271,-0.09562054395069143,-0.046005924222016575,0.07995188490735969,9.803707555100928,4509.008606747625,4491.5095341688675,4468.212074849681,4492.8411085538455,0
7,12.8,-0.051122795037467576,-0.05431445868017757,0.12056366088694095,-0.00840172009868433,-0.014829694509200672,0.12943677475047244,0.08149850354042416,-0.03715092255018381,9.895527265110474,4492.926350452179,4479.219609621612,4514.24073673455,4490.270943440394,0
7,12.9,0.003774900449970163,0.051068161744983576,0.09112131037953766,-0.01100186583712153,0.009720632045741721,-0.09022849969166048,0.04504141613157049,0.014849530580110563,9.885795872472686,4491.076657360673,4562.522138209575,4472.961008771391,4529.146551329054,0
7,13.0,-0.05158491598841658,0.02521720873146606,0.05757899772517827,0.001099517431245705,-0.009906488210874084,0.011290791259623902,0.026701033343017447,0.17899364863062828,9.635531942939942,4483.32259511058,4508.54206671208,4492.318386288142,4496.998768868082,0
7,13.100000000000001,0.05351759176818804,-0.14101332517146176,-0.05979493450178113,-0.03484738452502499,-0.02391632873808141,0.1923699593657976,0.059816813395275614,0.09515649250581042,9.793894070042715,4522.761414744958,4447.003064774392,4531.148952353088,4475.404676443203,0
7,13.200000000000001,-0.026565790966295657,0.025257553522732613,0.03164467585822151,0.0016924009678709756,-0.027261923071606377,0.007985093505731346,0.09605613534832284,-0.053248709609979405,10.072987409068059,4473.81924192258,4500.196436751551,4546.059832001299,4479.558002619012,0
7,13.3,0.0526992741688537,0.09873261811109046,0.017104406892415023,-0.010540339747666138,-0.015454776059000473,0.10436821626778603,0.1276694199339649,0.14493091228686755,9.80343232986881,4531.134208245813,4498.534818266218,4473.508346351749,4533.72530355337,0
7,13.4,0.08169351391391023,-0.05103009863906599,-0.103943096290067,0.0007996386846024928,0.01912257211482,-0.09070553550031628,0.022701573695590588,-0.059042695405975176,9.950165819965001,4476.063395355123,4523.1540900082255,4495.253555675468,4471.885784289569,0
7,13.5,0.0031844977713444238,-0.09689866572441763,-0.055909457210493986,0.006748021406493232,-0.035435095580637906,-0.2056909482484329,-0.23393673198131673,0.132712855550037,9.794648197447454,4484.026038179784,4528.354642070005,4487.866509525927,4508.053856996002,0
7,13.600000000000001,0.0012877675461631412,-0.0235499710376489,0.02941458838891059,0.015465224428402891,-0.0036981323403397566,-0.03684444585236919,-0.03425124079994532,-0.2297912532785732,9.866611909301783,4463.726661330344,4518.891561723568,4497.287276979741,4503.153632895913,0
7,13.700000000000001,0.03501645853031012,-0.04632618831704674,0.03692484433509569,0.0053524210512532954,-0.003695616652855865,-0.07425489606108303,0.05952383640551641,0.07034545444193162,9.832720405195577,4467.8909275285605,4484.176529012237,4498.190018327398,4520.654836499462,0
7,13.8,-0.07917447005565584,-0.028190173215218835,-0.040267255994220236,-0.0016644315880605864,-0.02602650568049694,-0.017402622269866656,-0.03104835643125897,-0.10375918714896566,9.786406483166264,4483.764927096435,4514.867584275291,4473.44017316987,4502.695023663854,0
7,13.9,-0.04041944186146341,-0.02998771190794063,0.02972916277054057,0.0046943546568431116,-0.008340443651567208,-0.02155284946661343,-0.1453606445109524,0.14027643105807003,9.947491279575607,4519.543441526133,4452.149033491313,4482.135300225322,4489.963619132292,0
7,14.0,-0.09655307460170062,0.044497504803804336,0.1453884488548136,0.04123869912007228,-0.02091767655035473,0.0093858797467419,0.13228182691504214,-0.025361847894695384,9.696602417231466,4444.019469793665,4533.978673733152,4499.422177317799,4478.119744231108,0
7,14.100000000000001,0.014192864491443004,0.007650268658933247,0.016825910235459148,-0.0043419612465335055,0.03244716317526731,-0.01069277866099377,0.1619322076323305,0.05641169264001977,9.880234028552346,4496.601757401655,4529.2187008063775,4503.38975302734,4472.036063546594,0
7,14.200000000000001,-0.04827460954990178,0.021124231096713603,-0.09073788851664959,-0.0012446211394499889,0.021143690771021822,0.0243176142315467,-0.07221348703287477,0.14099875116161395,9.91957504739894,4530.533789616123,4431.973249703721,4509.925586347882,4525.264735091397,0
7,14.3,0.08501443211489962,-0.07319092920755209,0.1206114589194533,0.032887605714024895,-0.04034577954557959,0.03828728878957942,0.06176208143407019,-0.03270076626519062,9.711981107986743,4520.035617398635,4481.550547397681,4493.482520147457,4524.373047024717,0
7,14.4,0.08770215251634322,0.026899213627100904,0.013348449541451155,-0.010327949693215408,-0.020212000813021127,0.08876625932007595,-0.015344985112688461,0.11507032746667285,9.744089624400909,4480.52134015917,4512.623966664825,4497.703921821948,4463.834141861678,0
7,14.5,0.0908684164890924,-0.03134918868858188,0.09275915211742136,0.01683713258792963,-0.02518925529828714,-0.08019101156931877,-0.030150933970012783,-0.08656465445783167,10.155291274375738,4493.9947308960445,4526.692471284422,4515.409121670006,4507.920673469891,0
7,14.600000000000001,0.0020160605369793933,0.06185653538943486,-0.08250929733350167,0.03452670620913172,-0.0257444636100819,0.06252093804979392,-0.14051638599397828,-0.03157055522269598,9.828661987612193,4485.399139535115,4494.549912911493,4458.390886562076,4470.376485938294,0
7,14.700000000000001,0.024913235359794124,0.0014835912488722492,-0.06905280258215071,0.026485555262593427,-0.024398617999804317,-0.028927237269125022,-0.050565627817847174,0.06150376277610445,9.819632738227439,4496.7550426039625,4444.673498883983,4525.951034418963,4493.465225555048,0
7,14.8,0.005783050880520998,-0.037428161004693865,-0.09058287628170729,0.02998575516951374,-0.03546477156524826,-0.08433592222262175,0.14804921526690804,0.06407463809986538,9.744907493651517,4537.397889428659,4513.40580349188,4506.979802759232,4506.766860513073,0
7,14.9,0.023261910860724686,0.025284625064872647,0.2195973052895957,-0.0038978562334534422,-0.003280943762964079,-0.09895145500565711,-0.0051897386821018136,0.1862886899544819,10.006897000486932,4483.68996768374,4500.901240935638,4461.10684873245,4470.926419671051,0
7,15.0,0.0074720576306858775,-0.024722730141022643,-0.10445997893784183,0.009796815294757844,-0.0016450017330664778,-0.12540402973528314,-0.20751469661677882,-0.057001149857425416,9.492346971311695,4443.932657805881,4533.869076042062,4497.068673304041,4492.036608653235,0
7,15.100000000000001,-0.009420290807537451,-0.056891607539648496,0.041097616501416835,-0.00261400653465081,-0.015148173119588238,-0.04861029476199998,-0.12274587132122955,-0.040624287290183476,9.762074423843497,4487.0315001261015,4501.654636720247,4497.644648857147,4506.923056159938,0
7,15.200000000000001,0.047154851846079725,0.029651173860654037,0.09545898405103358,-0.016954684596524577,-0.010172297881773144,0.052287734715677416,0.06714776714320864,-0.06786206175368818,9.932316785156349,4471.694036500622,4514.431671724254,4499.211113974031,4458.46693188281,0
7,15.3,-0.02170369108797035,0.10911339048477467,0.020278036280499484,0.0460089995343652,-0.02887853059750073,0.060059343413107376,-0.25343361918071156,-2.3548491478317417e-05,9.936243475530265,4525.136702849888,4476.021908262587,4531.172712659302,4483.988557198659,0
7,15.4,-0.008204862555619837,-0.021666110967831692,-0.11363893507323315,0.031394391748417176,0.0009603563431615368,0.08698547029269024,0.10447112417646005,-0.09679402142729832,10.05322544953432,4515.1024273064795,4468.772944065813,4513.465524940245,4469.310963453958,0
7,15.5,0.08032291839893202,0.04068933724610482,-0.007114856219103526,0.025296072364343676,-0.031639752894070755,-0.05994730400960331,-0.025241972174037147,0.2235684681425518,9.59590341982532,4448.78082174778,4456.668434565052,4527.186476076168,4482.174231883834,0
7,15.600000000000001,-0.007954333218430669,0.03814163208372422,-0.01580846279579116,0.004082932090161111,0.010704302952193904,-0.03445411135681723,-0.016631705992968402,0.024195540232101156,9.983635854610645,4476.228922074581,4409.382722345106,4520.38749448157,4527.831477562502,0
7,15.700000000000001,0.010001708106508599,0.013414660947826784,-0.05643098941401706,0.010003668430698482,0.01706333639368377,0.004519707313478753,0.24912483300072663,-0.15637410876713798,9.84259233417127,4464.769411130481,4526.395377718707,4452.555737158735,4459.982353718469,0
7,15.8,-0.031659347027460226,0.013291608492769974,-0.059547138866161725,-0.011708825251981863,-0.0036178090985217034,-0.019379212724920495,0.1487449388318524,0.06859111196689681,9.745084652043072,4562.910357336408,4514.7498352456805,4470.931138340594,4507.695412199755,0
7,15.9,0.026775627243265727,-0.03438123595306742,-0.10525089108060393,0.00172918180084884,-0.007204435426120712,0.1183302310764354,0.07411558240849149,-0.06407752740865806,9.895187622189718,4538.013844281742,4458.185866623011,4469.316652770367,4499.664941481614,0
7,16.0,0.0017800983952517124,-0.0026098752731430193,-0.031077717878767782,-0.006521206449040398,0.007685162736432578,0.09071540429113384,-0.04809527296884268,0.2438399345170654,10.202138287148063,4539.877668887402,4518.674500036846,4560.239643194104,4491.296539050018,0
7,16.1,-0.04163022059951173,-0.026298602970199217,-0.10029428030900817,0.002436026446267394,0.005996609282554866,0.016067187094488556,-0.0012431352181799789,0.013315452817161547,10.157264761769978,4518.601556029173,4527.675263898144,4505.7236981006035,4451.532339045958,0
7,16.2,-0.09069412352347556,0.10414049951042575,-0.05318222752312214,-0.012335026883038645,0.004913264827544984,0.04403223826639421,0.06768621373344128,0.1774418532880004,10.110147276531588,4475.6720032608355,4529.062037202653,4488.477272453676,4495.874737667076,0
7,16.3,-0.05469946029756813,-0.08465364269157048,-0.0031561712632288876,-0.019119638322224915,0.018556273571440726,-0.022486259481609712,0.030859021894987338,0.13675257539154317,9.51294096364358,4478.261478343509,4505.426508736976,4509.375744474698,4533.10492503817,0
7,16.400000000000002,0.04335765645202991,0.004846681286536963,0.03034046705972552,0.006621517819809799,-0.02939424729347511,-0.012510038188396919,0.02484732179970922,0.04585508587851064,9.62512731198717,4461.936062624133,4492.964022224458,4559.020983332744,4475.42257461814,0
7,16.5,0.05869641236774047,0.079236982152256,0.004546652623319363,-0.013596958693069022,0.010256391273164508,0.01559922336795967,-0.08591039801903085,-0.06588028263717759,9.900715970429067,4528.003212245057,4490.316293960538,4497.925993053358,4520.059157115333,0
7,16.6,-0.008624344208696774,-0.014966348664794219,-0.07553408197272259,-0.015453692467480622,0.05337765516446512,-0.015696132806326545,0.13650583215122242,0.16839933375190708,9.77328354210137,4511.052894253043,4503.074354460991,4451.6345294802395,4453.440809632555,0
7,16.7,0.002442423345213644,-0.021245676930429815,0.18915803383935903,-0.004731458773892371,0.03901857994136249,-0.038111311690843544,0.19122004206089338,0.050642449694734616,9.92265837915424,4484.647081297991,4517.307515412111,4550.7814029924375,4495.655175178196,0
7,16.8,-0.016969840768330895,-0.012338126943004417,0.1620111605006437,0.01710702414002173,0.028953599809422373,0.025089816838741567,0.003931935677783195,0.04239440390706323,10.024031706882509,4492.586452722364,4541.060309800703,4510.974916711976,4427.811655859095,0
7,16.900000000000002,0.04417467135525973,-0.06361525066309913,0.08591727606739874,0.018030359964763324,0.006597851947624165,0.043494471910135495,0.10988707878439868,-0.04956276738107276,9.968685931940497,4534.890699088711,4552.802477926154,4466.826591418209,4512.255481949633,0
7,17.0,-0.04807445995307323,-0.050196100885074896,0.03590277724059801,0.0015491162959227706,0.022900029570439698,-0.02769411596753674,-0.01340514361970109,0.02115042623381848,9.63763422971271,4478.307904649522,4533.482959973177,4483.531348761567,4535.4742969934905,0
7,17.1,0.030365629033414727,-0.07737655127444677,0.05303786918377881,0.010449596461882546,0.008458572170225708,-0.011350138110640862,-0.0940067455391852,0.13462127661126205,9.789684082255434,4473.497815189939,4513.72406058264,4477.716600878002,4471.527419151446,0
7,17.2,-0.01877363061012194,-0.03326988821590373,-0.09122422519845745,0.01612823524523518,-0.002276556289247988,0.10018239564127138,-0.08545094777299357,-0.1727561037636336,9.839754069849883,4555.679367654193,4515.92960488086,4596.461225886385,4509.961773628473,0
7,17.3,0.011777610564404519,-0.10776813355289588,0.042794744058852835,0.0033733552003858266,-0.008148423964090741,-0.010942309364725624,-0.006810057434217908,-0.017992915293206395,10.227942992625193,4488.87413916585,4505.079411715616,4487.882967498414,4523.5029355993165,0
7,17.400000000000002,0.008838184998610344,-0.013995528658524076,-0.1925967945907183,0.004866164505775005,-0.006191525471595017,-0.004859252550968097,-0.11824579472453334,0.14332821727201958,9.981348635168775,4542.921179929219,4534.409379023428,4517.769519063824,4465.731524738207,0
7,17.5,0.09216935820359294,-0.046381757544375526,-0.026840762407496166,0.01413804561253842,0.0151308157437481,0.04577893815556466,-0.04002884813290898,-0.06069316273554748,10.316906513721229,4498.820581845005,4495.146858460835,4478.593305271837,4507.340110472129,0
7,17.6,0.009901140028903537,-0.0008113104352147649,0.03817266467878862,0.03527075004884707,-0.01190105412581797,0.0034466993761696064,-0.06478484525505558,0.02946983608256279,9.696306099725117,4484.236710256974,4456.214298778331,4502.93384348459,4512.89308865715,0
7,17.7,0.09302381765961476,0.02347512405949226,-0.04496841232973195,-0.027193581753721798,-0.024425740113309568,-0.10365026715775778,0.18780420354493813,0.028781049692636985,9.693406756147622,4471.204211845402,4474.316764788182,4481.721018164809,4539.487656487655,0
7,17.8,-0.0014971723528874768,-0.07237332086369745,0.23104592747303718,-0.022803222787317945,-0.011816706198477347,0.10481155101071057,0.04151496326090667,-0.04699229996242097,9.563726614781233,4470.99929673225,4472.805116427706,4500.210953935487,4505.731854518439,0
7,17.900000000000002,-0.007432731431567124,-0.001960690696216467,-0.10507231951943208,0.005862722124477782,0.025610372736739925,-0.013023334539965487,-0.01822867064294734,0.008300105205284822,10.033640971951879,4473.158310016841,4543.525420071964,4512.636667183057,4500.860420870966,0
7,18.0,0.06066194183321599,-0.059103103693822795,0.05220455362447083,0.00860619129013235,-0.018709101287875857,0.03685104983630568,0.028330517938048624,-0.017873811968993413,9.982563511046067,4482.84737242927,4508.109637375301,4496.0497865263405,4481.55909530977,0
7,18.1,0.02514423425593857,-0.010386787367457575,-0.14730064587095468,-0.03602132209435969,0.015781149361664037,-0.09764800857814646,0.027938449340060623,0.005495189362815036,9.736293644605821,4558.70005371646,4505.390220553813,4522.669004480462,4508.544486460194,0
7,18.2,-0.011576971155874055,-0.0009544375117970773,0.14585427656604838,0.021762105852008596,0.03903972863377202,0.01773136743783071,-0.0876937065700748,-0.04405169443598121,9.572444361640283,4523.011323866258,4482.422510517683,4408.340461610414,4573.913270949898,0
7,18.3,-0.02853005692441577,-0.02882954627429048,0.16716116926603666,-0.02416502901595031,0.022732117730663335,-0.046995395473921724,-0.1323795444596859,0.17057177613781363,9.994619389412506,4527.6000295354515,4511.029666403663,4517.97304899233,4463.035259257559,0
7,18.400000000000002,0.005580542862233025,-0.04643815002254226,-0.13889405190630547,0.008219066614160631,0.02316299111319089,-0.030669505938245117,-0.021201289233454178,-0.11381506450830399,9.81144342921758,4522.802283371652,4523.745832101833,4516.355285268928,4481.447064984164,0
7,18.5,-0.03250645217135758,0.03977022366204666,0.08119989322167313,-0.003439899708637858,-0.008523438151313713,0.09337976747565599,-0.03599486648132468,0.07459322245237815,9.782631365028381,4468.57401656889,4548.369364200711,4503.601916871944,4478.677680603358,0
7,18.6,-0.06954028338876021,-0.06450003991184168,-0.03729114040946012,0.03850257767067185,-0.011693237573484852,0.11579638658769638,-0.013076366860308403,-0.11811503911016824,9.715357762309921,4461.570362287876,4474.320946441085,4473.427558143722,4442.885883975562,0
7,18.7,0.07563980344073631,0.01055085151111408,-0.06862784056181019,0.0044351549286677835,-0.016709607872841235,-0.21368495722958045,0.29566916332265497,0.018959987667705958,9.692197392137048,4441.982555649677,4455.175506145723,4549.634757886647,4545.058156463954,0
7,18.8,0.03766075179994739,-0.0557538519204907,0.15099739879770105,0.00899565235888705,0.013098488967030688,0.03569367555545971,-0.1506987184626104,-0.11981609507468877,9.707956366718328,4519.309191225993,4458.587037532706,4494.739607551674,4494.701714695108,0
7,18.900000000000002,0.03963698446637889,0.03373357678038312,-0.1010225929052133,0.028933723389746036,-0.0232647965750058,0.08737915535205999,-0.05501448983483982,0.01639259534333721,9.855197492020862,4505.931223221264,4520.234975953037,4511.743784938006,4523.509473896116,0
7,19.0,0.023230998017256782,-0.06322276294629219,0.026979907455798764,-0.011277398050106665,-0.02218524955814567,-0.02318719141418399,0.018323559903509073,0.024967502798778463,10.021204949028053,4539.219273569147,4510.088424922721,4515.513191310282,4502.85927099527,0
7,19.1,0.038361273182479234,0.02434940694185322,-0.005448809385780393,0.043039651340086006,-0.010923667268836377,0.11635655653666699,-0.13542929263269374,0.08136165364514551,10.097313670345368,4442.783427869763,4504.168517191652,4521.462421237321,4507.558908123842,0
7,19.200000000000003,0.01890779678034817,0.006811158118833172,-0.1094247826361592,0.04736091184310884,-0.010070757266315985,0.03473289910231241,-0.06468396770854272,-0.22758631900206985,9.625097425250207,4456.571799231746,4532.747026176735,4481.793959518666,4484.577259824601,0
7,19.3,-0.053216535630186815,0.004701769935755127,-0.07164585163612808,0.019847094624935772,0.006040786461783218,-0.04574606285795584,0.08502330518370194,0.0007940523023238077,9.81429938113799,4456.120952888043,4497.867416016441,4509.64633917954,4540.00700466595,0
7,19.400000000000002,-0.03759468149516614,0.11390543116927557,0.05568683168289861,-0.030388237520676147,-0.016903962281711128,0.11367993313734552,0.12432291429623946,0.0018093481560502627,9.839983540611572,4465.061691788221,4539.64328220706,4470.366987396766,4525.342233333702,0
7,19.5,0.0676021184332569,0.002407777710975448,0.09676113661221987,0.036952794160513884,0.0053593759842147605,-0.014024145314555701,-0.006685285755151667,-0.07429879026720886,9.656883241452626,4513.272202914771,4495.081505335522,4509.827075305538,4455.301915504423,0
7,19.6,-0.004630941259357004,0.05150589250452317,-0.11189242769760183,0.0003305282826910231,-0.03709218621796822,-0.10443696178185391,0.08076608876780496,-0.03092842933129496,10.17441457310771,4512.97329331273,4515.91786994668,4467.705538503153,4488.446838694666,0
7,19.700000000000003,-0.03663180910238062,-0.05327208697752929,0.06638931260961353,0.017290317315373588,0.007978743883348972,-0.06624537545807896,0.033073003509746256,-0.19126784014656564,10.074601853741608,4461.0554947308765,4466.386230526846,4503.458768087105,4506.124786807261,0
7,19.8,-0.003637429922589227,-0.055506397049114836,0.11333479936032922,-0.03371898402138501,-0.029665379808968897,-0.008558621756358504,-0.1264233981844388,0.12226252762759254,9.574357072917417,4546.71081456631,4531.0536649731475,4537.051672065228,4556.613179488598,0
7,19.900000000000002,0.004061396204788278,-0.05064872979099788,-0.01030078757686418,-0.011333312108179254,-0.014183825450274449,0.012068274944546587,-0.031170421420774648,-0.07522096843169966,9.760919521482549,4516.469353926112,4528.692516197781,4451.91228260427,4490.903967410144,0
7,20.0,-0.007067160273735227,-0.0591260011113816,-0.011970573304069894,0.002959912190800554,0.010376690905619814,0.006172642050533626,-0.08809494099975557,0.2012030027571847,9.97582535432432,4516.581592339496,4530.144937710328,4507.338275154314,4538.589026565659,0
7,20.1,0.0028435975142882147,8.737301370919981e-05,0.0635228478791204,0.03152715092581847,0.030240972305786144,0.04742780786079964,0.051661185857679974,0.06960424110964862,10.00712418266732,4538.961958182397,4492.9024774798845,4539.541838695121,4510.2898534221395,0
7,20.200000000000003,0.032546581124997497,0.06909746607669974,0.07470622500906786,0.018319911263056807,-0.007788370665648425,0.11986492349997444,0.0695686711076125,0.012606571784049765,10.03021487737862,4577.634914932815,4464.932264945342,4475.888021312301,4580.559159265076,0
7,20.3,0.021334742115218713,0.009543483931578394,-0.011538574166216509,0.024168720019428797,0.052224946176205746,-0.053215083258667646,-0.009687672718933386,-0.03507271285678659,9.956572995363857,4536.671803129518,4548.6279835599935,4523.001548478608,4575.579983737309,0
7,20.400000000000002,-0.02873764916037065,-0.04172702762163521,0.1469344293316209,0.002456646391926734,-0.02751880646830562,-0.025285037730995944,0.02556586540972739,-0.06462482379073552,9.607067862581083,4493.7711259042235,4468.063997389148,4519.053931169407,4441.685854593215,0
7,20.5,0.004521246398271119,0.02597549440541513,-0.00905412397483763,0.02186445794141746,-0.027411224684082712,-0.05608716011008916,-0.03300346462508895,0.07127245694093065,9.853701517209224,4564.300979482273,4475.8264230907835,4458.15033304258,4553.672669487992,0
7,20.6,-0.07154292919661914,0.034153135569952246,-0.09786700420219693,-0.04138636701695372,-0.007495675876264639,0.0719599969981728,-0.12217710884730737,0.0576094728144831,9.962572712237291,4461.849295754421,4493.167161338629,4547.312244669815,4519.517778598913,0
7,20.700000000000003,-0.013074623228801022,0.020764774062695977,-0.06852633084704479,0.0222739135677005,0.022265201292042788,0.009672473206884375,0.023070615645769357,-0.09987968750056726,9.539592714586435,4488.7018576817545,4497.377948709264,4531.8788249216395,4527.6728325185495,0
7,20.8,0.009241644417954642,0.05952694921863935,-0.09434861788144033,0.021546737745567396,-0.01580857428698935,0.0991755624051394,-0.0013346464769981238,-0.19982866765377374,9.95603143280629,4524.286372785024,4486.302598365342,4488.86221264818,4495.213641603462,0
7,20.900000000000002,-0.09625759063131357,-0.11823640865475718,0.13016256381303892,-0.016481353348211537,0.037105282191527277,0.10963214409111313,0.1567195314269739,-0.06502989524671549,9.488319762613884,4467.393530802169,4486.606358185412,4428.803108014481,4485.737229326275,0
7,21.0,-0.010083901375555537,-0.06472104857933474,-0.10404850982458325,-0.004411970423616036,0.007125730966206028,-0.07126581344001955,0.029225260957626932,0.013684600798785524,9.819377171803678,4480.439576284302,4459.998612118939,4550.893559397022,4518.909177493722,0
7,21.1,0.050286582653036906,-0.004181484241946114,-0.016402544226013786,0.009813193614507752,-0.03669376700904491,-0.08917147754825157,-0.0797774878028373,-0.045456642254176234,9.634060864105969,4509.984213757522,4502.443417033885,4541.785940692541,4574.212774713377,0
7,21.200000000000003,-0.06314251200742164,0.007365260698422267,0.014552587820697422,-0.00028396139529324806,-0.021696491419310033,-0.07337579565140404,0.02404056119161192,-0.09453500733072365,9.841854394433401,4492.621506463632,4504.249737093638,4471.400985886967,4504.724077270036,0
7,21.3,-0.04404762917382952,0.008034780432845912,0.1339396122439157,0.005219677000321411,0.0064374076476611435,0.06537652139980385,-0.1403558344473263,0.17189215737230124,9.598882001477527,4526.389829921068,4522.40729961769,4472.935009154857,4530.266584103003,0
7,21.400000000000002,0.02489063832066546,0.09449893222011288,0.019337875134129316,-0.0021708666304519494,-0.010295250558364086,-0.13946842170809387,-0.03182275647511597,-0.02758983942588769,9.862411636511487,4457.306906673526,4492.829633664393,4517.287541760664,4520.265290264775,0
7,21.5,-0.09299075880686636,0.035320330432661216,-0.024657391312149182,-0.0037002175499710804,-0.04729030739711676,0.11948569300463037,0.01767988850112951,-0.15314604265227072,9.885040314983295,4510.334353225411,4536.676324587989,4490.7093369212735,4500.359882068157,0
7,21.6,-0.03214039001189539,0.029897430699636907,-0.07834903416750497,-0.017859810341604596,-0.0013559507555984118,-0.0980691017043063,0.16021312185392345,0.19272667277418754,9.719281982915637,4458.402149803285,4510.097761167061,4485.536924460932,4535.240433975841,0
7,21.700000000000003,-0.039357329776495184,0.027225661121422134,0.011399358939169315,-0.013525230212268199,0.004800996569838832,0.07028260467798796,0.008684851905539678,0.009728466512625857,9.635443314429265,4534.3261439371245,4531.336397344296,4487.683224339405,4496.27134621551,0
7,21.8,0.07071103363451635,-0.05667854105237277,0.06042883913587815,-0.011172275462622568,0.03556155753503282,0.005075738293226965,0.12603785181400426,-0.07613273484611287,9.560294263535146,4492.972216283966,4507.880503738405,4484.678049539508,4522.749222788249,0
7,21.900000000000002,-0.010497678390521466,-0.10407185808833029,0.05528119791930008,-0.017650741182943148,-0.0072319476335303695,0.12425049628314845,0.17728117241210903,-0.05754934350928114,9.925557326126368,4483.431765287321,4491.3938106330415,4481.826737553043,4448.269689588105,0
7,22.0,0.004752761186685471,0.014408269347308334,-0.06710017453111383,0.02175583422874218,-0.008721604341904391,-0.05097694598872119,0.05265031181081062,-0.15426819899725291,9.991335806340562,4487.934925278169,4529.678582291823,4538.643915774875,4519.204603270714,0
7,22.1,-0.040598664636415566,-0.06254158532422023,-0.1434072663335236,0.02205821403402622,-0.0026960022440036665,-0.0479377435624679,-0.013208215153889175,0.10806212089541681,9.96574795707191,4513.1551846712655,4519.1365817227925,4505.405170664909,4509.0633917188925,0
7,22.200000000000003,0.011051261557552351,-3.062281377685911e-06,0.07533738838312816,0.007225642124007895,-0.01761430062213916,0.042309950841812285,0.024724706637930447,0.06114134689150991,9.789158617276994,4524.352209413015,4498.157743474016,4521.716390598016,4486.305854521484,0
7,22.3,-0.019362702704947627,0.03010262616050623,-0.03317733937447442,0.044115653894963226,0.011328899735580536,0.001993878892336061,0.08199007767588493,-0.04806804099765169,9.994602963846605,4526.857056499906,4537.606021733386,4486.775714059542,4463.318002375868,0
7,22.400000000000002,-0.030507731960127422,-0.014081525798637348,0.1667211600851755,0.04390024058255498,0.006893246092879647,0.0007512486414879426,-0.03499078304742111,0.08246903502108671,10.247716278398304,4553.575526735648,4534.139298378175,4533.699075933416,4524.969296587624,0
7,22.5,-0.0023645322854267403,-0.03682741112703979,-0.002081408932794138,0.008446792042627063,-0.029072677974365902,-0.012236058349296709,-0.08259323545912736,0.10138411610681415,9.700058319568658,4509.84660995943,4478.999391211933,4547.930979778827,4448.977291903962,0
7,22.6,0.023792018842198337,-0.06386288342199663,-0.05093326504848509,0.004123734073690096,0.00510714062633675,0.01834134728763303,0.015174914097550044,-0.06418442618734425,9.777189335382237,4500.949020485367,4505.860811902767,4498.029585815791,4521.887712629534,0
7,22.700000000000003,0.00466934850754712,0.010066298381080682,-0.03826523483115173,-0.021048838532288446,0.0030805786146494104,0.09659568351703504,0.044386123073041316,-0.08174939412147918,9.97294800516372,4489.946487966181,4521.439619414408,4488.936124053115,4510.599193194821,0
7,22.8,-0.025924866831217336,-0.02465262482351672,-0.15662653670957397,0.010241496383223197,0.007403392696406742,0.0341154173008754,0.027533056113181104,-0.07622500333233033,10.003179852898716,4529.783379002768,4476.352876044883,4515.963719740499,4526.249735561039,0
7,22.900000000000002,-0.023504913667186073,-0.014801784462217608,0.0534113408211786,-0.030206595388286024,-0.02177034443068,-0.07918200062956492,-0.17963163648254954,0.10849397741874806,9.412373637161668,4510.293319902941,4524.350501842657,4491.192121367602,4479.948971258063,0
7,23.0,0.011642122536831959,9.16500297240735e-05,0.10035048624164156,-0.05257042280795915,-0.018374149522962558,0.044926150713284436,0.005044744277446014,0.07520341591968671,9.862403995247933,4495.957888102761,4490.931346707195,4569.751650476268,4546.0483882209455,0
7,23.1,0.024775254904761096,0.003923194672420734,0.05381325493534344,0.016536694357458158,0.008376533714090185,-0.06011040987092466,0.17845107677245106,0.024620822775401917,10.212786006077962,4505.61442460632,4492.630399436234,4541.524203721394,4509.035608742333,0
7,23.200000000000003,0.006671131725464477,-0.06001821028212972,0.06602178051358282,-0.009866207659118168,-0.008955824181479484,-0.03924390763241372,0.043903383469530266,-0.153537627357569,9.767830931454839,4529.408369733282,4462.629933919799,4505.186368828037,4481.058017391875,0
7,23.3,-0.020184655973281673,0.08275761301949536,-0.16504891835450086,0.015312606763432325,-0.009558565375544252,-0.04221311881165339,-0.11115623424882676,0.07538996372736358,9.771719076743198,4490.469917586161,4503.2951078761225,4494.891386227746,4439.979363607395,0
7,23.400000000000002,-0.024541209148867923,0.044772044547416213,-0.15066164641123084,-0.02179875799712709,-0.008535827907970512,-0.058049873490971356,-0.0027885482141608037,-0.10930767516787408,9.732429095238126,4498.56016405202,4519.468212486239,4537.343681582988,4492.153585384397,0
7,23.5,0.09440301206229128,-0.009195229027226198,0.08288751482565308,0.03863015469453558,0.0027861681847187038,-0.10988212972620284,0.009090385720763114,-0.061164288820491075,9.75511359460551,4559.549306474856,4463.317097303284,4509.014004669176,4473.6683615903485,0
7,23.6,-0.015382897060045725,0.03724211676022419,0.03181639434730229,-0.0045006453792317816,-0.012996006505292562,0.02528625537228914,0.17076867171533705,-0.09013519426236238,10.192332777091554,4535.984923521754,4541.080601027333,4509.252971427888,4535.133893265297,0
7,23.700000000000003,-0.05044156412253131,-0.03340219539242558,0.07658138139203924,0.005916901104476326,-0.0029675851699553835,-0.20020871124859377,-0.043547404803817115,-0.11740537802982656,9.908706862262301,4494.264944142983,4481.150983675005,4579.287314478729,4531.145234300827,0
7,23.8,0.052793607067802964,0.11011075723410864,0.08021917826831093,-0.015419080189457314,-0.01775792703383473,0.07719222070033879,-0.20593542797751768,-0.007777963100956568,9.375775124488712,4502.965305251685,4525.622107521359,4508.382466038109,4528.143280769118,0
7,23.900000000000002,0.09824134708299574,-0.0071769218631004385,0.2807650783278881,0.004253399123403092,0.018983301253807185,-0.048885017165205394,0.1619313979630682,0.10417101985426294,10.1042902605136,4501.6351326532185,4462.337473068501,4513.811923188762,4449.089405600294,0
7,24.0,-0.0168092901810976,0.00955402183161253,0.23772242925107678,0.006370972238838812,0.002790749381660785,-0.005042593922823421,-0.13420909047650176,0.008582584001300768,9.830576535227355,4470.941745136389,4464.397631567149,4485.552879516968,4501.947989357181,0
7,24.1,-0.02287770906907291,-0.05254377248257607,0.02892722520043055,0.010777336483384579,0.0024259541844447005,-0.045038617110154666,0.05948410212322583,-0.019053728972698112,9.57218325853097,4531.087330650042,4510.605240577995,4496.421290829127,4452.868433854958,0
7,24.200000000000003,-0.037243013956760586,0.10092828561914635,-0.15083420618806972,-0.005026985592833849,-0.0003267152470723955,0.025638143152924373,-0.1497170935826414,0.01741762564046003,9.472778907505665,4502.922863885865,4480.428062429713,4474.023921992466,4525.044514760028,0
7,24.3,-0.01178031216819411,0.023685540245378573,0.05068269113778173,0.025399069779102043,-0.024165154832420495,0.07352125300158054,0.0016461622438046965,-0.03781245803695937,9.580149896161943,4518.197725846286,4472.333264359983,4515.534197609314,4557.834923189014,0
7,24.400000000000002,0.048998852017966416,0.06957171625753245,-0.07190047772250317,0.0152546609226399,-0.02288429910272781,-0.01867863220596912,0.174127205621912,-0.060784220642648414,10.03227123683462,4530.469401989992,4532.242237506625,4461.989940716362,4515.756028980471,0
7,24.5,-0.00782992829584316,0.05442484287645558,-0.16550003997268453,0.007355757781312062,0.004527504056801339,-0.15920933897991482,-0.08854203560949772,-0.18301522131168513,9.664728939615419,4516.4765125399545,4505.860967269458,4505.0820024178065,4468.807556732058,0
7,24.6,0.05602252457552662,-0.0009409839180670028,0.003370381225750849,0.01880799137892261,-0.019826914953850774,0.018283821589753845,0.042346249160141985,-0.05455681502938481,9.940474676151956,4514.313695118887,4496.9646986316775,4496.035473295954,4515.706429736139,0
7,24.700000000000003,0.03942355200065952,0.0031449958703320168,0.11201894604068469,0.013170519248611665,-0.0357692789945363,-0.11239173580337139,0.11822352190216612,-0.024677313147089777,9.842835164559496,4534.178715529774,4499.807663478845,4501.11802828768,4473.938123016248,0
7,24.8,0.018499725361376024,0.029325610948341175,-0.057788183700285614,-0.018440427566117336,0.05252578510390457,-0.007432677587862637,-0.06836923396092914,0.07065864452922617,9.799841192954423,4467.427010302137,4514.491607149544,4474.406370927725,4547.293740064669,0
7,24.900000000000002,0.02472523148762012,-0.013844021226304196,0.010934701802211302,0.018065762421963866,0.0037192250712159707,0.16976875657868387,0.11358675163955245,0.04876073675611219,9.622602825298303,4495.5933568829405,4514.366249101574,4475.314157527256,4538.802806248888,0
7,25.0,-0.048707867088902033,-0.03186128490229511,-0.056229918489488155,0.01487648921266266,-0.01609872734341546,-0.1439981256335244,0.10880388357617128,-0.04443862851055618,9.596298473569613,4477.354243403924,4551.502882475531,4480.288689081813,4496.298956838693,0
7,25.1,-0.022345918114300797,-0.06163312717168783,-0.07427185622469634,-0.0260221681401299,0.019117625513614282,0.00807032516908766,0.24826777621743212,-0.07089107249905889,9.638227950770876,4546.01279305066,4531.739310962044,4511.542950653131,4466.589254547352,0
7,25.200000000000003,0.0872498133863967,-0.0036051579885173993,-0.04306751284950358,0.022859194738365597,-0.00044590242507459843,-0.09325360685055062,0.004030259949858179,-0.0781348801570764,9.208131771463366,4473.548694235496,4484.167932873965,4465.330646721209,4517.257395963421,0
7,25.3,-0.03887238786643909,0.023921310041722814,-0.12333197363683149,0.018184378421650767,-0.025529650533329833,-0.18732243275128585,0.12372625851632274,-0.08558938037311714,10.161385811639882,4516.937757036242,4523.707899551438,4531.364175013982,4503.380380387472,0
7,25.400000000000002,0.006202770891926947,0.06406700120971544,0.011135849569809807,-0.014563536935932198,0.011715171203244475,-0.16909147315079617,0.13195588015602136,0.13404391359650913,10.049633333624616,4534.793158871331,4497.474740239766,4496.79952846521,4463.110797306875,0
7,25.5,0.08740206258555239,-0.024250908651313893,0.03398853097518809,0.005080905659095563,-0.026808383632083134,-0.13957400192985644,0.0005586620867348288,-0.0453756117611509,9.792112628151333,4531.962468906097,4506.748324516111,4522.7556762229415,4513.359844865267,0
7,25.6,-0.015816709661991588,-0.05009015835965319,0.026471786811346844,0.0016778523869218256,0.018303126750094944,-0.012072005577799437,-0.029734154511552265,-0.02294993837815999,9.626254672998911,4543.407298344614,4534.1888626384725,4463.609105131259,4524.118444259177,0
7,25.700000000000003,-0.09225025319661828,0.04926446165555112,-0.06963504511076755,0.007198011153565029,-0.03859019379083344,-0.09589633853423603,0.046870296724940946,-0.07009081833827803,9.642007425925561,4541.875850923563,4566.328776338186,4528.110418104585,4467.243582847948,0
7,25.8,0.08817596664088498,-0.07807161298241912,-0.0304491454075326,0.0010955553397474643,0.03848075687677498,0.07301273100413803,-0.04637576947995198,-0.09449562707797499,10.010438530760652,4483.999231283389,4506.502202635949,4458.906705322226,4517.077735656726,0
7,25.900000000000002,0.02443475728737393,-0.062081003082908585,0.10316231128716402,0.01109491616485563,0.014800485055601956,-0.03029429542001045,0.017895641128644234,0.006337886886532449,9.780365919049155,4505.115098344975,4537.693289213891,4532.248519161118,4464.544179675934,0
7,26.0,0.049270090845346996,0.059557168637401785,-0.015117767335236627,0.010168942075955532,0.009880033346060356,-0.06799732933394409,-0.038195628752832805,0.07508102388516072,9.71083555263371,4529.264986777869,4539.149173225493,4534.310155259414,4559.394138095084,0
7,26.1,-0.004536614114555626,0.008860053698453147,0.03206630477626402,-0.0012079584998147693,0.010843579482032888,-0.13689632232095914,0.020490538869251923,-0.13774366498828958,9.617475344478486,4521.986694330897,4494.02651284653,4520.928434241474,4493.376701891966,0
7,26.200000000000003,0.05532031581955779,-0.011954035281065171,-0.19549184895631233,0.004507851640225415,-0.04337719691405102,-0.1162176722025926,-0.08829465289985701,-0.10077094777701874,9.700989839116744,4468.737965294067,4457.821420092429,4546.255072345223,4479.655663608243,0
7,26.3,-0.11153838265736989,-0.018045918650462858,-0.11247310580275538,-0.01769935254585627,0.014206849627049704,-0.03585260950281743,-0.11525966012178852,0.04462535099572446,10.039988166121818,4516.106164879196,4426.393332850487,4466.550314928089,4501.423455919086,0
7,26.400000000000002,-0.012214970263200765,-0.016363757696959826,-0.0982756692840834,-0.028111681661548794,0.040155634356260406,0.00216887625111295,0.06421217888674179,0.0006251173583808996,9.819269739727599,4498.136898005721,4466.386624227767,4454.565316258972,4511.586761212349,0
7,26.5,0.009392120363558326,0.046914044922985364,0.07353608266420265,-0.016170243854993417,0.022651826178437435,0.06120217561236139,0.06908415698573352,0.22493267919788085,10.218791752501637,4520.697412996647,4516.955916175126,4532.449655453091,4482.481386909889,0
7,26.6,-0.02849146287955251,0.03367107035459566,-0.08564760891275724,0.011855389710465103,0.0031366433307237996,-0.0684952083673695,0.002586651028829931,0.13050815921384162,9.826474090130768,4502.5964294285395,4509.869558367138,4513.775655686748,4490.074786017564,0
7,26.700000000000003,0.017513052398352394,-0.05245351797953666,-0.07990710568338881,-0.013422982161512458,0.009395253792682164,0.012818626204502167,-0.013435957724395306,0.06907699895852869,9.885772416548468,4491.300696600514,4468.943074715406,4475.408735963198,4455.995716038214,0
7,26.8,0.0070284775075412885,-0.043106939122683596,-0.04953229819838707,-0.002551813612577278,0.02087990382661371,0.07430324786534556,-0.005470847125397435,0.12655034894002992,9.407530298135828,4556.316616492995,4520.774991429137,4503.084098550597,4473.259209577438,0
7,26.900000000000002,-0.021903368306523216,0.030467544778902064,0.06320793835314138,0.013367867411815738,-0.014569934687329209,-0.07438781704121677,0.019520524435250645,0.07698539577714733,9.810636969900973,4544.444527406555,4500.994123865703,4499.97874068501,4520.11679973578,0
7,27.0,0.06096150687960194,-0.06746276299022724,-0.11180117080355984,-0.006265228754880765,0.06317883569177327,-0.020917485003274554,-0.012178294301056878,0.06183519298079181,10.005385780562696,4505.0935534936425,4534.930424851208,4464.180864509222,4477.017347257718,0
7,27.1,0.05812434752898197,0.0005471557391737092,-0.12624506050086648,-0.02645075863234415,-0.016218816106894095,0.00017004337263330262,0.046737956972678865,-0.03290599999441394,9.886999837847904,4486.888005399192,4536.717606048507,4576.55520283717,4488.221618037467,0
7,27.200000000000003,0.023996640539947284,0.019920541207505617,0.013869542625992546,0.013065018906825827,0.009576423779596542,-0.03768428563079157,0.13165457726226878,0.02016662474867759,9.733039916033928,4573.296075715422,4496.513598685332,4507.648315242713,4505.26321033741,0
7,27.3,-0.006494730547560407,0.022433235252200773,-0.0844999909091625,0.01193086773046115,-0.0351670805678486,-0.10384558010057032,0.18257245471685155,-0.12561800267217865,9.418008229592628,4463.057514928014,4552.201718075902,4446.244147791818,4471.325574522253,0
7,27.400000000000002,-0.07290962421584934,-0.013706459854500426,-0.043602089818073654,-0.00961513013454067,0.03712267598810273,-0.09592602541100385,-0.01021877797171109,0.033860124632073434,9.613958147585572,4514.597699437398,4488.005685163401,4511.229271985696,4496.76002245423,0
7,27.5,-0.10252656127831522,0.06530493563828707,0.20704583153540718,-0.00353508363869627,-0.017959041037332084,0.12048101769405506,0.18903829028674712,-0.01687954115899974,9.766263876955897,4497.602667069855,4449.763533322641,4491.266223639203,4551.448256626477,0
7,27.6,-0.008434433038528017,-0.05200172639361026,0.04966856193044802,-0.013343975969882245,-0.0013290424733585387,-0.10150790244378234,-0.10366241611867318,0.07376592548635928,9.833173355880218,4476.7182783947155,4503.586053909147,4481.785598738183,4476.487194918895,0
7,27.700000000000003,0.058201719862415305,0.039143877659438595,-0.0021272849631094773,0.0028867467449940672,-0.0001679603466868672,0.038960740733883115,-0.07995016584556944,0.08625047333686432,9.880713167578163,4492.1083098633135,4485.366659054744,4525.233928253005,4495.485410515496,0
7,27.8,-0.03494465479149187,-0.019228488348716183,0.076920464888916,-0.032211064024920806,-0.0071081781116094514,0.08564661357406111,-0.01682167721032581,0.02728167322778412,10.027353792907439,4526.769889601915,4486.798236808802,4496.088193433885,4527.14291705187,0
7,27.900000000000002,0.04697347436419494,-0.0044025062657470585,-0.005354565229242677,0.005353673890677027,0.027338013800345857,0.08540528965263651,0.06933867037990184,-0.10786692760638916,9.75503331869035,4493.331399789303,4542.554550978104,4492.834068264611,4537.603284692328,0
7,28.0,-0.028534933526554215,-0.024544197883037945,0.04814541058131409,0.03136293411143514,-0.004235542585357544,-0.20502142894889586,-0.1564183402338887,0.029796155616445642,9.515040794643648,4474.033115208108,4500.370258519148,4426.518982627606,4488.608226320236,0
7,28.1,-0.05824042789301346,-0.07495898589503752,-0.08021844392180603,-0.021384178501388625,0.009389604359846057,0.0957221429346307,-0.03644268516110629,-0.059612577904683606,9.72715899976842,4466.754386761846,4461.337743131409,4450.6333664132,4460.1143712504545,0
7,28.200000000000003,0.08159955035563146,-0.034521051768172904,-0.2941628471763763,-0.011741138769620137,-0.03180829073521643,0.004758795199773034,-0.00483536552370048,0.005588563769205454,9.801854784250963,4488.818690861408,4456.3231163538,4497.7603778408575,4530.5677376740705,0
7,28.3,0.09068365418976021,-0.011899566365300318,-0.012960994528368533,0.010008543581777867,0.02986483118944209,-0.03890372884036378,0.06926513169503377,-0.08228192655243886,9.8759697980531,4529.118125298551,4461.2741818035665,4484.245658339453,4528.64349290085,0
7,28.400000000000002,0.03080806152573974,0.051797307015742755,0.08484396464540668,-0.006822070558334113,0.04398380296789382,0.010952799260271578,-0.3055708949144201,-0.02823463723772995,9.716165748600135,4523.857475021018,4486.464440544056,4532.969099874575,4516.742981172201,0
7,28.5,-0.05000452307350302,-0.007018666780571246,-0.07755334442754007,0.0036951729370733937,-0.01562981734470242,0.0059548184407249485,-0.02723057509904113,-0.015222325467982393,10.220188075959621,4489.185443198784,4441.967007371484,4530.47478434203,4530.238677054061,0
7,28.6,-0.0989470086898413,-0.035044981060403366,0.043581055684652314,0.010484065224341334,-9.447526905441043e-05,0.0014260303146627579,-0.09385878730831845,-0.2399848713455687,10.219901463636708,4470.939981668798,4505.295170701935,4495.2345601302195,4526.9159265682065,0
7,28.700000000000003,0.005744860674107925,0.007672047654599995,-0.26343182480089294,-0.016666781450845065,0.014892660931979945,0.05237345800575434,-0.09516528236172117,-0.1578028582721122,9.835315861344586,4412.796778536125,4465.539772429867,4552.804832254659,4543.352019866213,0
7,28.8,0.024362467938257262,0.015366815724062819,-0.1950170784524399,-0.01481334473298233,-0.005903371959315523,-0.05755309996009511,-0.03502433349078644,0.12992244243462944,9.701635387745736,4489.771824583297,4522.185938600513,4457.415728441916,4474.793862634835,0
7,28.900000000000002,-0.036886129387842144,0.0027796073275873725,-0.03449620674936655,-0.006266818186942679,-0.0132970797420499,-0.08566642081718039,0.06091429242105775,-0.033780411896225444,9.933803796029474,4466.651180085566,4480.042735267511,4493.364509164597,4496.163988895513,0
7,29.0,0.0377184362966105,-0.021525464479617926,0.07467422428108754,0.007498880171193893,-0.0021370522016589824,-0.07610390371972157,0.075687526546332,-0.09263374673136507,9.805743923968544,4498.381786711918,4493.7871457214815,4488.32040831044,4475.3376991511495,0
7,29.1,-0.08084682186850392,0.0701902366420176,-0.04917234642572493,-0.0025622419023493877,-0.002684547678678812,0.08764834697829986,0.193319422151764,0.015984741958868665,9.778599466308616,4466.296289785218,4456.692346517617,4446.780752110677,4476.124651214296,0
7,29.200000000000003,-0.10454273986565575,0.0539414976870056,0.042309624399342466,-0.005032810293695605,0.022187679615215804,-0.085692486192262,-0.08199810553645548,-0.1933793280301745,9.964870739004043,4475.689761410722,4500.470868398274,4530.07729201724,4541.125522664983,0
7,29.3,-0.0014573175745285214,0.019211871813567823,-0.09038502460436608,0.033667466860150666,-0.003323011205987323,0.006422796149449624,-0.0406853072263226,0.11992489984137565,9.849918784616639,4522.828037322409,4510.618744199366,4493.38771850352,4527.884056838988,0
7,29.400000000000002,0.017265809728769056,-0.04804895304236169,-0.09892113838093804,0.0029765345806326833,0.01814915804775255,0.1311536438805123,-0.1777213457580803,0.0025659849098721007,9.907929532435,4508.8700740498425,4530.279813151012,4519.666019294745,4470.43499449259,0
7,29.5,-0.05073958443453656,0.015622742807586215,0.09905054244225252,0.00286835105905391,-0.03155866139136557,-0.08377371322530182,0.06915158558653307,-0.03486450909171325,9.833591460640658,4531.962541174553,4463.933728571401,4487.572720322942,4484.313815598782,0
7,29.6,0.017770126826393336,0.038644408913599604,-0.14802674568987817,-0.00011072718332538844,0.017386582080924234,-0.14838291611686683,-0.0064392441439607056,-0.1215784440783228,9.681686619290094,4424.848962315555,4541.7820235626505,4489.325126177894,4475.784244078923,0
7,29.700000000000003,0.01641335227285751,-0.05211551163436247,-0.11372445288812941,0.030206583396274547,0.03617326056653598,-0.047365093782598566,0.10673547099161794,0.03560404439880864,9.52723374165793,4472.156043184506,4546.532993975908,4457.196149015274,4568.429980142246,0
7,29.8,-0.02856810879558896,0.07904074531466167,-0.030556379464283707,0.015998071830023025,0.02790066280241378,0.11119630541448076,-0.05843655307929703,-0.08573880998991262,9.793757598049773,4460.98561136898,4507.177925268316,4475.376100431675,4532.481293206288,0
7,29.900000000000002,-0.02850562081090692,-0.08711294847400103,0.1400914776169296,0.00366736006663727,0.0005826978084014667,0.08755158279569676,0.0871576502298157,-0.07618535440104256,9.720043678794768,4466.6113424982195,4456.066438346255,4517.357776047462,4511.76552930125,0
8,0.0,0.038041460576125834,0.06408027207479713,0.07744747949256725,0.017269189526105164,-0.041559225163442744,-0.02455881935399952,0.09645764946699871,-0.11682087362052165,9.828334276567553,4515.583933218405,4513.285604815154,4511.063889238749,4517.967381571368,0
8,0.1,0.009037194746410961,-0.07314641036955066,0.05069555354034934,0.005694931211074881,-0.02899496901710907,0.11037881688692566,0.053383769974804034,-0.13803483209774586,9.64655496720557,4483.078438747614,4483.057096835981,4508.791505664553,4470.709447468252,0
8,0.2,0.05640683735609673,0.052290172568399566,0.06193173095995896,0.0008848355078770178,0.018748950303030747,-0.02207581782432073,-0.07244888613832093,0.11901096456197409,9.873508551403802,4479.478270782558,4487.467728988752,4477.907160487042,4560.665245764858,0
8,0.30000000000000004,0.00020492187252622678,0.007888565562683433,0.07212190478619405,-0.024307219652140114,0.021930945325724465,-0.04862769046302824,0.1830016286115149,-0.03126587300145932,10.017528002952638,4425.096056486427,4464.746007717421,4491.191785230071,4439.076510056253,0
8,0.4,0.03004422244207021,0.015647906271812447,-0.09908276498598773,-0.0003191725972899722,0.0161295445984625,-0.1682439613495979,-0.12734890162346568,-0.033508829922334435,9.814744725326495,4498.241657351954,4526.6788435630715,4514.316337369662,4520.899045217132,0
8,0.5,-0.06949378664021826,0.007241192739969009,-0.030714250923794352,0.02924143763337535,0.0034879127475579952,-0.053524314777282325,0.085250127595504,0.05632977958646477,9.645679665471905,4489.545308916925,4490.05660621175,4536.823832768386,4506.097256216353,0
8,0.6000000000000001,0.03633912392800859,-0.024663586056504143,0.03348002911394412,0.02606721805859315,-0.007221535305012951,0.009212384307022096,-0.13633062562376072,-0.07655580899100277,9.743111421600435,4468.174820731449,4539.659210325655,4474.8597893927545,4523.603957763517,0
8,0.7000000000000001,0.009341811876573836,0.0015425974255231496,0.14861636449651577,-0.04521200593855159,-0.0039240979364620985,-0.08643042692523537,-0.19614204091330378,-0.11947317337576915,9.813447507000614,4478.2395861238065,4526.8984076947545,4493.58462456176,4490.2578493583715,0
8,0.8,-0.016014047525304633,-0.00492472030647695,-0.041847853494275306,-0.017025073951283262,0.01978369767952072,-0.04992760403111567,-0.0383526616346186,0.042940508009031084,9.87374824923145,4473.196858129619,4522.6494583233225,4516.130110195152,4505.339245025618,0
8,0.9,-0.021565842529074595,-0.02033653452607043,-0.020179710300160927,-0.024636638822555318,-0.0007853689719391269,0.07136816323575992,0.08763711898340236,-0.038085177127645295,10.022816654545109,4557.1771366358835,4490.513773942115,4520.745441192965,4432.115701119276,0
8,1.0,-0.06290733640909955,0.004556051466676001,-0.10067330625183882,0.04078404089444897,0.011957593745931066,0.07726653174865043,-0.0029026406160587103,-0.10032080198636523,9.706237943565025,4507.631414388791,4480.86253984773,4520.135759751816,4521.342449076139,0
8,1.1,0.00024906519697941615,-0.09128175435084998,0.17147849336659593,-0.004253457133790354,0.05418553296942072,0.0522028557081756,-0.020995507673205696,0.04478218764980041,9.406142896584278,4530.784272097079,4577.008237125884,4437.322995784699,4491.377729705228,0
8,1.2000000000000002,-0.005266906139576314,0.0437614314581532,0.21059756741655367,0.007657642451911294,0.042835836484310545,0.013634598150772987,0.04514238187962298,0.03282355661602549,10.054059956601018,4487.330368256694,4524.548602762845,4463.076101812308,4491.4648768604575,0
8,1.3,-0.03183718114694042,0.0043980779308971105,-0.031607974940378175,0.0226426738491395,-0.01757336190343285,-0.138505274864881,-0.13572838197115575,0.09941680463013193,9.616088531336755,4511.935332465621,4491.156374902557,4524.727321642597,4493.077028846502,0
8,1.4000000000000001,0.1382174258058568,0.09490585079092524,-0.03152101804056925,-0.009042691781899722,0.06264652301616923,-0.08630807690628718,-0.005502354791834902,0.0022448919705427505,9.809532420437085,4447.838648384084,4514.898072290278,4470.88949725823,4543.079673725072,0
8,1.5,-0.07279825212173109,0.002973296368773812,-0.22161206469518882,-0.043087674126814475,-0.016787039165852655,-0.05585680658696226,0.1465726412989435,-0.004059183626189825,10.06848138018231,4488.606402159699,4518.18255548641,4478.235740492433,4476.195807927042,0
8,1.6,-0.09104250694589473,0.016787699692563735,0.026208341470014964,0.015546257745717044,0.004298365742827907,0.1620956781755174,0.017602763667750973,0.09918267143381207,9.74517818340018,4472.7458989709585,4521.530855105599,4497.32556036539,4524.961291377888,0
8,1.7000000000000002,0.017646827092234044,-0.03965066633950781,0.10743378776770285,-0.017423799075693355,0.012506525265910094,0.10252888892206824,-0.038459483841515776,0.1155994453672315,9.88952336681064,4525.558313351888,4474.8973292669225,4506.429006961613,4457.757560699265,0
8,1.8,0.08556502576552319,-0.10069991607922535,-0.035475181962885,-0.018634171883992443,0.013494008304044756,0.1539156756743935,0.06549150986875256,0.2961283696951351,9.534411964688232,4460.964476024143,4473.206573051538,4503.637340858877,4469.192328741503,0
8,1.9000000000000001,-0.037583137715251284,0.0310241761963644,-0.12391718831138179,-0.022663920259402035,-0.007970775059801441,-0.02435544566714569,0.10100157172213159,-0.09006397479781206,9.66594400317582,4517.450103488371,4524.041829713501,4542.861734013798,4514.073610645943,0
8,2.0,0.006518202998091332,0.028751920337307713,-0.026741280588854756,-0.005495351887509574,-0.03548220624557507,0.07147327653514672,0.021145894505174703,0.07770392663683057,9.246837901104541,4498.5869487631935,4474.323554808671,4545.040875144607,4518.4265074645145,0
8,2.1,0.01171177054052801,-0.02159664846705122,0.03972083101316467,-0.01856371258756209,-0.001994506953715315,-0.04626907095899361,0.22664896549816915,0.14699477561908403,10.022609496796566,4455.290669335375,4525.924713368521,4505.630000254258,4536.703804185484,0
8,2.2,0.016119754756346975,-0.0003358833019151808,0.02337842963365588,-0.036112665832450895,-0.01534806544335595,0.029866843096261763,0.11393883584065825,-0.05504931163121183,9.801838624027214,4451.970226659739,4543.7793244006125,4533.412251966994,4519.563078557016,0
8,2.3000000000000003,0.020340309381544526,0.07762745325733987,-0.08050109913147172,-0.018263231126533174,0.021230395725128578,0.07954507053664997,-0.11934955860891522,-0.05313598815768662,10.147818626215479,4512.350019846477,4523.6148455405455,4465.228603724119,4519.699335736115,0
8,2.4000000000000004,-0.07097707728854401,-0.09899106828003426,0.0726823960180868,0.02868890339268978,-0.0050757215149833555,-0.043724054548356664,0.17108486562463707,-0.019478336911460777,9.796846255288548,4550.81871679321,4489.392455609153,4480.379171719654,4524.465246724113,0
8,2.5,-0.035592807718955795,-0.0072300769061091055,-0.13191586017121992,0.0037079417675302583,0.0013619497440618578,0.07744162197785151,0.08572565366617309,0.0551518008469582,9.888851138556204,4497.8023765874295,4518.2866790698745,4466.6300347899305,4429.531017844371,0
8,2.6,0.05809588356064467,0.03370802311239568,-0.012698643427991478,0.021491172168919725,-0.014629948338930545,-0.05643940256665204,-0.08441377236941675,0.05676219751158848,9.49340838455705,4476.991151796538,4508.691450697084,4463.875467722321,4480.190687830164,0
8,2.7,-0.11057837885572819,0.03029033247007687,-0.06878351933422787,-0.021985625002823084,-0.025900454519171504,-0.033457080976407975,-0.15801555868914396,0.1942379677148668,9.333051076566203,4486.481425506406,4503.207207878738,4476.738629875903,4506.363952118793,0
8,2.8000000000000003,-0.03998007874730807,0.07650472318365746,-0.11188770141097769,-0.047024478826966386,-0.025969997009066433,0.030919581985096988,-0.011792437954886444,0.07521329079821168,9.910348923342195,4480.911589508244,4485.327495186134,4488.4401367304035,4556.5303825048995,0
8,2.9000000000000004,0.03454111573436848,0.09458434495892527,0.0840779372341814,-0.0012716678984310277,-0.020387229739713297,0.016121573691899503,-0.0060869172216230436,-0.00936472853382139,9.768180184620151,4438.426118772713,4537.825194496039,4498.486395323481,4457.572406519141,0
8,3.0,0.02408813545368226,-0.04279180843032641,0.05621406229707829,0.01763312921024921,0.020392729813386357,-0.012873338132385635,-0.04137777280185172,-0.06255383602646701,9.665488782307902,4499.483098073672,4493.7197081282475,4475.240885525335,4465.686457385913,0
8,3.1,-0.005437804612929125,-0.021709880897191534,-0.11413669732818657,0.01661142026842815,0.03544185501650497,0.07700705711873797,-0.07201880116760442,-0.005022968458993645,10.118085790337492,4464.789010716675,4523.477853800557,4456.55750375568,4550.52112882294,0
8,3.2,-0.021515726237549493,0.11145218622619064,0.172806379864183,-0.0021286101916277575,-0.014388107462208213,0.015582037751273106,-0.01801589666465638,-0.04015669635855928,9.47837734908434,4484.563392490362,4466.685626347313,4516.549431192757,4529.732139497923,0
8,3.3000000000000003,0.03703420019617984,0.017118754481375367,-0.08529070671409017,0.0041080154520382025,0.015855302872887517,-0.04689884595197841,0.011898642139500627,-0.014546158926992318,10.142473333922098,4525.546444057935,4518.274788352452,4448.499187981037,4505.185119803027,0
8,3.4000000000000004,-0.007750671446228504,-0.008182855528493642,-0.15634134727416404,-0.021755372445951392,-0.0013603497581156532,0.0891484622552369,-0.05905245698394233,-0.03999387271042674,10.166218399057243,4491.095328324965,4496.136314284393,4496.542656538448,4459.634845607865,0
8,3.5,0.028589906170755748,-0.032643805929216944,-0.0030070617039738255,0.008887459288355949,0.038851151780707846,-0.10542160356369946,0.08649821850662238,0.0868723256173968,9.682357045444146,4517.985115441559,4549.303084538757,4477.050863723627,4507.244093914054,0
8,3.6,0.02024006819698927,0.026708942747677503,0.07692917607160128,0.0033260965650434822,0.010268723726960048,-0.07291789200989786,0.016400349363955756,-0.047634126568051424,9.564034218969184,4484.725663516893,4508.083691765942,4513.073918291106,4461.946226372317,0
8,3.7,-0.046883835836243545,0.03623281398466106,0.05081480926158634,0.017742053240927057,0.027356608543531204,0.0430309687672479,-0.04148076271708722,0.011484945808191692,10.141979420185477,4582.933469933561,4513.892890972271,4516.066624164339,4521.771251009923,0
8,3.8000000000000003,0.0011896422909681494,0.0581926951171312,0.10080452927328509,0.00708752894297633,-0.006360398120112312,-0.12165571099017095,0.07324135476142503,0.021285831522610404,9.66244645386918,4466.102392050161,4519.842985481498,4451.962910351491,4508.989235623314,0
8,3.9000000000000004,0.04217752045844469,0.02749464432083117,-0.03907397743584404,-0.024987489689498283,0.011740384795903802,0.09604184735627364,-0.05727333547430408,0.050690820029285925,10.126303023746363,4510.165412893249,4488.093595653666,4531.225606201895,4477.873170775266,0
8,4.0,-0.06490960075265116,0.04061605955729898,-0.04061622634835633,-0.00633042028007369,-0.012538812711021427,-0.0378253916443267,0.14030334275268658,0.16624987657836673,10.168995727228923,4532.703618635325,4513.988137793197,4457.031432242006,4494.37425891299,0
8,4.1000000000000005,0.10783772443118439,-0.02178107893763271,0.15141444747722752,0.001100716380610899,-0.05356284771706293,0.051238845093517026,0.12662546961783114,-0.004899596864054442,10.056610200897083,4449.965174567487,4458.4330720830185,4506.145929242571,4514.313441834526,0
8,4.2,0.06782894342961393,0.03194622333742804,-0.11936290893650431,0.004260912441487719,0.012014548905762984,-0.14993871989577032,-0.004363346973801527,-0.033558254393822484,9.67906138525085,4514.96331155258,4465.509554203262,4512.50638536011,4516.784733876267,0
8,4.3,0.05418816551304868,-0.05617096313963024,-0.15052342183545475,0.005578072146780237,-0.0057254246773540355,0.23221202099949767,0.0458498476242932,0.005816171170418151,9.775434408864717,4463.4581446368165,4516.916446588638,4497.625649211876,4497.650589497117,0
8,4.4,0.00472216627493277,0.011060626495862279,-0.17392556459175218,0.016740460127418637,-0.01692888749631845,-0.011042575797490189,0.12859049206652892,0.1779448592270114,9.469901112274723,4500.90734483024,4508.187395554981,4454.774099214256,4524.077740932545,0
8,4.5,0.005813133870708644,0.009707979784749828,-0.0917552918341935,0.008257732867626969,0.01676447912779875,0.010183830698074695,-0.051393590096305355,-0.043606931804636435,9.854079141425194,4501.463921351419,4527.144663573582,4485.592251374275,4463.448581917775,0
8,4.6000000000000005,0.017969303866025157,-0.02387649264993517,0.0783681949036367,0.0001507726091520135,0.013096264087296448,-0.08114536373846302,0.01433862632298211,-0.06992632073839164,9.565925269384756,4474.1667636578695,4483.665687246724,4537.340835810715,4482.87178801522,0
8,4.7,-0.06357701251391117,0.0065738711248334416,0.002918066067767468,-0.009841060240203961,-0.0032244693169225314,0.07809816687972566,0.06707057653991766,0.05842302068737311,9.573264243095954,4586.5964418514595,4531.537566308227,4515.510856895726,4465.070646768084,0
8,4.800000000000001,0.04738650563670538,-0.02505642551496641,-0.019427080463596553,-0.03361558552118566,-0.024829661718810184,0.0350837199061708,0.10062346752704898,0.06849044197950352,9.940163799348591,4498.057006291208,4487.798789539013,4508.666854306962,4524.642249693008,0
8,4.9,0.0002431127466795669,0.06051260099567024,-0.021506926381600767,-0.019605578705921025,-0.00020724484082001613,0.008477782260765473,-0.008203006727640945,0.12806555608822612,9.971060396144809,4457.071770341348,4546.031010425949,4417.757488175125,4564.530731185575,0
8,5.0,-0.01436527567784382,-0.009478386832575013,-0.006001623897364004,0.007704108656803609,-5.2640253368611025e-06,-0.010671615106981381,0.13089183093561854,0.05655960797508497,9.618239229125848,4522.220217430072,4515.7232100955,4483.641788232563,4523.7641527908645,0
8,5.1000000000000005,-0.007878630061151989,-0.011083673606255033,-0.02489131174329344,-0.04856236113904799,-0.01053398665869203,0.057053859370048095,-0.0022411242903762995,-0.12851864298557497,10.002926251038408,4491.041995213698,4463.352735280154,4566.18037385013,4468.4048221653675,0
8,5.2,0.04397457556428551,-0.038465705042730225,0.013582683457382179,-0.018043619267363514,-0.024786083625473174,0.04177620357371274,0.04052905451344006,0.11446494442190645,9.803123613940828,4566.610553823794,4508.050400023111,4517.003240437117,4459.247122646783,0
8,5.300000000000001,-0.030704215756126536,0.025983985025798864,-0.008422776241358294,0.0037536627006927183,-0.01632987511428387,0.009755757877729716,0.011854589159173604,-0.1180435019885239,9.938509968936119,4448.998051592461,4505.527142417931,4552.967780814765,4520.416516134573,0
8,5.4,0.03371496230185521,-0.044871333747434246,0.17690620531528609,0.02753436189204577,-0.016871800457911344,-0.03798105934519016,0.1254656044926688,0.17961473783167578,9.557062792981943,4469.888676908263,4495.686397307335,4434.867179116724,4500.571354806283,0
8,5.5,0.05928717570149923,-0.07193185081178748,0.012710696497508726,-0.011635414099906262,0.032798918975078355,-0.04558334897064409,0.15189930877485833,-0.05974550708112273,9.964235161066826,4507.558368550881,4495.851820004571,4476.284142928381,4509.6928626395365,0
8,5.6000000000000005,-0.022026763124245598,-0.0344883112404069,0.14727227413757202,0.010950604549864544,0.012872779038144056,-0.03132788148898101,-0.018597834708330468,-0.024857666735111174,9.877447782500196,4519.254103555275,4499.092458890653,4476.22065017458,4522.817113710797,0
8,5.7,0.0016701934104168125,-0.07204181893854904,-0.21352947500796882,0.00595794350920947,-0.01658947597755408,0.03448497035171622,-0.07756183088639344,0.013318577249500724,9.734319694407581,4552.5576243082,4528.509469734559,4540.4189070056345,4500.721433073572,0
8,5.800000000000001,0.04111804695574406,0.004582503880057087,0.14695913674337263,-0.0014512413051254714,-0.027949786807215875,-0.1598897220203151,0.1668311119564515,0.047850447415085935,9.91885137000835,4544.689435268748,4450.447951688221,4489.241963543046,4492.917905111549,0
8,5.9,0.03711376166035074,-0.034632011255044136,-0.120137374351479,-0.02420697301994214,0.022988361525440405,-0.059402567504249396,-0.055201748432181154,0.06344981507279047,9.670210918353021,4448.851547317331,4452.548964788253,4498.295778098536,4514.919852910956,0
8,6.0,-0.010112262192521003,0.021522135190453453,-0.16128375260076358,-0.030906070819362166,0.04507871832588482,0.09862274177093441,0.07689718918985178,-0.06597246707344391,9.76239876185391,4499.949680485992,4539.430383411495,4512.083482993353,4515.777414038634,0
8,6.1000000000000005,-0.008382746755874991,0.03963325334200424,0.03023227474312732,0.0008804546549136058,-0.014861683443725425,-0.00908573936813059,-0.10795327037799557,-0.004013900598695468,9.82778227159298,4427.864448461811,4493.089813826985,4464.723593861862,4514.959179765501,0
8,6.2,0.03185798717754974,-0.021316990883265878,0.054902208712191584,0.01182133872670122,-0.004594316788235362,0.12274295802429264,-0.07250749370065017,0.14713657032531666,9.76496011416336,4474.700209403221,4489.453545725869,4467.01832316812,4523.536736021676,0
8,6.300000000000001,-0.08013844890376381,0.0694804276884413,-0.09358672017464603,0.01673306743691909,0.00048451722120935905,0.021665222643967693,-0.05900433712773639,0.035280800033313235,9.836994857710174,4456.26266795492,4471.124999912002,4483.772636669706,4477.350104456206,0
8,6.4,0.06264054726918257,0.0003507091923749691,-0.0778671347639882,-0.00981539648006079,-0.010089261670941334,-0.023043957760405267,-0.10753294047195996,-0.0813931110597319,9.963321382232843,4505.560293101007,4495.429873603794,4500.078684519453,4498.633177302738,0
8,6.5,-0.0104565552365822,0.025855241935373946,0.0443159985847926,-0.031435259464544306,-0.0026312437181848585,-0.12046555194726122,0.06355772034557065,0.07676665568502837,9.68784422047166,4496.4972313399585,4436.656791086332,4529.183694422761,4521.290212207542,0
8,6.6000000000000005,0.05750426308687631,0.074327207016855,-0.12241092929767752,0.017760884032768834,0.029586088888369194,-0.11956622968233889,-0.017121121184571358,-0.036340198322942434,9.981092372838301,4428.181768009677,4554.478730886965,4496.623888074162,4527.482832060515,0
8,6.7,-0.003011861884579538,0.024606252548983697,-0.232141825861615,-0.0076976474560142005,0.016955224226873573,0.023098587737095565,-0.16368410927267577,0.006142489387661308,9.6462515348277,4472.837422464797,4454.379171800499,4518.561078657214,4533.390433318069,0
8,6.800000000000001,0.10600715670814226,-0.07370241958714642,0.07673721612264757,0.016663427408418165,-0.011610093544360165,-0.07340627083274646,-0.10857423209669304,-0.05273532434602152,9.85052431917119,4540.803360315204,4533.160150140304,4451.53749167194,4476.334702541984,0
8,6.9,0.06498201871547353,-0.03655464162975341,-0.005691416341017615,-0.03410577869228171,0.02306066831025896,-0.15301985646811106,-0.16428105807866192,0.10508170608367035,10.194012335913312,4491.281667458253,4498.594115644115,4527.24838679349,4508.683434440922,0
8,7.0,-0.018660908968833212,-0.024272681069284645,-0.15667979574849836,0.004658835442404401,-0.0018383364413895216,-0.03502769432901446,-0.10018147955623886,-0.09005308532934307,9.93367538410134,4526.449909452272,4490.186515311281,4487.0256128026085,4474.3905586015735,0
8,7.1000000000000005,0.0468410021787129,0.0015497884827953476,0.03679009793272648,0.0071694026018692585,-0.006154032410678737,-0.09322880798747372,-0.09961331556859193,0.11278855326474513,9.664863137029887,4487.68913040755,4465.968283938863,4463.518004432208,4476.9250500891385,0
8,7.2,0.08442035921222295,0.032901869559621454,-0.05267888714236231,0.021657535891039907,-0.0030459774659289296,0.10834720375934706,0.22117303503962132,0.10281617392661913,9.828910191044516,4520.979296205491,4500.452136578467,4444.920049080749,4480.361237573638,0
8,7.300000000000001,-0.047579579782660864,-0.03383955209154364,0.17936714326394443,0.02244299485709317,0.008817696028832945,0.06498743603610863,-0.1892113485905856,0.07281837130895295,9.997924863240435,4432.807584369381,4522.957102613382,4457.277790719987,4440.8998393066195,0
8,7.4,0.06631591084297893,-0.05035245238061711,-0.07159467393843773,0.019792090855146906,-0.006104765445048024,-0.014413229898326585,-0.02020869064379293,0.03475987709747856,9.764733116721866,4503.423782230773,4484.8932562376185,4510.554587696381,4509.415290957137,0
8,7.5,0.09489429188420911,-0.01906254748368512,-0.01841655178049797,0.004776486518740827,0.0192887128862944,-0.0873268122541761,0.0103576521775068,-0.2507826036055067,9.755693616655522,4532.181810902981,4478.215726909581,4505.305128458559,4484.132832768492,0
8,7.6000000000000005,-0.04297010988668414,0.04857429991340508,-0.10452586898456538,0.0058593058772618625,0.006167032415323178,-0.06814396136308991,0.015568525695762853,-0.09349478374679772,9.914358374981832,4460.551628560713,4489.811834904245,4492.416850210263,4533.38866014632,0
8,7.7,0.007002153585594604,0.04775067450560297,0.055469104848987885,0.010966060017915174,-0.006638663804601357,0.08167247068199092,-0.035617040930200274,-0.17298254799301077,9.767042566306621,4513.604292139322,4451.801228438616,4473.446929238388,4463.082346794679,0
8,7.800000000000001,0.039335855235448185,0.08364313185062479,-0.02096991542132163,0.010630607261365187,0.010110387317994468,0.12430375571519692,-0.06525529039526069,-0.021987896475832432,9.74184627011519,4502.261017201208,4575.129504063504,4500.92433345592,4474.358680421788,0
8,7.9,-0.05772486134465596,0.06263225036565234,-0.08592545039780791,0.013271739183981907,-0.013593826585172561,-0.10133541892665376,0.06051996003018213,-0.06307448667635317,9.895085127847778,4514.978488225382,4516.387957350374,4491.955539481704,4520.585506695141,0
8,8.0,-0.04612731642240414,-0.12270451255320669,0.07068921731201079,0.003311810096749396,-0.012201564880279419,-0.11769222095800361,-0.2036578298835343,0.005174334820897214,10.139757193145991,4495.8432775070705,4489.159938399253,4499.2689647251245,4565.376153357263,0
8,8.1,0.03759521133265667,-0.04667876258501946,0.0028103903902103183,0.006648738223098817,-0.021126777331576897,0.06073092978740478,-0.08178087971443539,-0.15109457673400709,9.825226710767955,4497.53532421529,4499.9693429339195,4477.060661470116,4481.246621463869,0
8,8.200000000000001,0.056422333018455555,0.022054280750037417,-0.0956746076577285,-0.03901393788840215,-0.0182883280422442,0.012583925772815236,-0.06319317183544418,-0.07096502051768208,9.692167912213868,4497.818773117911,4523.538837388751,4499.987423881629,4501.858110645529,0
8,8.3,-0.011243018194141021,-0.024967841607736952,0.08942408713199297,0.014848041356883923,0.040905598353321006,0.04884514387114023,-0.04984143218074632,-0.09046513091101899,10.000589052142324,4475.550393470697,4524.292100595662,4477.2025801832215,4510.474751513619,0
8,8.4,-0.05298756074331811,0.03899426771660407,-0.12336716555092492,0.005459146590134034,-0.003956798684540236,0.008144514978100792,-0.03958038341616338,-0.04192599473709911,9.840956240801955,4469.935848657305,4469.75933815,4489.243515010848,4488.07589580843,0
8,8.5,-0.05026982319021872,0.04621073464573324,-0.033447341843160484,-0.004533244059922227,-0.02655056651939093,0.16573086836896955,0.2427067395554913,-0.07803985784043482,10.05521727623382,4497.2455984878725,4548.113087784393,4510.0869925920115,4502.992865063022,0
8,8.6,-0.12496347698092909,-0.04393029867133416,0.0020520669574942674,0.0039733250540795765,-0.024296674278747692,-0.05830172229410231,0.05534470172508195,-0.13832107297333576,9.836745944744708,4537.138605944671,4511.564088873354,4510.0646022949795,4439.395456524667,0
8,8.700000000000001,-0.041095638820894814,0.10271009167955202,-0.05991619175459322,0.025289524190941357,-0.012216817787125656,-0.022225640120757055,0.051558684535351854,0.010069301599400955,9.886302490200217,4475.44829235819,4465.911894315937,4473.423851568285,4484.030455756129,0
8,8.8,-0.011464069102870563,0.051863769031991025,0.008734145602504807,0.0096919420501717,0.0028320202516026434,-0.08923474028230208,0.0017269526005648968,0.013078211019153605,9.961984644268261,4467.942357910696,4438.7876740455495,4505.287914455115,4510.615500047651,0
8,8.9,-0.008969240315852387,0.0014010450363395536,0.08787723785828049,-0.009176111530550176,-0.005572816843171584,0.006322915569106555,-0.12198146791693427,-0.01518972250477544,9.79725133653316,4549.111266429608,4491.056530271147,4506.000337198334,4527.558528161692,0
8,9.0,-0.04187423626552141,0.0687870193438083,0.1763870232057278,-0.0005779257529735042,-0.010788521229187602,0.13016955395123106,0.07956308727681481,0.008196920466383607,10.09536876392314,4539.629765656479,4489.912291381253,4507.4618955989745,4517.303774637779,0
8,9.1,0.001436501494392565,-0.06954352954521402,-0.09382595036982465,-0.027165255709204545,0.009858486060480079,-0.09474818536989954,0.019241807081743018,0.18319038262751575,10.09555403698243,4444.877500591981,4461.63895587687,4476.704507274604,4464.929289323419,0
8,9.200000000000001,-0.08269071886608668,-0.00054201698626203,0.0705100549416564,0.019080680774457747,-0.009489523414876187,-0.021752296025247326,0.03556772451247554,-0.010848556183914913,9.97212135521916,4512.910945885035,4488.710867294579,4444.300910650397,4544.9709481644595,0
8,9.3,-0.03430411447221608,0.017877932286513017,-0.19165916687190976,-0.0002263316677160973,0.00200523921724398,0.011888165803812967,0.30137932827179964,-0.06311183737934328,9.974132845391338,4515.6969735662815,4479.6408302199725,4524.1700820954275,4495.070371892076,0
8,9.4,0.04376216087883594,0.09804813117108573,0.015079889063409983,-0.005622504581369024,0.021031123676208262,0.11173225327474733,-0.08832575393920494,-0.04529570895380753,9.945084654368253,4496.039039687558,4471.370039610397,4516.220844836862,4520.144691471203,0
8,9.5,-0.01671928779484877,0.003067438266561836,-0.057657306894611904,-0.021904748518239453,-0.00994129213256373,0.00591458801407254,-0.14750892214692965,-0.042401293125215886,9.827566026118548,4535.839797303746,4490.622229355984,4462.622929496723,4493.710199619068,0
8,9.600000000000001,-0.02832846520450451,0.027608927752868162,-0.03379053263622292,-0.054211332431585414,0.07383249002395609,0.011389063327274374,0.008919151030857912,-0.1541409971997032,9.517086146807678,4497.2415312698095,4510.085139969349,4521.063424175302,4507.123129719548,0
8,9.700000000000001,-0.05929711015840672,-0.12522333045400244,-0.010022234937820519,-0.010679493412182559,-0.025251434482245698,0.06624465792845005,-0.15755767491799885,0.06169688394565827,9.527972404996504,4504.0226605675,4528.019229660558,4489.862000531932,4550.697595035204,0
8,9.8,0.0958943162796752,0.01185875000098277,0.054138537059027304,0.021214177326330384,0.010888527449709789,0.034979457407883496,-0.05240694027760878,-0.16873561751777122,9.531980917350104,4571.471020762846,4509.67376873415,4492.62949555826,4537.8998177735375,0
8,9.9,-0.03747289864309148,0.029155413370659397,0.007719203356003807,0.009200550022072049,-0.006728197385877134,-0.07717554458323043,-0.08228710731396421,-0.07838842022602974,9.809405937535569,4453.315944585782,4462.577141549337,4504.065728925876,4496.169748667582,0
8,10.0,0.009511576712834927,-0.002252176716655442,0.25189502068882136,0.002534768679817468,-0.007581592989745516,0.008090542828920777,0.10199550425103299,-0.004962838937746496,9.94694567172725,4511.881378932067,4491.2875326947205,4503.326273966459,4547.967663425762,0
8,10.100000000000001,0.012153914751898219,-0.04930105120855352,-0.03195104271328753,-0.042284944994656105,0.0027479741350576025,0.1049649875026251,-0.1341405768133854,0.01497327345080491,10.007086361173858,4532.734158995894,4538.394035168275,4443.952385059635,4515.147928638355,0
8,10.200000000000001,-0.07527825925473026,-0.04991660682862356,0.08211222596085062,0.003160942437032339,0.014526721484787475,-0.07432932838413588,0.14736031101628766,0.06883339338410507,9.987859623858693,4467.594996716546,4535.1420372063785,4490.515152700788,4481.663211895639,0
8,10.3,0.03127317700228308,0.029160588739396948,-0.08468188477573377,0.0411260202038504,0.036287011527795496,0.04840281126494156,0.04304034227316883,0.03297862262602962,9.500000674796267,4503.384221637644,4502.986247456873,4482.719649412848,4490.719524839952,0
8,10.4,-0.11906461973577365,-0.054863646506249565,0.09218262915072899,0.03462393803278722,-0.01886761370591542,0.014627892398075111,0.1098382329397317,-0.0520215025894754,9.945249635446924,4498.986309132595,4535.71205965276,4461.526477809941,4466.862701136971,0
8,10.5,0.013976958447140557,0.00481030499502183,-0.005632389649333019,0.01151668320408966,-0.018612991291154724,-0.10955484892971429,-0.050010810802872556,-0.038827855869809885,9.753250563788418,4538.071371340617,4523.112517403976,4515.9971960746625,4506.65998783888,0
8,10.600000000000001,-0.021709422785777758,-0.04269725783917225,-0.1197157420692021,-0.013890137009413508,-0.000858439767219767,-0.09239873601461332,0.016951975773660914,-0.0194438127235645,9.73054031769136,4534.8459870363495,4426.181441333318,4488.488113641452,4429.426876631116,0
8,10.700000000000001,0.01192813364647212,0.03810907915994631,-0.13511062042138017,-0.024461151677827808,-0.033965996634209114,0.0050913594170534215,-0.03407882762040275,-0.02786547303915934,9.736405672102824,4470.792028068962,4533.956220716881,4508.170220403948,4464.460093896672,0
8,10.8,-0.03502734079162508,-0.043603438723373786,0.14059279034730618,0.014224385453657309,-0.0025297891384510563,0.13657769479630874,0.1452043595199184,-0.023071089414177,9.727886935575238,4489.12908132308,4471.417602120932,4552.019233454015,4469.807624908233,0
8,10.9,0.04341521577137199,0.034527156545441466,-0.030486597822356593,0.036200902073289014,-0.031181926421630566,-0.006375304078311228,-0.04890401649405045,0.09605931502708531,9.880713172875033,4448.181144640005,4537.184383312394,4514.563851687737,4468.935244141112,0
8,11.0,-0.01748395523931963,-0.06499424574860412,-0.017083802561648,0.0030023593471964582,-0.006692943172678972,-0.036037159989828337,-0.16127403690511788,0.03372414615032081,9.42510908062741,4500.9323855471175,4446.025325279026,4501.515146714589,4499.816429862368,0
8,11.100000000000001,0.020167248383927028,0.04311428584007965,0.1047588422250938,-0.0322008519875186,-0.0011641210626616063,0.16087527076480432,0.011910056849770721,-0.08313481403013134,9.794059774712133,4488.490021790578,4464.706255286035,4526.07312564621,4517.5305767482605,0
8,11.200000000000001,-0.0667254536056064,-0.004663729190845097,-0.05664636491821228,-0.03203185029049934,-0.028296389149519707,-0.10127678590402656,-0.005842975344279702,-0.04579530002033566,9.618162407580817,4488.243509111371,4522.426049155364,4510.700882918161,4530.056064228657,0
8,11.3,-0.011415643235962445,0.0801278595340822,0.034807988369849205,-0.009778348466827813,0.0018590361938073847,-0.09984607620718539,-0.030618513624776928,0.04299742302266078,9.93233390161972,4487.695133315064,4582.016712825679,4494.833767705341,4449.648178735705,0
8,11.4,0.0606633596004249,0.030356365192483855,0.02316888209552501,-0.00929841782183556,0.007866930320528829,0.12952129967981044,0.020163293734014598,-0.1470033586810926,9.119329183362447,4511.5367868191515,4470.422593762197,4497.008618478126,4475.727671309598,0
8,11.5,-0.044045449209829904,-0.03826370666431336,-0.0674875359916566,0.015524719769656707,0.011472875862731694,-0.09663910582489386,-0.10717347263670085,0.03791219044693725,10.020500473087106,4531.114240797424,4469.912734776593,4529.679342957007,4446.7119109704345,0
8,11.600000000000001,-0.01014422085050196,0.02435132213043264,-0.20788050130416513,0.041857138481709244,0.026533903659532315,0.05176031778884713,-0.09650282075649214,-0.006810362457713282,9.968084033952605,4466.320152990005,4494.5857730628595,4527.31151549433,4455.162149946808,0
8,11.700000000000001,0.01662123555102275,-0.08773848148105902,-0.09438467555786535,-0.010091852113521886,0.010271112254375572,-0.056063128200496304,0.0125548391329151,-0.06872281378082329,9.70387664557697,4537.519845233584,4465.493154652733,4522.774619218416,4499.9680834357505,0
8,11.8,-0.028777684445399528,-0.0608761416205059,-0.11462363070990914,-0.014772900495158931,-0.0030010881444228433,0.04828077089251211,-0.03002392599223624,-0.02333108518822189,9.79320195533554,4514.3033307431615,4519.344084575895,4458.391035732845,4491.537758707701,0
8,11.9,0.06137020086739608,-0.06580599768599772,0.007431289044895895,-0.003416880075935614,-0.01133351179873223,0.12726261208346865,0.0036835808867874535,0.15111450719443142,9.811125441048883,4513.807676679532,4482.68335473219,4483.017189741067,4512.2804259074655,0
8,12.0,0.021384872881679555,0.029899353329592728,0.037667828695457546,-0.026728418540081695,-0.016127373534248316,0.0679954308918956,-0.19584653654033377,0.029260724150560337,9.787623980186165,4525.487456024171,4512.498635582123,4480.0805916087465,4478.71949885095,0
8,12.100000000000001,-0.02613917364984596,0.02900315236853139,-0.23022136795552448,0.0031475888871412287,-0.017660691744547347,0.015266823824580555,0.0344497786503369,-0.16623265829286873,9.764626714599874,4504.667110704007,4502.6385028582545,4496.333971406521,4463.37337440558,0
8,12.200000000000001,-0.053431401532327095,-0.06890236613769252,0.05540455708397536,-0.002311416836132028,-0.0010350647858542613,-0.13643947550759153,-0.0033602797261205377,0.06336370719826828,9.441632085085145,4483.937812237651,4452.889526053656,4487.391537758103,4472.970243072872,0
8,12.3,0.01904544168208015,0.008461978171319587,0.12915044056340444,-0.0010815569860098745,0.006769756042085466,-0.044616598531878215,-0.1103064651228579,0.08347624346900867,10.058651010709417,4521.169670977148,4503.936843693886,4470.777193365442,4534.248845202808,0
8,12.4,0.028975465781850604,0.10124393046647229,-0.11544239502399066,0.017251330024947605,0.01098213009749596,-0.02736217601984448,0.1363834880203104,0.0402345148424548,9.62262139430767,4496.449829511767,4471.534235786907,4485.9445285384345,4521.114784606192,0
8,12.5,0.04946370226171082,0.011060616689468256,-0.07500748765895321,0.007632168407907141,0.01446799275915274,-0.15776893961917743,0.011647877503091722,-0.019018979839933114,10.000742251081915,4511.570674945845,4514.530551044184,4485.542671008571,4500.049551513973,0
8,12.600000000000001,0.04718424849019441,-0.0032439866485138354,0.017466955573157403,-0.03071914596884132,-0.0013708007265443131,-0.16095999744848874,-0.05161448693582567,0.006351555772689924,9.963406158896914,4470.0252016964405,4511.210524304103,4544.054802130864,4480.777684028531,0
8,12.700000000000001,-0.07735264608613288,0.014491997852854425,-0.11919970065362928,-0.016379971469470397,0.018466738834049718,0.1501519420301345,-0.10006901163414852,-0.07374197400154135,9.722026207518237,4483.5657583942375,4557.998775414361,4484.082965109366,4488.367442564216,0
8,12.8,0.08080887365874129,0.028833815576965058,0.09858992329492446,-0.01812225746044783,-0.010603593663514719,-0.08317746861431684,0.08012615460358158,0.12252432077834437,9.690045126163698,4489.072760312872,4490.38529804884,4453.583280201655,4479.78533766721,0
8,12.9,0.03866331073818005,-0.0437709252222547,0.009298186220498812,-0.026160379489283132,-0.0028800182225773557,-0.04506569236688063,-0.12216714837837672,0.07903860961551118,9.979325472240204,4470.9138386329205,4493.514496074188,4501.329560492173,4445.557146386164,0
8,13.0,-0.06985463631970161,0.06431422181833905,-0.10651268965025706,0.025163662165033917,-0.02690827348766662,0.05270622217123223,-0.031130310751033532,-0.017076626915436686,10.181187182706793,4462.37440097044,4517.843945887832,4516.604689906735,4600.637201674991,0
8,13.100000000000001,-0.053856541011594296,-0.031299239675171835,0.0815922285832554,-0.0040052771840372635,-0.009261019134634991,0.07660091906585323,-0.026656843630372063,-0.08918590703814178,9.955242030952396,4511.258640240836,4490.614602131821,4489.190954437199,4472.552801851783,0
8,13.200000000000001,0.03625484275576709,-0.018005390862718743,-0.07698459035736699,-0.025711103343837093,0.007843087158176722,-0.040686638313039786,-0.20126753139890716,-0.12032687896440464,9.763280612868204,4493.833870052485,4492.69373248888,4488.517316652973,4455.724388317908,0
8,13.3,-0.04372742620745256,0.059188849324205074,0.10362281268530658,0.011559035646881025,0.009790052080813367,0.07238047264523932,-0.11207947374921004,0.003292836675694889,9.58594656987061,4466.912565907041,4511.041948132408,4528.402513174076,4494.184525967324,0
8,13.4,0.08245002161047509,0.010589216352276831,-0.07767855324165115,-0.021734571037473442,0.020362629683694324,0.010276729259185203,0.0676047378169482,-0.26579632604532416,9.858934406869388,4484.646774345113,4458.187213922494,4498.119529711547,4532.754406009633,0
8,13.5,0.11331141432098593,0.012107620366125518,-0.07091465899615225,-0.015390051130369339,0.019262647241303985,-0.07974992953223138,0.06224273795277629,0.029368118995961763,9.846620278376577,4452.956442303576,4489.29125393321,4456.255266259272,4482.352577960497,0
8,13.600000000000001,0.04585693307602562,0.06155289516777826,0.021394864949088536,-0.011406810248679707,0.03176198664720836,-0.046687250700494405,-0.11356864918090044,0.06964829679167835,9.901546808513942,4483.722722672224,4503.006756887087,4513.264799665553,4506.110365231554,0
8,13.700000000000001,0.02294694774822903,-0.025285743077998715,0.0526245044239599,0.00035115675166563857,-0.009436210430727067,-0.01967078097866198,-0.009790183592441791,-0.1445378337061279,9.682668150686014,4501.947165467784,4459.470268938335,4481.402290145563,4571.5393493511565,0
8,13.8,-0.0564629182410597,-0.01919069563252147,-0.08337172785287311,-0.002337400079066736,-0.016298366862699597,-0.019459449863394623,-0.07185470351498931,0.10551278163698248,9.82632740754391,4469.910820291104,4525.223895714981,4471.252001519097,4453.077594332651,0
8,13.9,-0.00015212437164037126,0.09536322121699896,-0.18276641289158876,-0.02661975843138194,0.015050513263216887,-0.051385711968956825,0.061194856724654335,-0.08374889069419471,9.838392435481836,4552.334217761565,4464.162310589344,4530.712824304119,4520.391203898963,0
8,14.0,-0.07446221255494544,0.027945026187088662,0.0072806128862606114,0.0018218801982745887,0.006730351329034058,-0.028029267553264403,0.007009895894239775,0.024145242504028844,9.959211587777107,4454.185168998658,4538.726576894733,4465.3412897082235,4522.848853924392,0
8,14.100000000000001,0.003972254963638998,-0.06405781713993489,0.05281454697040044,-0.018908132783903422,0.0213759111031528,-0.056866787080099526,-0.14949860976053775,0.15338451050362953,9.846264734247383,4526.01573377284,4474.455843637399,4443.245683898754,4550.256072722634,0
8,14.200000000000001,-0.00032134060894743115,0.024567594708177327,0.06565957805982692,-0.006707821060313788,0.00452459095231033,0.12751620740043557,-0.0032441228879330265,0.09421013164195752,9.411750603993877,4533.7128189095765,4454.339871059821,4530.282264721005,4511.718936613538,0
8,14.3,-0.004796033803693911,-0.00497941106039649,-0.02527310933573347,-0.01641339038887127,-0.0041195255726009265,0.1766447262007271,0.13023067107847297,-0.0871003178522434,9.863537480465459,4502.879374897093,4495.73119670971,4469.916673300876,4513.3769395442,0
8,14.4,0.04230358149573183,-0.04169493425333901,0.19555414172892074,0.030440064984711083,0.01096331117902465,-0.09853757621350508,0.04014086259845622,0.028197800156446517,9.9126310552437,4547.713928168692,4494.720778361501,4561.434797389672,4512.195130379812,0
8,14.5,-0.014523158783063246,0.11996886033532057,0.082989190002009,-0.009094677739149456,0.001684331778928848,0.050818641748362724,-0.01508610267853418,0.013390786904495031,9.646559279267457,4449.444164075763,4503.192579682342,4504.200834666776,4515.813587746736,0
8,14.600000000000001,-0.02880948535530984,-0.06702771472703326,-0.09653244697473486,0.02111267513679649,-0.013332226244151426,-0.03536647886430095,-0.031241356383111193,-0.06192761692867904,9.671357834493433,4473.866293060985,4542.019697237046,4520.403020500288,4537.434623194507,0
8,14.700000000000001,0.0724669878230419,-0.11749398987164905,0.03434546420280766,-0.011723572677966379,0.02233619288706697,-0.05931769625940492,-0.10541497563637098,-0.14340458606531023,9.74946501780424,4527.448357875849,4507.6850165058395,4463.920552045915,4564.579772710857,0
8,14.8,0.0324769319745784,0.03887050578788432,0.12850288273476582,-0.032804311772515596,-0.01822868277175765,0.0658409085539418,-0.0810738328021477,-0.02750134722550482,9.79445186943374,4461.677838341103,4489.175484535991,4527.435096520555,4521.883616694535,0
8,14.9,0.0556507330983734,0.050493793689539816,0.04058739257025842,0.006533569966193994,0.005066615202132355,-0.05016377338031686,-0.10299447237206137,-0.06895973461199002,9.744794136688506,4480.325221657717,4512.414952154518,4506.056856481928,4509.2797049616065,0
8,15.0,0.017570403295788982,0.05978319688922665,-0.0008572892387100419,0.020167388676692228,0.010331707159583346,0.09037068293080684,0.16146298343865723,0.057664957997907024,9.830753649934401,4502.9192345233,4485.895017613145,4484.886835602719,4527.063514899346,0
8,15.100000000000001,-0.04818351462237779,0.0807386317781113,-0.015172325290401974,0.057241557862456285,-0.013862308536592345,0.020015113598426768,-0.03518492702484191,-0.07930840915432719,10.022760070175744,4466.833374168066,4479.717764790773,4517.589591267448,4522.348824328482,0
8,15.200000000000001,-0.06959427106137604,0.0290838442607687,0.012889991341633895,-0.0183544671572306,-0.015777630706711083,-0.16267611423587208,0.17174444277975778,0.1015420414977007,9.552170997964357,4523.967230183754,4482.77932968151,4527.444316090491,4485.117792925227,0
8,15.3,-0.018167704755397918,-0.014417363387883237,-0.0657355341661313,0.027985427504666083,0.017970539861629577,0.00879588306666233,0.10245681639858102,-0.16270717152454595,9.564308244289794,4514.236642870739,4522.066096674237,4508.382226387673,4443.5191597476505,0
8,15.4,-0.05311672621688739,0.02082959332520843,0.24264722892412674,0.02435825330116856,0.03154608596941545,0.02717803377522392,0.033249098078937715,-0.10334854672560762,10.000364410610324,4497.80454892377,4520.781971263911,4500.920590586428,4508.373552742522,0
8,15.5,-0.0043864058149310995,0.011231234891144649,0.10000765575452307,-0.025324590581384476,-0.0298584485263022,0.03406916621111192,0.1440574297907617,0.16927446168010818,9.565117956457986,4487.9137849379285,4455.623542366653,4483.481651208386,4533.685442851481,0
8,15.600000000000001,-0.000644589177919985,-0.018693703981189396,0.05450857564112101,-0.015901041796189425,0.03185956729763715,0.0005827977793178777,-0.040179424295989925,0.05868492347956116,9.99785723204221,4547.879257204478,4493.700932812255,4532.581695680811,4503.036348357,0
8,15.700000000000001,-0.030569001048684742,-0.03884057645021173,-0.10969834436330042,-0.01483387997778228,0.02231413243520168,0.05653676814288297,-0.12412116559419498,-0.17463909202149355,9.587541368840718,4476.697913752586,4490.90202868269,4535.185905690261,4483.56849423301,0
8,15.8,0.0840249980088637,-0.0840099946160684,-0.03486325207623062,0.015710973382728026,0.016944105047328673,-0.02685711651107143,0.1001753433784197,0.0812196442506883,9.673577068137499,4509.447854053333,4521.108398522305,4481.683956972815,4550.829763508075,0
8,15.9,-0.041768097330882145,0.007204644164725613,-0.1249777316419508,0.002067203973251205,-0.021341464321416443,-0.02353033130634101,-0.1586597561321097,0.07998134003257218,9.881256009948322,4532.622316609101,4489.565845060805,4534.01542100643,4501.178389361845,0
8,16.0,0.00565837297143684,0.10570266626759693,-0.04846759649386037,0.024549180623096998,0.009593698810952267,-0.04575239137963864,-0.13156908904634732,-0.10330850504554903,10.036134959570903,4552.031985805109,4502.743197096307,4504.316452878634,4523.293602994695,0
8,16.1,0.0036651014676592503,0.05498500189851612,0.029162225066318492,0.0027108262730488526,-0.013984256949882368,-0.0756213663578626,-0.3159088013545243,0.12341167999418717,9.780678588955535,4487.988079657926,4441.448781108437,4480.796617026829,4476.849406251513,0
8,16.2,-0.039738654361538735,0.016641807157631392,0.012224855319600353,-0.027225918672394104,-0.025956821998146654,-0.10397428418642929,0.1810526087567177,0.14927226286916298,9.63954020018008,4440.702170400128,4503.841327290375,4501.40820348713,4509.507509609652,0
8,16.3,0.03706869462386666,0.022585197669797094,-0.11164395315002534,0.0058808217432803536,0.017076471506713084,-0.057920137840269836,0.029995646875585858,-0.0552780717467808,10.209233944188247,4460.195185833989,4534.678468095858,4449.875617157242,4553.791580556498,0
8,16.400000000000002,-0.05707745337122048,0.009483577199466797,-0.16291931866968049,-0.026999622340434216,0.017954940952492438,0.08225298491755771,0.023935893236764694,0.0741081665490241,10.018975748530796,4479.4746940860205,4458.031156970495,4499.5888984139165,4482.683964423084,0
8,16.5,0.01943107401004976,0.027401430604396315,-0.06816507905692808,0.014082170859328863,0.013082767519026163,0.05786540631112157,-0.04077923770105934,0.07799221648285751,9.914000456135039,4519.205539342697,4550.333656892656,4509.833225697762,4481.791133280076,0
8,16.6,-0.055522726549973214,0.056396807999691094,0.035730767603544815,0.03340043976640449,-0.0405910438240094,0.07285336702291537,-0.02611373354206282,-0.03535209948811712,9.657038431970282,4526.9871304165545,4518.4060853184965,4465.728539248817,4504.9476431377525,0
8,16.7,0.03530571653402353,0.00890052629629534,0.11078403000269388,-0.005800770877783646,-0.04508715346208949,0.014937404861458932,0.018062576940507984,0.031118649670435428,10.031395819593541,4441.426102401201,4492.84550087002,4472.320265759953,4463.759088356445,0
8,16.8,-0.003614949978144634,0.03509110151403377,0.030094660485915928,-0.013750448449915215,-0.002909431990874365,0.07439171557036929,0.06831292450600224,-0.055277001322662944,9.686500724867205,4448.50547518203,4487.117659992529,4447.926332086845,4562.012090621583,0
8,16.900000000000002,-0.04275590784333551,0.05544904276566087,0.18181062078919907,0.004324028170559769,-0.002000285127738129,-0.1057892204844066,-0.05046001216487757,0.1603965047869026,9.880250525924454,4500.850446223765,4539.36369627527,4520.888716453672,4495.563805566607,0
8,17.0,0.010812791783679852,-0.038403251871565375,-0.056104064636358635,-0.004125972585173171,0.011149421247473793,-0.09978903781520364,0.00762403304227286,-0.03898621600630644,9.62981415630676,4488.46525351525,4430.357902108493,4477.272339779149,4467.015393537721,0
8,17.1,-0.013995802130038213,-0.11398949114819666,0.019089274350946914,0.018188465928137262,-0.0023459274445979793,0.03990334987235011,-0.0512730556401243,-0.15546211237758736,9.810338264257132,4520.411351309556,4460.268356231771,4486.043181710345,4492.586507972867,0
8,17.2,0.14257038226424726,0.011168559735994586,-0.19055735788637773,-0.0430570180368442,0.014609976605274997,0.19880255807972233,-0.0280974484600719,-0.03408195920585093,9.89615483523952,4476.051107749647,4423.67536138714,4531.117931678271,4481.6045361479455,0
8,17.3,0.052505893291068556,-0.03804933951553402,0.012177912746053824,0.017096638949773885,0.02140701902143744,0.018639093398513912,0.01832390957989997,0.06197061801791115,9.902833906878831,4461.26458397486,4461.837529370885,4436.728226909374,4522.99524002519,0
8,17.400000000000002,-0.019786488685550007,0.041009862268815096,0.040371057345449095,-0.02004853363141939,-0.0024044486706955785,-0.036385764133127364,-0.060922348026356224,0.09152873254932814,10.312148694109535,4533.486109252306,4499.191308979278,4537.785232798684,4551.387079509324,0
8,17.5,-0.06961853911551485,0.061242738068126516,0.07696820187432052,0.02376238113313,0.016265749120338013,-0.01821832060273126,0.2032870644182767,0.03395986085821489,9.72313459586115,4515.179340451211,4529.1718770518355,4502.84283227586,4511.794091505667,0
8,17.6,0.004418354105182569,-0.033003786655032175,-0.08218244586277709,-0.028056325731431745,0.030360400680934905,-0.0178733798503729,-0.34275751017552897,0.0396533079279509,9.885165420901462,4444.002969515088,4475.028113750002,4473.7113289631725,4477.731969276232,0
8,17.7,0.06063879308517851,-0.00744387740334183,-0.04272348848161511,0.02244779884441187,0.009906954903674109,-0.13927826063812393,-0.0616623639167903,0.032196208713394577,9.623221973197595,4560.886643652634,4503.386362909578,4477.3987098126745,4466.3116906999185,0
8,17.8,0.04637637940178514,-0.03239309684969784,0.037992417829170705,-0.023030387137488662,0.0014039558304900649,-0.0508708718306769,-0.03153944134750538,-0.07962808003854571,10.015125255561655,4485.26988074627,4495.696284152409,4497.145731576038,4548.368103649009,0
8,17.900000000000002,0.044515429369569974,0.039534037913897965,-0.15778866230263017,-0.013127847752050783,0.023772374316578304,-0.09367446523373199,0.008401354812172959,-0.1065261504260789,9.61701854891812,4550.423569585926,4521.578119247291,4529.494206833838,4523.512244404913,0
8,18.0,-0.006964418111475113,-0.03457983539519486,-0.04020902594174933,-0.003836529087734934,0.035525721386558344,-0.10690851448236238,-0.05536614486187944,-0.09129633663053827,10.021324639504096,4555.613647780173,4509.2635907947915,4511.730475045308,4502.739627691258,0
8,18.1,0.02187394946405625,0.03865775811788136,0.04256405128868214,0.009976686565565891,0.015508287269877501,1.3577377518995946,0.00020089301457253844,0.03052090420845176,9.89322963610386,4494.873412146481,4504.822544993915,3278.402807859577,4446.754657929068,1
8,18.2,0.049156855065282834,-0.05671858016597517,-0.016045386311376184,-0.014982592658040113,0.031740185597521585,1.4936284228393029,-0.031045646288206608,0.07478658687259825,10.241294833521637,4512.170685811742,4488.677416151045,3320.897819440641,4452.819627942553,1
8,18.3,0.002321463003219851,0.0996978827478206,0.015774739668577186,0.0021555531231529663,0.0004127308071501117,1.468361897565904,0.03144906723648705,0.07752730116603032,9.743635989501845,4425.2774478509755,4513.968525158362,3363.993782295603,4488.712157758316,1
8,18.400000000000002,-0.07355816913783018,0.033870649236623966,0.17438322641840034,0.010587471394304706,0.034494001083330214,1.5634934836500571,0.07068509856776926,-0.05180006827421124,9.867081378150644,4499.115871298467,4498.087928383001,3292.384046161468,4506.768404023756,1
8,18.5,-0.06481724920683632,0.04058591996407873,-0.08777452927801964,-0.005005424500094159,0.006611197860703299,1.425818126528359,-0.1966463062305253,-0.03830466776975072,9.52378050148326,4521.369327980114,4465.394892823736,3344.554666911275,4499.826213322944,1
8,18.6,0.0029587097297114643,-0.09903156642723321,0.01448626288505233,-0.0016035983374650645,-0.025981780698509392,1.5069814671037447,-0.03979230108074239,-0.021678781789535966,9.81517635243881,4485.856373605254,4507.393698808466,3297.403335529471,4514.1830540515975,1
8,18.7,-0.02643372969859958,-0.05324598764669797,-0.07088685284381387,0.02885313537703557,0.01911933052413493,1.5970703306079288,0.12827139581702196,-0.046631805717320236,9.869162387081692,4502.275170085439,4519.7861557677425,3291.324952643071,4502.78922471273,1
8,18.8,0.00361357388098428,0.026613119995784886,0.0655717221071599,0.001873420646804002,0.0024798156813161604,1.5180718416598964,0.16465514206230428,-0.17299977913169318,9.616064067756438,4520.2103878933785,4508.093531965173,3307.8824865045262,4520.0248649614,1
8,18.900000000000002,0.010699644656188157,-0.027964123922461184,0.06288091401082588,0.0004177432599815562,-0.00895154357779107,1.555228849966233,0.06510338582819997,0.021476649160079225,10.153423830798912,4539.804802043109,4530.055715821614,3376.9909671842624,4495.606097940068,1
8,19.0,-0.02324001646580469,0.04301815496516795,-0.025263429799428107,0.00023855431295645218,-0.0197183993150061,1.5485327566170501,-0.14710072455376097,-0.009643822115936947,9.80692885249685,4486.918834727405,4447.283557240155,3247.0610671867666,4477.614827799846,1
8,19.1,0.02695251643810321,0.014446243072097196,-0.0016435358831141415,-0.017691769720349554,0.006822644425222151,1.3560776577568865,-0.2396549482371978,-0.024307155121500473,9.700789723980595,4530.395138929423,4504.739513333185,3349.5220592999954,4483.5535479391365,1
8,19.200000000000003,0.02433861457610806,-0.012613856470781499,0.1381719724131138,-0.004081008942481595,0.0170881356029153,1.4137904828380672,-0.04152126431320446,-0.008404341192746667,10.06268350799256,4434.084391769758,4490.020666606627,3289.005596207181,4437.6907943281685,1
8,19.3,-0.023201788037340756,-0.0770333565595647,-0.23306634780373925,-0.00524625656990646,-0.005922902416077164,1.4804037133632535,0.025285824589835155,-0.0879396823213699,10.168171202689184,4499.001179756055,4538.592913891845,3249.6030227553388,4474.964110497243,1
8,19.400000000000002,0.03431574025221151,-0.01132821378389666,-0.10731793873729666,-0.03677259797288163,0.014664073444807295,1.5521281803959084,0.024332069141922808,-0.049590619078591656,9.58738199447404,4498.410553803099,4460.540441890638,3277.4524775830623,4537.837517441986,1
8,19.5,-0.09254178815657096,0.03387639134501837,0.1494195951449163,0.016325194387653067,0.007964257568529679,1.4629141723063102,-0.06458880544340127,-0.2248130866063321,9.817401336053463,4487.932786538127,4479.058967739543,3299.3975691336295,4501.87108440614,1
8,19.6,-0.031777864868352684,0.08065403917383933,0.07306027791124244,0.01792557116746557,-0.002066055672788184,1.5408988585808914,-0.08957046005985632,0.06662585402503061,9.769119478537252,4469.34049394957,4499.316999863423,3291.2383790925032,4569.6920798166275,1
8,19.700000000000003,0.021769712423995582,0.07898587337241111,0.11312871063587267,0.0007556119959499838,-0.008874384058600897,1.360781873503974,-0.08709435506647399,0.06627534577542142,9.74957392297586,4511.274609772153,4439.09174545958,3313.605445472921,4532.894446715978,1
8,19.8,-0.08878791449031267,0.018578195317839972,0.13435346536084608,0.03360173298678931,-0.010069981417159193,1.5623944275689228,0.14297898200054154,0.04013813907803787,10.067015517799362,4498.924150399851,4511.829424313124,3281.351723206134,4495.061995269787,1
8,19.900000000000002,0.02168580849381818,-0.03483096625228838,-0.022358637314075416,0.015217473618936068,0.04105115066352201,1.336044920668114,0.1976576667323617,-0.025987176442276758,10.002979973805477,4534.832780999752,4546.934903218216,3278.1611440581064,4493.241860756466,1
8,20.0,-0.00267980494764518,-0.017871692124867236,0.13187609748391393,-0.0015365540202293172,-0.03237095329616738,1.449358894214899,-0.157840002669688,-0.022833878669334087,9.944509934913588,4480.36569983089,4487.909011060962,3291.757041229854,4504.222274815057,1
8,20.1,0.025804138931776223,0.040362771396768415,0.22555169829365218,0.0024699186200014484,0.014715861079594295,1.372995460185738,-0.03791829855655339,-0.02704168934620731,9.60653702220258,4483.920218058974,4496.775458470332,3284.8600987750556,4578.055025635144,1
8,20.200000000000003,0.02561376707888649,0.10005113694296681,0.14926511788340047,-0.01278492266900772,0.0007512093483962282,1.4652140303140337,-0.01618227592863318,-0.09764336691887307,9.721692934165956,4510.785566445998,4509.993661708266,3307.602109956488,4498.209755253493,1
8,20.3,0.04303712126184702,-0.012852151303926907,0.13915523397616159,-0.03695195114035125,0.013136220479515119,1.5390696889797886,-0.06745665572515501,-0.03552310268552769,9.902958187821808,4527.4780574144625,4447.516104950067,3318.8473820296276,4486.270464433273,1
8,20.400000000000002,0.05626448871492765,-0.09196376069080886,0.24452989651212073,-0.01772279866028195,0.028599223735793555,1.4944652304213732,-0.08186667372001305,0.02651140053814113,10.015825088991274,4453.418855977658,4521.047665478611,3299.6346450402875,4517.31132247699,1
8,20.5,0.0005487678669489973,-0.0285934419377327,-0.1113123251371879,0.013452902240940506,0.013345439843976698,1.5529817798152648,0.042759631944057325,0.094469887183947,10.09121385595393,4443.707464577805,4429.746076683928,3351.5384207963893,4459.768604562444,1
8,20.6,-0.05431216433948099,-0.014380715593746216,-0.16539715787131026,-0.0076317339461527516,-0.0189621068824533,1.4813327304242394,0.02798413049071018,-0.034353822542956484,9.73119054292057,4507.739873903749,4531.328753938498,3348.08893040765,4493.443852379934,1
8,20.700000000000003,0.09124445759616184,0.043835341738062306,-0.12320084539731764,-0.0252241651122735,-0.011545757012053397,1.6155683186687781,-0.05013673155655366,-0.18923568245062733,9.764223158222459,4440.582840973188,4468.350430591894,3282.3891478112223,4504.490067327741,1
8,20.8,0.05120811633034392,0.034706797168588224,-0.11793247984474856,-0.0074342452433130484,0.0015275117740513313,1.47902343004428,-0.026929522586829437,-0.1722743324654272,9.579453169772073,4487.911804525822,4407.203229751645,3319.2193296002956,4458.819627008668,1
8,20.900000000000002,0.03434190666325689,0.0299458002235455,-0.05436930431123843,0.020010966514030754,0.014863946898498664,1.4752830823332288,-0.04217596151916984,0.10972327856643567,9.856402767881534,4531.340915051044,4428.330777769418,3302.954552910584,4452.677727390919,1
8,21.0,-0.0012894253743381576,0.035691010417294194,0.1739140145749103,-0.01876333456874372,-0.010514096106039659,1.492357367433957,-0.09745311014618906,0.09785597287892572,9.795981090926876,4503.658710701281,4518.605193803225,3297.8486545087376,4475.473826154724,1
8,21.1,-0.0031510119149233493,-0.04280906797566946,0.010798088911648625,0.019938754416035934,-0.023499565845446636,1.3774103198846326,0.00492499359196741,-0.0767799616743906,9.816349054882394,4509.612105618291,4435.689413132144,3320.695482829756,4464.909944911343,1
8,21.200000000000003,-0.0011173975282344959,-0.03296911677192151,-0.05519570147842944,0.03387915879235977,0.006385350415913221,1.5723750722362873,0.015094135420274291,0.06200135746549539,9.893475672428691,4507.633684340605,4533.21467727494,3304.695163615328,4568.554457166531,1
8,21.3,0.048026578640621896,-0.056977034886984496,-0.017654970898298233,0.007941551989813367,0.0008899367142407384,1.5549498735177734,0.07970167048338736,-0.13595869857989648,10.0662155089433,4485.095476035419,4482.122864824058,3282.026328218834,4524.257292179717,1
8,21.400000000000002,-0.013353384907389302,-0.033177582216885375,-0.042395915744353724,-0.03589383317831754,-0.016843275279029738,1.400833316107752,-0.02691693304958912,0.06641932702735924,9.920775180186645,4537.702514926397,4531.019274518899,3284.1420985524487,4500.572142022612,1
8,21.5,-0.0016278047110709294,-0.10755263413609435,-0.12172595369097444,-0.003345733543022248,-0.0034579287028161684,1.5409860043364134,0.0463641629535848,-0.17706925020997355,9.913719346891506,4505.357616193613,4518.701195449339,3332.0059676292476,4495.713510816361,1
8,21.6,0.062279411849003985,-0.044470022694652334,-0.09457381203722186,0.008575443802710823,-0.007375350906103596,1.5209306051695175,0.19929821198444916,0.03934950735039757,9.852433907772824,4473.9233886404445,4449.00060580127,3297.8236015417947,4532.006107398246,1
8,21.700000000000003,-0.0161469003530337,0.020073124960268453,0.14264972727185826,0.028030326264607202,0.008576317752035649,1.5136085182925874,-0.15186330490030758,-0.06301946441769406,9.753848838396387,4474.430051656976,4507.453597888583,3357.349445504583,4545.532847779848,1
8,21.8,0.012193993091560357,0.03897170360124143,-0.0728604315356119,0.02928178701337603,-0.03123933191890361,1.573026252886893,0.04955897101997747,-0.07558593867544244,9.768242648652413,4465.972418905319,4467.250798565933,3252.268379981282,4523.025417066021,1
8,21.900000000000002,0.06026724847133405,-0.10809039319067132,0.1838305516151506,-0.00024016473273679516,0.005797064097536762,1.3822069731531939,0.13208257501648651,0.020025009316683412,10.03776524795426,4536.625749619432,4540.046232681638,3280.5515767244337,4493.761139763204,1
8,22.0,-0.030585103736475733,0.044754823137064165,0.033288922936374074,0.02138289728026476,0.022254776061144645,1.3618192407248872,0.13507701305538725,0.09508609577657173,9.736155023362901,4510.493782995889,4496.289912852519,3318.4816703589354,4488.858108578854,1
8,22.1,0.02394636205845538,0.0033652652329676,-0.043219390349530526,0.003802724898041176,0.054129391469775155,1.4451570696139455,-0.024994359126156922,-0.06681123996330307,9.697356722894483,4524.47323060156,4521.476473789082,3299.8240949003607,4530.788897558074,1
8,22.200000000000003,0.03967216477471551,-0.00811670930131071,-0.1533864741794206,0.016595660158980053,0.0033932924200394984,1.5017778770960473,-0.04660480200097155,0.0744648949116316,9.8796992504857,4492.895158715931,4463.236363583433,3332.037873056402,4518.147156694677,1
8,22.3,0.012770144997279784,-0.1328386997556999,-0.0037894257116059885,-0.004824074069513268,-0.012369913701086812,1.5603388222851426,0.07148600341672774,0.04368247171923879,10.01757818295355,4469.331044578985,4486.390378296921,3302.2437678955744,4481.339939423163,1
8,22.400000000000002,0.03635846108517711,-0.026110042406584762,0.12983700044467547,-0.018623188035003794,0.042639672990012346,1.6623437884481937,-0.009475314631534462,0.11461704509257485,9.72991438789828,4530.398594946941,4494.720650056297,3261.4368030447454,4394.015454369633,1
8,22.5,-0.01343567230353052,0.013953125434264633,0.13303164260362166,0.0007325006430278095,0.020058202694351778,1.463684676222278,-0.03372789695314452,0.10540356825285856,9.317065103066145,4500.389514867087,4488.001159513324,3340.8183361455685,4484.1526111506055,1
8,22.6,0.02582924847850472,0.04607584846673471,-0.14925959941304104,-0.0027874061654780237,-0.008632728681718759,1.5757034597463675,0.06750818408121938,-0.02332020300591821,9.60051838991679,4531.144400880603,4497.970416702036,3251.448703029976,4454.028588030902,1
8,22.700000000000003,0.021881671503648822,-0.06379030963827594,0.18596474936036136,-0.018741405687186612,-7.21450714552323e-06,1.5127289572928244,-0.07293777392368457,-0.22398270305779688,9.848179019523245,4477.402800296933,4503.496152828493,3296.3300684328387,4507.898737442154,1
8,22.8,0.07809350603280299,-0.027309150636356125,-0.0468844654342496,-0.0333159460550778,-0.003903679021985893,1.5327895991419973,-0.048349487757102697,0.041643050040549114,9.774498294902163,4460.932012860931,4509.359552135493,3293.8250359930494,4503.682734642281,1
8,22.900000000000002,-0.02834749416052082,-0.03277012614954474,0.01574108075529652,-0.004611998240842696,0.03448556498338531,1.563898440972893,0.05450042594676882,-0.017748080150141447,9.4047953103047,4475.772152171469,4480.58119642247,3291.750468411303,4498.999215018302,1
8,23.0,0.03280374827427477,0.013657278053503256,0.11592031914699048,-0.006238039470384992,0.005143258883403234,1.527507538222304,0.024572628435858904,0.12818902479401426,9.97075486454944,4460.417903414957,4496.5700670282195,3299.5807895331063,4564.54623191085,1
8,23.1,-0.016489559062273496,-0.0491241951668091,0.04383254294766438,0.009939714392475582,-0.0014754572745938417,1.4823791197623288,0.09489039560620853,-0.08535981542598205,9.741809331426293,4484.3355041365985,4532.816837928618,3308.5648260985904,4468.050177080362,1
8,23.200000000000003,-0.04822531966313845,0.09367075618060756,0.108321774810704,0.016831005630469586,0.00024493881946684935,1.6206778592096327,-0.11034047859782586,0.07529675122044906,9.721345298694887,4492.533200410343,4521.7736779449715,3295.693274739555,4486.959004216163,1
8,23.3,-0.024757882404396272,-0.09931728727555622,0.07632036192756562,-0.020132601455975868,0.037168188113185556,1.4769909960148007,0.13094397974459576,-0.18090310326826808,9.95629660423972,4529.656671975355,4539.106909030933,3254.1588368164016,4478.9184408873925,1
8,23.400000000000002,0.02882549763780401,0.007422098942205475,0.029335964256383476,-0.007205732116186643,0.031015972301113824,1.7086772358623852,0.010397992400908915,0.04534212455052518,9.821248749124564,4538.5216019714235,4524.8734885277045,3268.0085828808947,4481.6189396851605,1
8,23.5,-0.05046483965029435,0.13474111660977553,0.06353117835820689,-0.011913724522195647,-0.013511040812496803,1.5644185018373529,0.09049201496591336,0.07981077130844104,9.724888528270057,4509.175309332425,4503.327452929001,3271.9121888268473,4472.205184713719,1
8,23.6,0.020598252227156763,0.009822554052182924,0.055335171084221146,0.015820460773874362,0.029987652449950577,1.4379276491107162,0.06302361987253823,0.07491988165286852,9.747573917494911,4503.655895507078,4491.403243299118,3363.2577115007152,4503.145580713233,1
8,23.700000000000003,0.02257525543556968,-0.01319921484586057,-0.04796345662507899,-0.026040053234033543,0.02199737249450666,1.561474999791728,-0.030109644443978498,-0.09003699030639427,9.845981705284029,4485.069095811091,4493.338722941036,3262.0932016619136,4506.512087419441,1
8,23.8,0.011850160099437472,0.05473614421198422,-0.015074156863260663,-0.006671249544076725,-0.031135217322344505,1.5880768758690103,0.08928231165569593,0.002873844140680185,9.544153789093926,4463.564189067356,4483.586822137071,3328.956771266,4508.710129057249,1
8,23.900000000000002,-0.07466785944408877,0.020210595730011046,-0.08391465791708573,-0.01044424453024291,0.019434760250434106,1.5612403267024666,0.10930998828254233,-0.002313351908421224,9.986604911573238,4482.415912087108,4492.273021961842,3290.2112032678565,4500.715950546735,1
8,24.0,-0.06432455431560392,-0.011250245156168081,0.1451657301518739,-0.02185056323622868,-0.02658642563830065,1.4001049337870217,0.2661859444074641,0.04648519808703776,9.755946923131724,4502.049612390244,4506.829181977405,3280.7865007281184,4484.483497538727,1
8,24.1,-0.007884156610101499,-0.03623775441174531,-0.039693460702118856,0.007061831546606913,-0.019943063592401993,1.7087959536758281,0.07531566108861996,-0.12700847385126518,9.314419298179878,4479.374901445866,4520.530819488217,3314.714096833503,4496.674544689542,1
8,24.200000000000003,-0.030072123057154277,-0.04520656869959651,-0.040258307110950714,-0.020247599476552046,-0.00797755512416899,1.6064760748658258,-0.07712397992493997,0.06108812830519882,9.96268476259684,4467.611960443923,4474.698843763215,3332.0683031096037,4472.227078810479,1
8,24.3,-0.002874287460540168,0.10199919110842628,0.09798322570613639,0.00170460903471132,0.016814611490625082,1.4955262331748784,0.1018231833203474,-0.20462654313464712,9.78214680072501,4437.409802802215,4504.8406556469545,3292.914663051819,4540.82189539927,1
8,24.400000000000002,0.03559136842988336,-0.02630438437700332,-0.040621625658086497,0.007613930604595611,-0.011451211851065457,1.4974101770892365,0.13166980645148693,-0.08291301835303785,9.72046512680872,4490.777029636521,4594.742202785569,3318.247279875215,4533.962050171435,1
8,24.5,0.038406285593919225,0.041769693299264964,0.04735735373322883,0.007305384001181843,-0.02901489308937073,1.5286291645074352,-0.010834359239295797,0.05454569028494952,9.79582816667191,4522.89492878184,4528.197977134475,3212.635199260627,4486.983215455021,1
8,24.6,-0.09286934529440634,0.011947227732099719,-0.03007083778540004,0.02711656941173211,0.004144893236017544,1.461157601882903,0.09385715398455846,-0.03182024578274428,9.710400488821266,4511.808762439256,4548.389141698184,3325.606557247195,4517.007928958445,1
8,24.700000000000003,0.1375474266760832,-0.03662050181797463,-0.0754717836942107,0.0029113896087948547,0.030300527682094285,1.4246651218964317,0.175457259756306,-0.14391224894083882,9.785756389855765,4505.20396997006,4473.521042510463,3281.362969052034,4523.89891438007,1
8,24.8,0.07207778712556169,-0.10573051812480108,0.018023638545931458,-0.002266178072316059,0.002147927112479008,1.474658681950704,-0.12904869695563276,0.1542296978044621,10.04186591966614,4496.880324333093,4485.3506036257995,3281.7167811298236,4422.430403255566,1
8,24.900000000000002,0.017691003730120572,0.03901617951514222,0.013790211610976858,-0.0017267286919950523,0.0026676701697316914,1.4317419215393938,-0.04995552273703314,-0.016633302823215814,9.949335314952979,4541.365751198853,4493.125564710811,3268.6564338730377,4501.069403722903,1
8,25.0,0.10057455562944606,-0.04789032175668671,0.08858407471328127,0.026719211122412108,-0.007200297196509724,1.4439420337824767,0.057495668283325266,0.0353216772804165,9.948954834264178,4562.211282944694,4505.011396601297,3264.233254531317,4501.999200065053,1
8,25.1,0.01207783971026905,0.06335843185441245,-0.019676439542770315,-0.008181356673907696,-0.027423879923331805,1.5437930233651305,0.33482071855389756,-0.022259098400393872,9.90039099090439,4483.565014400551,4461.561452400125,3313.027078176016,4500.845648503116,1
8,25.200000000000003,-0.11927770715329118,0.08050143578700596,0.04159643763371159,0.0014779110020720838,-0.008439537281846172,1.5324235288394474,0.045139595241603506,0.04013213737267121,10.023598608900699,4538.8581370150005,4560.167791908552,3274.8947345265383,4482.797354586984,1
8,25.3,0.018059108352081906,-0.03895454293688925,-0.06180150723722207,0.009504591630132597,0.018016847099597003,1.602074236222309,-0.019261441375760073,0.04631529635379707,9.858551547178754,4500.529723355399,4475.5197250437595,3271.7036673239245,4520.000243398678,1
8,25.400000000000002,-0.041640968994210104,-0.08884594124135134,-0.003176132329018785,0.029104806042994986,-0.05589700876804484,1.476933578147719,0.06752148653262328,-0.18234964332148015,9.767333416759785,4465.816282663423,4469.784656579794,3287.9274537689394,4466.305563296035,1
8,25.5,-0.060315035157590624,-0.002961587577100212,0.2227139060535686,0.015154866348957123,0.0202106553407671,1.5637809950735075,-0.06975136126792172,0.031083222911616044,10.029538852188468,4524.8501240334535,4505.836530221051,3315.601394825817,4573.886218955075,1
8,25.6,0.04197216085781729,-0.015757967859882434,-0.007403700626459677,-0.021083027931828938,0.04694071895892593,1.6283095780354835,0.008321303627211424,0.21808201187667767,9.936480008990996,4487.074607471525,4527.193576215594,3311.9593041538997,4525.135703348292,1
8,25.700000000000003,-0.06845459298281086,-0.04051570785986349,0.14884708301231753,0.033862749831281125,0.028302254539361086,1.6774917522869486,0.05773682982138633,0.05070833628304308,9.627358619755238,4482.584056774611,4440.352172330713,3290.355419628969,4438.244217335003,1
8,25.8,0.05404830854318471,0.019419943427522634,-0.202616924639609,-0.0037972738432696415,0.03935311244697,1.4899467079331405,-0.09983709436379924,-0.17855022693052408,9.458870677511223,4516.06739903568,4486.983821330257,3289.470175752017,4487.1076000966805,1
8,25.900000000000002,-0.007011997473237186,-0.0613581499351524,0.03161049936893784,-0.02845412487513389,-0.015116849160825075,1.5808662158132099,0.03762049997251888,0.06856818462013826,10.240077678563578,4498.210379690865,4500.6438078007495,3292.0703713244898,4486.697575578236,1
8,26.0,-0.050529541369689325,0.004203240559792615,0.03550486065961563,0.008215406783857923,0.0012872765373415618,1.5740936643855985,0.002943669074238712,-0.04093018882339617,9.624602363605097,4453.530743652662,4543.812455338095,3279.02836123538,4472.229985701381,1
8,26.1,-0.02087691141634865,-0.013919439326689818,0.16385124359027736,-0.006562942061823418,0.05266767130803287,1.5050957763722546,0.20570282489712574,0.08939292814307212,9.882207483968953,4547.3354439971245,4533.666893818209,3319.040372525583,4569.52782029315,1
8,26.200000000000003,-0.024919635597681147,-0.04974568379808661,-0.06762307418119538,0.035045463801671096,0.029015200421721916,1.457979048041569,-0.23546512875938663,-0.02058450363787221,9.607347138281746,4485.181920855316,4468.367728567622,3251.713857690629,4556.496131049927,1
8,26.3,-0.034183410197170916,0.07063339016295836,-0.02213709098468572,-0.022616084091048882,0.010181367798580058,1.4687154514453657,-0.02071011056632473,0.014490593433976804,9.647557432850263,4451.365909376389,4498.46191155797,3328.917531079015,4472.952262232648,1
8,26.400000000000002,0.007698113313281761,0.07527535742745985,-0.00897648872738478,0.0017218874359171792,0.0011042470720077225,1.4454124459285551,-0.09933545184333761,-0.09892623693210745,9.883636639401455,4522.736170857982,4524.152467153135,3288.6437143873363,4532.79925622792,1
8,26.5,0.015368190975521327,0.0035371110895509534,-0.33393566626035853,-0.016348192232127662,-0.030421958044745515,1.5501658805651288,0.00950333319300327,-0.1071986386385109,9.870872511693532,4457.295229013809,4468.687107051973,3278.6933600740517,4516.204089655346,1
8,26.6,0.06997208396019515,-0.029300422417196742,0.1322458641608277,0.0009480710122292047,0.004722763218504462,1.4948956353818044,-0.01973137533860654,0.0439300036738925,9.95806423723641,4473.461660890925,4494.320985912915,3350.078252916698,4505.315659629556,1
8,26.700000000000003,0.01433469272145743,0.05836342694837136,-0.05012444992846619,-0.0006792124380250369,0.016336897931971593,1.5991121785022673,-0.23651432935054137,-0.07366687908953733,9.610326938730145,4496.285246898238,4472.319816702196,3319.9231649852973,4505.172310231467,1
8,26.8,0.04445950846770823,0.047650397868678404,0.06790860184158487,-0.0067158110222004935,0.002085550775132462,1.4631300875744158,-0.1364735313969791,0.09537878470877154,9.793187074546141,4454.921641076262,4516.108487132628,3293.2815324713174,4438.205880821373,1
8,26.900000000000002,-0.06868646362323393,-0.03503055793305481,0.0210512058443886,0.01576039970101122,0.015075378613951132,1.5482290363944242,-0.003436237169197916,0.17222323105982174,9.949974248799977,4506.663161077268,4516.997643171911,3288.028949905332,4498.282691968951,1
8,27.0,-0.10409770197757809,-0.019337383123880114,0.1759888015766774,0.0029675055457419213,0.0021347955472322366,1.5798883276119424,0.03578254156223773,-0.07864838042565948,9.814731502438065,4465.943426259644,4505.508365118609,3274.867501427882,4527.848838361012,1
8,27.1,-0.02551203108856642,-0.04123519545672725,-0.01128319883114786,0.007307836382594264,-0.024146639936796836,1.4582986722141131,0.0105162305693403,0.13383685495365275,9.304256847141245,4518.454896110497,4488.493033067817,3285.16168959313,4479.566191195927,1
8,27.200000000000003,-0.01819477918171281,0.031040860045599722,-0.053678647115527514,0.033171840316272454,0.012477335685848093,1.5158377700122296,-0.01660561178166235,0.11898542038281024,10.077203937351664,4465.158535582373,4478.943056838028,3319.038906191761,4528.10042833332,1
8,27.3,-0.015017027415463423,-0.03712224298562516,0.007861262596654433,0.029533868614919686,0.0008206852010428434,1.3988847384139895,0.010958322757742063,0.07827480712298537,9.789724537730049,4537.7450043745175,4525.975471065524,3298.1472322891095,4501.294320589214,1
8,27.400000000000002,-0.09208798525916119,0.06051133624560815,-0.03295173486703109,-0.007999134785526977,-0.010997072130548343,1.5365358049992077,-0.11286930007626593,-0.09841727817125441,9.79949497966013,4481.204600052454,4510.057007201192,3282.3033216190147,4547.851087931268,1
8,27.5,0.03467287533922022,0.03404431061894743,-0.06049617538213081,0.04811359348878897,-0.008780220285486558,1.4428951778167907,0.0706742596955348,0.019522813294033117,9.646323138151764,4565.875414862658,4529.267984945785,3300.1201590380383,4572.033303932498,1
8,27.6,0.040539007214412635,-0.0005950484896446646,0.22814376451769275,0.01317969466948413,0.012304905246407394,1.4690921898271598,0.004941348569964708,-0.041069299586421505,10.097947149208292,4451.717575697476,4540.976112991945,3273.679724139062,4498.262363905094,1
8,27.700000000000003,-0.014760819391211502,-0.026007624324760344,0.06897841481354931,-0.00010378426657617911,-0.013353975202977725,1.5123196424142236,-0.06960867266665095,-0.0537775499001422,9.51054738219224,4486.490730195457,4514.826135791836,3301.1137475387413,4554.451910069194,1
8,27.8,0.13064087368606528,-0.02321091981603616,-0.08333177577042886,0.02259633092717888,0.006704164840650909,1.5908699421611978,0.039883073120450925,-0.019435784667577463,9.772262990356245,4512.983303350981,4493.6665831285545,3336.585037295936,4460.929882814964,1
8,27.900000000000002,0.06070718180305484,-0.09367003739580183,0.014510228636122209,-0.006620854612470976,-0.03032711407302362,1.335198446665701,-0.10975146701051686,0.004568432656033935,9.689563174244057,4468.7715329648645,4540.568432487672,3263.034459662143,4520.373519946484,1
8,28.0,-0.04444985041911023,-0.05614029665792807,-0.06038386269228912,0.012398320944082228,-0.027429315131961604,1.5229964208405362,-0.09607599976713865,-0.07807668702460517,9.890128317808214,4565.204484898334,4472.669490300372,3321.59641750971,4490.618628683012,1
8,28.1,-0.023737172739839833,0.0535688004875077,-0.08435228108598902,-0.023082264535895104,0.009203515904381714,1.6275827037189399,0.07499947052911517,-0.14070173807365335,9.686933391206217,4529.3879472473045,4547.433306537258,3306.8613397582326,4482.6248239767665,1
8,28.200000000000003,0.08230094196843095,-0.0037296792577584067,-0.060580857415436055,-0.01549865076350066,-0.023900366939777103,1.726686434356528,0.14209578654605898,-0.06562933160502778,10.156365185344384,4515.999065202094,4514.223240039574,3278.462489096519,4484.576184655622,1
8,28.3,-0.0021212017291620372,-0.09827744972200614,-0.048682014339906945,8.979262466853872e-05,0.026190378129344744,1.4506761963145143,0.08121381111144732,-0.20604938200711687,10.043406035094547,4472.989590986647,4503.908189072243,3312.1902935753765,4506.305386720675,1
8,28.400000000000002,-0.005338987932698261,-0.062075814268664486,-0.08895409182894928,0.019928638864432077,-0.011947549175868273,1.4917363525309206,-0.1492086257090582,0.08585733615249258,9.546103391971982,4527.478884258063,4468.118647180697,3330.4352409098333,4500.30578745919,1
8,28.5,-0.027937869822354522,0.0800200877724062,-0.006885499281823281,-0.007236245865119584,0.01818235855196019,1.3815634310784004,-0.25271656040165935,0.11579799736368766,9.642739584269593,4525.938672761595,4501.384871153341,3265.0803160761757,4518.218472590226,1
8,28.6,-0.020508509511553877,-0.05386701681532559,-0.10512963721967526,-0.034656775083434566,0.008060497643654758,1.4251679404443847,-0.0034722127704854954,-0.018172249451237295,9.621688663764067,4454.313008575836,4576.0113248739035,3298.5440242206523,4554.701488582809,1
8,28.700000000000003,0.05824683918633951,-0.01605826507452043,0.018096463733980894,0.0030383156393429633,0.0368840137786488,1.566386695331473,-0.08072727460262709,0.03516188365547248,9.970862868284051,4464.740428532848,4514.82448034416,3340.3646686861534,4474.275820451246,1
8,28.8,-0.03596592837922547,0.05802362526736698,-0.03542363129064926,-0.019640168268381976,0.017645460860681514,1.5461483389380672,0.009439390749607788,0.1124582628448704,10.049127048638912,4497.515312735317,4559.229791626581,3347.50169860281,4440.471046503281,1
8,28.900000000000002,-0.05150587117165907,-0.11276459098211195,-0.03247149947247542,-0.024224363966001267,-0.016286367974793492,1.5872454517426298,-0.17548290597350802,0.012973574103081262,9.834735288496084,4497.528321373436,4503.923360459393,3233.031548687527,4475.713364526069,1
8,29.0,0.07715004326286949,-0.059843554275484045,0.16666108135641997,-0.028136448235568125,-0.030540812648246422,1.4238576946188723,0.11290829682869186,-0.05461208297493778,9.879081397687829,4502.209107660517,4498.366134518091,3338.223542778227,4523.145538229611,1
8,29.1,-0.05714515985811881,-0.013778539179583214,0.1743439820030832,0.006391235783358711,-0.030156919281826396,1.3850368878098567,0.08901453085662238,0.07024373171760637,9.625726884972535,4522.42890536923,4547.981764101577,3343.735765189818,4548.128341104673,1
8,29.200000000000003,0.027774438753140236,-0.00888299095649439,-0.040248008046683596,-0.0003477377722568659,-0.017520466089137317,1.4712561020384776,0.12751197482976012,-0.16090710084374935,9.501866054861717,4524.915918132553,4489.494812259496,3242.23070926325,4498.159975309787,1
8,29.3,-0.010206079240680371,-0.021554223824566697,0.0685706026481484,-0.02666391137583194,0.00025970829719189456,1.483122200431005,0.0037825227911704156,-0.17321861581367204,9.705470222371998,4500.593075731117,4516.234789088937,3355.391895162375,4524.178451662171,1
8,29.400000000000002,0.023057760031670767,0.06357373961401887,-0.030382244654323404,0.031078563272697105,0.022385455801242307,1.464329776748603,0.1923955175733291,0.044693531490667855,10.248593795212349,4509.095467628499,4483.142104214681,3276.9739006993977,4489.327696358012,1
8,29.5,-0.02856474710148331,0.06356942784793469,-0.0028974244550251695,-0.032280453451248185,0.004260086317433773,1.510041043448823,-0.04686076211690107,0.02675920219842707,9.80117811337422,4519.012961021297,4517.2493681604965,3310.947085691972,4461.034322886898,1
8,29.6,0.10595083640711558,-0.07779928516661555,-0.012870917681509025,-0.021888667026976054,0.007926763233202511,1.5110724579845847,-0.01687660846202088,0.15177727839378524,10.031699183435423,4490.186539707254,4524.124039257487,3346.9404077351537,4533.040351186289,1
8,29.700000000000003,-0.0068109292733751995,-0.07951504507147583,0.03246479049198602,0.0133722067078798,-0.015392338005670428,1.5018036213646433,-0.008288780876602541,0.1387710635805243,10.180763235118018,4535.256434109021,4497.433329504716,3334.4314874084344,4519.463646174908,1
8,29.8,-0.0037449788190870256,0.10461951445016499,-0.07380184398825007,0.012078179512190852,0.016791212911078466,1.4770000928381013,0.05591381878793416,0.0945497250221145,9.858926884105584,4514.174866900284,4503.162933688471,3323.9256033458014,4493.130639924186,1
8,29.900000000000002,-0.015589889169642735,0.0010280076924575486,0.11836688741983098,-0.034947262973419685,-0.01818738633421634,1.6820616038628353,0.02751884167742996,-0.04070360469627019,9.968970367097658,4476.449189993939,4436.91633263415,3310.6439984324215,4478.076484978656,1
9,0.0,0.005069488906494986,0.016470039491923463,0.01421161695657772,-0.034179908242239654,0.0005256168517481664,0.03556815530915257,-0.1400059263224245,-0.15191735588465338,9.596195082829121,4522.402942162807,4440.050527605373,4524.893215534331,4511.761672448707,0
9,0.1,-0.01287509752659573,-0.07403148312002064,-0.07964675448912184,0.01563808104021269,0.025134504036867216,-0.0825090254113011,0.11418635102837787,0.06858752327081286,9.808632560447043,4477.864346110788,4482.5582993616,4554.687678484629,4505.353254426392,0
9,0.2,0.06649341710054543,0.012077899164407047,-0.04526979255914331,0.01168180360870272,0.04315670144159785,-0.05152933283888775,0.09138689034473524,0.019050898228762644,9.520096396725538,4455.8437847148025,4486.4404875918435,4510.424657524228,4526.351189090656,0
9,0.30000000000000004,-0.07854565269906173,0.032634876007856854,-0.011838025553020513,6.627563065096983e-05,0.011772236920656914,0.1396884256093859,0.030364180040609798,-0.13567369827090406,9.772581497414155,4525.5640206943945,4526.551301907496,4519.974731222709,4484.699065339828,0
9,0.4,-0.06839126488086471,0.02947538779119644,-0.12142368595979317,0.01386022032850367,0.013865787173892688,-0.037415434938482435,-0.011246328998415222,0.019867786711955316,9.687037065335778,4458.549598976699,4498.823421688593,4501.950978314395,4540.8314209095915,0
9,0.5,-0.039099603581392965,0.05342480868905556,-0.1147069478926436,-0.02689204399397541,-0.006017248894185501,-0.07527272084877777,-0.13586158073784438,0.19443303158147737,9.719670472728811,4569.339107602687,4470.157986033043,4448.74360300101,4538.73869156785,0
9,0.6000000000000001,-0.03633283161301245,0.00694328990994097,-0.1355633485012883,-0.000762262838600872,-0.02743252139714185,-0.005912591816877142,-0.047393253948848,0.02302677303861036,9.935138274221762,4507.2323999759765,4513.531396264864,4496.729019738014,4486.940438953031,0
9,0.7000000000000001,0.023505934139478404,-0.005572390793909237,-0.00733097821141441,0.007954899308937235,-0.020664311960450356,0.1143688875275546,-0.02493565805562629,0.012418161597007097,9.801096110413885,4519.582294617064,4510.175450129125,4498.5022815939155,4543.462623484106,0
9,0.8,-0.16016728046023432,0.062133719023347356,0.09202154051909595,-0.03671633265604892,0.01858566435434505,0.08467739564476309,0.05617634898810563,-0.1559087443681418,9.946530543512846,4530.215905680057,4482.833805156574,4513.234015679582,4489.403763134416,0
9,0.9,0.04426884952584212,-0.015675334261387168,-0.058011746284601255,-0.0007859308533943837,-0.02683304240966715,-0.011086558658588914,0.03620927373582383,0.0869959269366351,9.85979134772764,4457.021950887408,4540.568134146893,4543.0847551912275,4503.377017658124,0
9,1.0,-0.037597081057432744,-0.026580896823077273,-0.020352239771808518,0.005573369123953199,-0.0060897056301947965,-0.06867100271209407,0.10230098842164373,0.02572858880741008,9.59952559551281,4508.739313688574,4504.856124863372,4478.4584126416685,4535.85149278833,0
9,1.1,0.006744460321365785,-0.010831082104108387,-0.008348174807542144,0.00887833591709653,-0.0014436682906020838,-0.0064434938431100095,0.10659650683253792,-0.14184043274872657,9.559689372081008,4523.308900799758,4572.475493612509,4526.294863504561,4555.926263882182,0
9,1.2000000000000002,-0.0217185806857864,-0.0318540589168909,0.04565331732460514,0.019072979196540607,-0.0262310180256471,-0.017057469826386652,-0.0027017167644053444,-0.0678870215685374,9.697555634690852,4525.292079031776,4514.090534432725,4523.953542655784,4510.106240711183,0
9,1.3,-0.04366283384262691,0.021155152591958565,-0.09520929023775088,-0.006235066780686838,-0.0207249730963645,-0.04887102336566937,0.009047884735451558,-0.04574906044953215,9.633367517995104,4534.1339241474625,4496.412248478664,4484.162158607012,4467.5280266789405,0
9,1.4000000000000001,-0.09359974425715745,-0.011102350686556066,-0.13782187035199714,0.014240729187219059,0.0005898238919705761,0.12466886233105084,0.022307427323713172,-0.07266577972596498,9.433998479526311,4524.196315912252,4461.031552183938,4487.7556643193075,4550.2226473966475,0
9,1.5,0.030549167452436327,0.01949327272674703,0.09443224431201092,0.018140996378110556,0.03161892863908341,-0.04817434803750951,-0.037668415343076515,-0.09223846290616873,9.803460472723206,4496.033018124895,4447.351432879933,4480.382977287163,4543.173496025969,0
9,1.6,0.012210429744354266,0.03576993090433564,-0.012054466785068123,-0.03774187048395684,-0.0025727184365907855,0.08333572460167832,-0.11856837912439094,0.07470389267436371,9.469633666141466,4500.60573714697,4516.335553504399,4490.636624271919,4574.174146213601,0
9,1.7000000000000002,-0.024659521854430128,-0.02892081188391011,0.020449204185500447,-0.015099462716744177,-0.02882675187630623,-0.08781358199377735,0.07579867595478954,-0.030493955887535496,10.150404190100385,4486.762912647824,4521.315310641969,4515.325259383856,4486.3154757846,0
9,1.8,-0.04394044645829547,-0.08659018494629739,0.05531207796800928,0.023965194651002903,-0.03179861343508469,-0.029635594799733943,-0.06669183301927488,0.05513691503202078,9.744269462409466,4539.689417112534,4488.468204270995,4462.908496213923,4485.935840243676,0
9,1.9000000000000001,-0.01793073000793767,0.02630499727473309,-0.037351905536548435,0.00880193026800755,-0.015809685441780373,-0.02357413438357249,-0.07850342767125214,-0.08466415896761383,10.064966711456803,4478.546112856222,4489.571856535567,4531.338133798483,4522.5000418881455,0
9,2.0,0.08206036083307673,0.02414009322520891,-0.060039938968605794,0.04114289297911799,0.011641614891105365,-0.012375627104133289,0.005746554970052006,0.017928157945071476,9.762637625042135,4458.724331942485,4548.801631567398,4499.344977714757,4505.504895381079,0
9,2.1,0.10390720296972399,-0.03416426316087926,0.06554853247141043,-0.015845973671399668,0.006420423250908773,0.016120459700108645,0.07906010971403166,0.12081687176903333,9.694095781760065,4542.500245221718,4544.62442815684,4492.500438459195,4499.802522557906,0
9,2.2,-0.024717505997471953,-0.015272060692181897,-0.1203475655250068,0.015550715446583811,-0.041005877850495434,-0.055767588061014894,-0.004616205106956746,0.12997973304279395,9.70095108613962,4512.835550133077,4497.570476566493,4528.35356701417,4511.2675724687215,0
9,2.3000000000000003,0.04151046940198612,-0.0275317457577295,-0.10140248941583359,0.007342566381067254,-0.009754560380785218,0.0024259097479977327,0.03172749402640901,0.12419075306547248,9.967314128678,4479.569709816781,4465.649332867273,4551.221433142633,4452.52020984077,0
9,2.4000000000000004,-0.02262514238455255,0.03226224101610584,0.16387612469500323,-0.0037932305024839007,0.0005468598854178724,-0.07000219372779402,0.01266161121352044,-0.11501539793008796,9.65994300935627,4522.916716624154,4486.992695494142,4527.5174676615925,4495.394786200527,0
9,2.5,-0.06844200464354074,0.058418263785565056,-0.13153260850518886,-0.012035750177212296,-0.003993981638762866,0.08046628965273658,-0.05264848226902435,-0.0926717162470084,9.842534614312079,4493.5810283032015,4485.978282028826,4506.494560694636,4463.892113538206,0
9,2.6,-0.08609202704828404,0.10693650536341284,0.010418609336157738,0.0034836176392453954,-0.015639787613541553,0.07181590747952087,-0.05334852601458465,-0.27861476877805347,9.696593331898274,4491.5576076622665,4494.897491869965,4494.029650117663,4480.652561490711,0
9,2.7,-0.037076052985168396,-0.014898933339601534,-0.1645476087035915,-0.039151925876210844,0.001961109798392769,0.009178789941199248,0.08794005800539971,-0.025556531037077192,9.571274557378494,4441.810595544061,4473.294117721294,4512.675592321725,4543.2434671022675,0
9,2.8000000000000003,0.002704270638575698,-0.06067949451680559,-0.08799206025050699,-0.016974118481286354,-0.008119772031296215,0.08967163399958959,0.11989094501567817,-0.017225589477488635,9.84661402202272,4476.073263213796,4448.702746669389,4553.650150603882,4430.325388482193,0
9,2.9000000000000004,-0.09179201588322763,0.08982029275798231,0.0016615404670446772,-0.022518298141760856,0.013654072621786226,0.06184426448367823,-0.13326856451477445,-0.053284537646957446,9.985249172741145,4475.492827608885,4508.464912158415,4542.744365590988,4428.225455053766,0
9,3.0,-0.017062415966438108,0.013081799928374452,-0.17920493859434083,-0.010592227805049367,0.02088997288283627,-0.056345211899511166,-0.14843264358857589,0.1130831823162261,9.898900338706087,4497.934311254861,4497.048245186759,4530.848474133149,4508.835849750277,0
9,3.1,0.03228060731342711,-0.03462831974035426,-0.19173550088067448,0.012438274004169097,0.02201855843332364,-0.017964957413798707,0.08877565837935136,-0.03352127931769174,9.791860167736306,4552.572863651618,4491.254398388807,4489.482918223398,4443.9006143037805,0
9,3.2,0.0345036579990496,-0.03549206827271535,0.014722501101269264,-0.006300781748654362,-0.008915854309838855,-0.009418359188931483,-0.004085233955940816,0.1176079059635225,10.114042371338517,4519.521453073247,4538.1466774041255,4525.624424122401,4514.838423058075,0
9,3.3000000000000003,0.07275714676467222,-0.06542373154626617,-0.06844622012492366,-0.016418030537121864,-0.006027758332789168,0.054872028646743565,-0.11151034521867483,0.05027991968111058,9.692587816319152,4489.588078404392,4506.012469903016,4550.437444171845,4478.629588432376,0
9,3.4000000000000004,-0.004004669674671786,-0.053911261279852775,-0.07219477163447217,-0.021746828698489495,0.004895701759331436,0.034024701559102304,0.0687049346723827,-0.07536497109063411,9.911588615709006,4503.39300234744,4498.26742508246,4462.757315174768,4504.597604979544,0
9,3.5,0.00924783099555824,0.005086422227111691,0.04000507572772094,0.013891913181388611,-0.021960466179154387,-0.01733568691426817,0.051576760156424366,-0.02683948208750027,10.00188471141237,4502.705354900777,4441.352320766294,4525.182867575931,4496.48690319434,0
9,3.6,-0.08848554165626432,-0.01261449301433989,-0.12683643786146134,0.015062625711883063,-0.0007168196029233055,-0.07389962918414127,0.081084805696286,0.04585256659962486,9.762847052594928,4462.632076813909,4474.725786193902,4474.276262708819,4522.394916097932,0
9,3.7,-0.08404486428221136,-0.0023617408281541505,-0.025028439077208628,0.020710780355508333,0.0046547311535064025,0.042816822811493495,-0.05253600037300187,-0.12309981875052617,9.744904804824703,4523.314871577793,4523.246718934553,4487.082372866529,4474.1776858605435,0
9,3.8000000000000003,-0.05283395624535933,-0.00683133013632806,0.013655117171933262,0.02946383025951517,0.0024666151523774905,0.04910127950457106,-0.07804679879042188,0.004170100492912409,9.838015691107374,4495.7840841646685,4499.345436093902,4503.786554028603,4514.431104392829,0
9,3.9000000000000004,0.05845590217068808,-0.11327738958198551,0.11137375141386877,-0.03421616232635954,0.006175256420735046,0.18845031752707786,-0.004254028842578179,0.018001913941464186,9.747948057215908,4520.017870417948,4510.866256579192,4479.718582656628,4496.569408344455,0
9,4.0,-0.055921825188860644,-0.005947071061615746,-0.041937218691673696,0.002730819031814334,-0.014198277942838785,-0.017154535206895975,0.0008772775188144159,0.007841769795665742,9.86485674314117,4494.774970041571,4476.3991902320495,4502.462198179487,4494.634265232127,0
9,4.1000000000000005,0.05123228210536051,0.05753707504551797,-0.13720804354370217,0.012343090968355017,0.016354883221798164,-0.10766650366913118,0.0579472818912714,0.08959549177663008,9.620070672424282,4492.909751306369,4505.589598074606,4517.113741802978,4470.346817686572,0
9,4.2,0.05785033489078061,-0.10146740650328015,0.13237455489254998,0.011005349355798364,-0.012435430222856083,0.06915246741656642,-0.10477990436021299,0.011493605439387525,9.85770097476172,4507.084044418771,4474.80847328654,4485.117684829273,4503.802345984524,0
9,4.3,-0.03633718714832893,0.013572639713830412,-0.061412596822657865,0.02000000052154487,0.03125369901141871,-0.023797133972580743,0.09202587609701054,-0.021230454157659964,9.622713760651731,4487.228467783345,4502.567092222686,4446.391270067188,4518.769702843365,0
9,4.4,0.004301042446818192,0.05002719787345773,0.06081375537713583,0.0023989663432777693,-0.007116698706989257,0.121828937736239,0.21698726868360332,-0.03391494050598114,10.018458694740511,4478.797510231041,4482.369421389329,4488.412651455045,4520.54048062819,0
9,4.5,-0.053745664716952905,0.07749821135021173,0.09378722573730296,0.013230304108577617,-0.005876293320053778,0.06635900718853932,-0.2917362861303065,0.04409013634924991,9.842024413532549,4443.413533043463,4512.187589481965,4517.726751776282,4444.388017654975,0
9,4.6000000000000005,-0.05933857088260404,0.10321945759254757,-0.01863535461024663,0.019512521189967744,0.022536038485793504,0.03151494511962142,0.10172413511892789,-0.21128883581647184,9.763894117663868,4407.5820381847825,4447.617190062982,4483.619565090452,4480.038466830115,0
9,4.7,0.0020705144571239796,-0.0010325255801494752,0.013374242998123174,0.0034941929726135814,0.0066584544920594195,-0.07672357419295694,-0.07247923193638016,-0.0036878059294752734,9.805731409865416,4467.542179041111,4532.446781430392,4521.744020326525,4474.208499439106,0
9,4.800000000000001,-0.010418300645834285,0.10047698253985578,0.016057703783428152,0.007913719104001312,-0.012178711022622593,-0.02504896868226732,0.15113259857834027,0.011329442729253623,9.795814356225424,4500.229232578094,4576.361483652456,4501.194225094437,4475.097699023592,0
9,4.9,-0.03276754508076191,0.0390378001194052,-0.14284811266467767,0.009011659629284593,-0.014476350552988853,-0.14870156451616062,-0.09800722169135949,0.002753380967865958,10.089033478698564,4527.399882358399,4491.189293214878,4529.165612094543,4489.296605122829,0
9,5.0,-0.07332557923729448,0.0010543817816338304,-0.1505933995006785,0.015828166149701246,0.01611760178013755,-0.07039759516242099,0.014559750682566203,0.013604923419144111,9.98439267635345,4462.647952380485,4517.984625707046,4460.496922469834,4523.315662130186,0
9,5.1000000000000005,0.05313487006665729,-0.03347956968199463,0.12191288665415395,-0.03148065926037577,0.02199166890421097,0.11507649905301126,0.03458151941515317,-0.019552578102936105,9.872483964019985,4481.8872489380665,4578.738800374882,4482.404061286971,4539.52203508972,0
9,5.2,-0.03706137087120711,0.07984041397518248,0.20123285817551695,0.007719816220386869,0.005733145371343008,-0.0765263219827663,-0.10756676095682847,0.02979146051656283,10.101638495436225,4483.553925325529,4566.237876533825,4481.6956218111045,4506.881758222499,0
9,5.300000000000001,0.011600823320182783,-0.0050767187617758525,-0.204382751632623,-0.012381462008617922,0.003992785846057444,-0.00767880767841711,0.06362026594027827,0.07568359119918518,9.761984307764218,4471.127088830536,4546.449531161503,4459.336130084531,4482.140783297035,0
9,5.4,-0.04249799619869006,0.03732288109010538,0.13170219744805908,-0.0034738675102188982,0.004595535206698251,0.03430174567913197,0.1804004098588861,-0.17735734422131777,9.958844379825386,4511.295742438185,4488.874814242626,4509.786802071609,4522.224869274897,0
9,5.5,0.029158135624140148,0.10792503029581493,0.012748158779368524,0.0005381036658065297,-0.003625975713395498,0.044238306971671054,-0.003205826148594767,0.00132091450647669,9.813565972001252,4495.961742915297,4481.739815935428,4512.543196145907,4491.448573049502,0
9,5.6000000000000005,0.030683975141022196,0.005538381446399854,-0.03865748763290467,0.03129660810070129,-0.002046251710939527,0.049825841164944505,-0.06999829059921013,-0.20255393311311798,9.696600166464592,4435.876538808006,4492.894113995422,4544.059410436172,4472.8414493377,0
9,5.7,-0.10530219287970942,0.07501284955062634,-0.04753547633242518,-0.00031476764337375583,0.015765599382621544,0.041853821199131946,0.0750512419611869,0.09004289895454239,9.46077707348211,4457.569567795799,4535.135089878865,4476.547825707249,4479.820624651094,0
9,5.800000000000001,-0.0631421261082159,-0.020247394467374103,-0.0349316063684471,-0.018749213753703153,-0.02106165489751489,0.02549304737405647,-0.08076692668884293,-0.060631225697826155,9.372744330645185,4558.146007275931,4528.254720884241,4485.1558184001915,4473.027571930268,0
9,5.9,0.0005444398616562485,-0.000826679479882703,-0.12759665695146472,-0.0510107245784472,-0.010521518150333378,-0.12506996247196106,0.017137994672354183,0.017808156666067446,9.61535746033162,4483.962471970336,4552.891250759342,4523.253855788129,4486.4324168787325,0
9,6.0,0.11459796634679896,-0.059846870598582236,-0.08126947248165549,-0.0022102834141585434,-0.03062014130752631,0.14322473317022774,0.018315203870928057,-0.07899488568997948,9.899557390280952,4504.381675448937,4490.860467476225,4463.744544995356,4456.913642234127,0
9,6.1000000000000005,0.10934004987216134,-0.06763674425549986,0.16979655193513757,-0.016895182952319114,0.01580065135080645,0.037234647206462364,0.06654187002964168,0.07320142722401904,9.487686875532498,4479.709620225774,4458.958561223469,4505.679031825428,4460.299670036273,0
9,6.2,-0.09905235885366107,-0.01187386682717873,-0.2209079052487446,0.005174763894419132,-0.02515259046755483,-0.06724637984641822,-0.22804159731577003,0.1650102213808546,9.517417022604384,4489.079962963563,4446.247842226163,4474.929965748577,4552.554653430726,0
9,6.300000000000001,0.01487383676326739,-0.03618154981552898,-0.003417347965546343,-0.011211181133732229,-0.0018484115965517367,0.059509497522636894,-0.033109798990703924,0.02199914739251046,9.857299099529651,4490.215630581068,4477.922220309898,4484.244499301866,4520.975557546052,0
9,6.4,0.03912083524877253,-0.05688971656342356,-0.026098933438800848,-0.015058437382046697,0.01599904859432282,-0.03769624318239207,0.2200923817571368,0.021789738989705286,10.046399290844645,4469.561675195899,4500.351664472576,4518.485192951107,4469.000992745346,0
9,6.5,0.001017135590528864,0.05259295161002682,-0.03274500079234857,-0.017035050091452505,0.03605918910945036,-0.09373962413170389,0.015589062838158741,-0.07082763383368067,9.62263315222849,4522.249712481098,4493.833922650124,4512.176593962591,4432.3456283662445,0
9,6.6000000000000005,0.025155989098103012,-0.03602979559081666,-0.18788519511582688,0.037694791095743516,0.012020270529892543,0.018182193014367836,0.12494188497398658,0.024756928138853607,9.65027719797128,4494.750971685528,4479.6490136042385,4484.9894132152585,4462.268890024223,0
9,6.7,-0.04850102879001598,0.04472927663343376,0.033207543880324784,-0.010060261050630171,-0.020560637289262704,-0.03243175830463464,-0.1683849802967069,0.012663059942435257,9.999094296398514,4571.009179801771,4466.902238323077,4527.114073378519,4478.783656629063,0
9,6.800000000000001,-0.05642281450255063,-0.05644490644279884,0.014073572642696687,-0.01861587247386539,-0.012136915425869699,-0.03523210645898095,-0.07399678398989107,-0.0812584552699146,9.324168047496306,4502.608598703356,4502.030144686753,4476.079654507935,4510.811528111652,0
9,6.9,0.06984537660328431,0.0011789916417141869,0.13302577791562278,0.0447626384085424,0.05061049378240547,-0.09505888692080008,-0.11830630064186703,-0.04444299967257112,9.835743040251968,4547.599559995308,4518.817236632729,4463.901386109825,4481.65027774577,0
9,7.0,-0.002100010398275724,-0.07445799890727477,0.0013668457540914475,-0.02376871182118491,-0.03301442267114744,-0.07575882235756914,0.041102105489233556,0.04041157109865193,9.829330783337488,4529.748409816227,4526.567497026403,4506.131440262108,4501.991455500771,0
9,7.1000000000000005,0.006477335261004822,-0.007382258996854099,-0.2174342726627676,0.02270969689639639,0.007950456637873533,-0.09730619566616489,0.1427816619272437,-0.058997986821277076,9.788446199468275,4530.707267867047,4506.604180751688,4540.061275257477,4489.4369550287165,0
9,7.2,0.08455866056401679,-0.038890144991626116,0.1317622329309618,-0.04530218437798795,-0.022003841026683,0.023837291079145534,-0.04004454261431076,-0.007474861990256311,9.818330184032142,4464.272921756188,4466.522111553823,4506.963661464252,4480.010011445346,0
9,7.300000000000001,0.06705169294805842,-0.009597357771639245,0.07187512431068305,0.008857033386142145,-0.012023221143453722,-0.1584263029561898,0.11849413676210473,-0.09789090766971428,9.729248388904251,4495.474726753003,4498.469652956889,4528.858759876171,4500.174721737699,0
9,7.4,-0.006367704512966534,0.050922797827250656,0.06006523718867851,-0.014711408919613101,-0.02294310754957666,-0.06589598201599356,-0.0049219750188214725,-0.12460537751704222,9.828150609432495,4496.124050706289,4423.7244290306835,4457.814744411981,4413.427492689475,0
9,7.5,-0.017195153052215466,0.05370068226730003,-0.18906579554280045,-0.026445736395867288,-0.0032747573454636283,-0.0851002423082742,-0.1068672767066792,0.05415941061731595,9.711020911085416,4455.398253378061,4437.368523298287,4566.252233101912,4533.84927163688,0
9,7.6000000000000005,-0.022581667303100832,0.004392900583196865,-0.04885310620969882,0.010209134615825018,-0.017084287354357613,-0.04345385731814587,0.045540084019449666,0.14538591044464075,9.958283018932422,4537.017416327728,4490.6274798746645,4481.309687778692,4441.848565827542,0
9,7.7,0.0036099178670641937,0.018952351567822014,-0.030000539572720572,-0.015534026521994693,0.02486806879686264,0.0505443421757323,0.13128254505190115,-0.09535790950162043,9.668353174690395,4536.095317297548,4498.579587607326,4482.926876649643,4485.014549287115,0
9,7.800000000000001,-0.0005540263067151945,0.0501475907917705,-0.016051285209158852,0.015810656603555552,0.009347555536920963,-0.07026712321447791,-0.08791293679871233,-0.045026659193147835,9.542632469067547,4484.575834326019,4545.403002501942,4499.0582899251785,4477.0064200173765,0
9,7.9,0.0957872325910239,-0.046530865986310205,-0.0961882966805388,0.024589713636133985,0.013226361192006396,-0.010404708202110905,0.08319088999891613,0.030060000122916705,9.572761516852236,4428.072458789571,4482.979645448781,4532.547745076949,4487.145897349602,0
9,8.0,0.023004859917462206,0.009224272422253361,-0.16935002946143995,-0.00812791387412633,0.007177586608931566,-0.06297170044034935,-0.03625381570279519,0.039174709209711146,9.824525999828596,4531.407292227742,4511.510127394904,4471.324500047939,4485.673598582114,0
9,8.1,0.0010148142113138553,0.06692075382570208,-0.0473525630282306,-0.034651376047960564,0.008811338069823765,-0.06044785986751992,-0.12853013195749685,0.001880301282583854,10.00457352836166,4482.783583810169,4514.897216615479,4520.457409891273,4523.753894809999,0
9,8.200000000000001,-0.03661361548093008,-0.05605410289666927,-0.09847531049585952,0.015819493442449394,0.013347863093416235,-0.07657204805602678,0.21326440263436364,-0.10763639665871655,10.009892816940146,4545.589963176157,4503.292728179801,4476.908284692575,4477.56365917655,0
9,8.3,-0.013104510018143698,0.05404353890340167,-0.11998758126998477,-0.03677532064825551,0.007241099811386071,0.046529020100726425,0.19679694467992684,-0.13823189752667306,9.783038677607554,4534.855122963614,4503.6258650280815,4494.136824328154,4523.697164907886,0
9,8.4,-0.02996944821032991,0.04257054209770743,-0.12535631921902754,-0.030388634065657935,-0.005471760378246608,-0.20506318295172535,0.008469963671290324,-0.17325613427047115,9.866484104113276,4505.563783143509,4497.961128415055,4513.092260026143,4506.125924058422,0
9,8.5,-0.01465003016656358,0.09155034902385661,0.03933106935524428,0.015438161746217552,0.021461594879451852,0.05345195032336718,0.20628329189248054,0.01660068848211962,9.808607730832788,4480.512837365802,4492.3117819032,4478.0632629284655,4520.3163573900465,0
9,8.6,-0.04561581236593192,0.0036896084949063893,0.055954693430237526,0.0030064777319044186,-0.01791829751139854,0.055915593120478765,-0.008533970853594725,-0.287271221644645,9.613329661883323,4542.033967092082,4544.52965524544,4515.783336301956,4523.52206930875,0
9,8.700000000000001,-0.03891469906289324,-0.013007220936952946,0.12353666004596374,0.008518304851241484,0.0012989676777410348,-0.014944683431441525,0.11744720012347075,0.11220321535501464,9.939934350153752,4501.988251982477,4489.297305426996,4520.790411590541,4466.942704650765,0
9,8.8,-0.044728492379327106,-0.07255456803924697,0.12352297779931257,-0.014413332482586898,0.008080155735032504,-0.010044601656762192,0.28975389901219345,0.04419054540358364,9.437571848150931,4535.263072697898,4488.3854710918295,4493.972165941528,4479.8246321096985,0
9,8.9,0.009780625931923116,0.009125656883741068,-0.06454771776486284,-0.010162890409728573,0.002025722661766334,-0.18741851892080497,-0.1441497470503702,0.16699920960980186,9.875564188864049,4484.252730397777,4449.117515053895,4498.310515051606,4529.555762753434,0
9,9.0,0.13196030523249705,0.09460282124978488,-0.08869380201285354,-0.009915990627685807,-0.029429984604733443,-0.06733240532991612,-0.021284316312475186,-0.03671369966261439,10.220913461315886,4460.539291725713,4498.6471665243635,4438.0962071311005,4509.926723414632,0
9,9.1,-0.0670852670337975,0.055131315419139605,-0.02910258930152916,-0.02803968536565786,-0.04205403507115916,-0.07829099908877371,0.023938089074283818,0.042151364715646206,9.710312403765347,4527.773911302989,4465.927713213148,4412.188204724743,4508.476609522275,0
9,9.200000000000001,0.06450479063416918,0.06496668368288716,-0.12998092406153347,-0.010893863746431165,0.014476400314810147,-0.050168488636701654,0.010538486060849363,-0.07164398958102822,9.592122248507726,4473.108790457797,4528.671755788537,4500.413482938926,4538.156449152167,0
9,9.3,0.026021034747720995,0.08032326157404714,0.0818068192958736,0.015186816604934091,-0.0024097579727136408,0.24073652611973204,0.011269821989453444,-0.19734233691258804,9.863606707922793,4470.531232702877,4530.510645648048,4521.774502745428,4494.254590502021,0
9,9.4,-0.044394650672158045,0.007321286336040198,-0.0641233807857055,0.015756079855676734,0.011120314285160917,0.23487732739947487,-0.04451145386509248,-0.030342562848464427,9.779044865212645,4496.670433971867,4530.812368138844,4491.709630648136,4559.171451484305,0
9,9.5,0.029113755486285087,-0.024286802399401227,-0.07412456849806712,0.020817443868169135,0.0005704030377362127,0.0007248043005404143,-0.059848022642411895,-0.006144568092050759,9.682209029839447,4540.85134368678,4521.511804567662,4494.756934820977,4494.315957508418,0
9,9.600000000000001,0.004608708411960868,-0.00027701194360664407,-0.09569361793091677,-0.03801548256769964,-0.015954013328820574,-0.010281399253202442,-0.0737833197717491,0.08193380303955697,9.76416937281985,4556.207207250859,4483.155172253126,4504.221503961046,4491.334147314907,0
9,9.700000000000001,0.02198890288674112,0.05328755644985218,0.060828095892709634,-0.04061592538932117,0.00999723220945735,-0.08087025138248312,-0.030976917841627784,0.06893291868373372,9.586047818316992,4534.678440224551,4489.398423013463,4565.128121187543,4502.060334773812,0
9,9.8,0.0852671371325885,0.05988396122667547,-0.06111050820544977,-0.026033814552670443,0.002272547224750918,-0.04661144948177399,0.15797187800870063,-0.02468591716726229,9.749919208296246,4458.12304617789,4512.576510392393,4464.773331541595,4513.2731073864215,0
9,9.9,0.02900458632490015,-0.037483755598718235,0.09565799310177128,-0.005497508785824766,-0.029424873918084397,0.12362298722509536,-0.0923470574074319,0.050707054126648,9.89515889480945,4511.6755402177305,4511.155857477904,4470.8943709032,4550.740488045081,0
9,10.0,0.04781245751003197,0.023752836562520002,-0.1332976235515629,-0.01956735751310867,0.013149132533783275,-0.16029472893574537,0.03387038599403707,-0.13311767973856212,9.636393644498078,4457.667971769972,4507.383192473469,4533.490843555029,4510.440525714381,0
9,10.100000000000001,0.022891652446112347,0.00839794480774409,0.0682693510870639,0.009341712285000286,-0.054301963879943634,0.07250453901293157,0.0801151961960901,-0.03623128306584068,9.415158654453462,4507.274220769033,4509.799824124095,4486.785495523175,4505.600991730401,0
9,10.200000000000001,0.05359201289851852,0.11987608591475835,0.01469036729158661,0.006678273627064843,-0.01647577750370787,-0.040111363678126295,-0.013604263037147946,0.1177718035390598,9.973791551205613,4557.880600320239,4455.2932147301935,4460.287950880531,4533.062488057078,0
9,10.3,0.07244301881572443,0.0016564060835466275,-0.44656038635288775,-0.01487058323797495,0.006709873042987805,-0.07195303892621864,0.01851261569377157,0.1898555448871977,10.095226563919,4524.266767361104,4498.066521634855,4485.159958262988,4522.732539458324,0
9,10.4,0.0012697326250113606,0.002985221968618511,-0.15512156128810273,-0.014290607644517853,0.015037209346336289,-0.08808534725988698,0.026570709860245734,0.04125035948641393,9.904177563150805,4516.807926490731,4518.831781594202,4481.286207238724,4455.970363090165,0
9,10.5,-0.04367677061916751,0.03649605984524557,-0.12008465937956947,-0.02081221359769014,-0.020922880015153477,-0.14767795637946082,-0.11470043661317995,0.10003969133236701,9.666647069456888,4447.531855303369,4484.650684352562,4515.31641647681,4445.07681705349,0
9,10.600000000000001,0.04766551548830058,-0.07204904076795395,-0.03954836389866859,-0.008165302199912341,-0.011228802135110532,-0.005184135878521816,0.07785603539766985,-0.004080158130320889,9.688865267981347,4513.720460542827,4506.2179118586755,4479.914893202195,4501.269042662531,0
9,10.700000000000001,-0.037617125160379475,-0.043286936419847155,0.08058012141499055,0.008939176131383111,0.015407592704730955,0.05081028009212088,-0.08872192590540527,0.10012819300667924,9.750478577943616,4527.876534698016,4496.246501700861,4509.39489263638,4510.296837868411,0
9,10.8,0.0406600192642195,-0.08172730605044355,-0.15763977127094272,0.013434217302043526,0.0071272492998672625,-0.062051491855089694,0.03643089090167414,-0.1407960210103901,10.462857902173802,4539.347141604839,4518.669080322236,4502.268911120324,4481.438158655841,0
9,10.9,-0.06550931196729369,-0.005691131374471194,-0.08597606356951247,-0.016028836973064918,-0.028335132795490867,0.019973044154488397,-0.03769935058228938,0.05350715748258697,9.901419758730958,4506.88393890239,4579.783207741625,4524.711165406967,4462.183019680503,0
9,11.0,0.02293682239607346,-0.0027009371484244616,-0.13415305708264672,-0.028432657601532827,0.00906405834559138,0.05580380279028519,-0.10462571993245265,0.09701670531946444,9.866982879363057,4535.8757747082755,4532.688611950177,4495.24689253791,4549.067991903063,0
9,11.100000000000001,-0.05620580450602334,0.11951472524753477,-0.0878785680485895,-0.0009600546335536076,-0.011343765972255258,-0.030143279030379153,0.2923553662513963,-0.04627206874110779,9.980221674458585,4492.937912661408,4528.096512887632,4483.67521444887,4507.683962809775,0
9,11.200000000000001,0.03143491502363712,-0.03609057266682407,0.27577259242255914,0.01361882086467595,-0.004519419090347524,-0.0557787613480554,0.00917230236269819,-0.12159980106134696,10.166459052769989,4512.937613172033,4497.3604179776585,4531.3793356307015,4478.354556657421,0
9,11.3,-0.057797979321521864,-0.006506653586436883,0.01275436494695905,0.010611724131855398,-0.029525558328644536,-0.03650534640153856,-0.30834647931685555,-0.11823491709060917,9.953052306740082,4528.830774257242,4465.739863940609,4490.261863527769,4500.76818465384,0
9,11.4,0.053905506942105524,0.07645474332584949,0.015308225522302247,-0.005212333111644638,-0.028873872174012688,0.00864553876488482,0.20749225014902659,0.1290192549937319,9.844971659251781,4509.101334261003,4479.344509156438,4489.285931136705,4504.42797526753,0
9,11.5,0.007531717015922132,0.050537496645153,0.09620829327412961,0.010411335604221653,-0.019982923563985774,-0.07691322569454423,-0.08878914702845857,0.023552028920666174,9.404735789048772,4499.811747826061,4542.259281493624,4520.004781040419,4489.478171671626,0
9,11.600000000000001,-0.03491277068748901,0.04028576423883412,0.030605536605227315,-0.004928649051654813,-0.011780617578122826,0.0061106391749819345,-0.03030367639869885,0.07843795699167147,10.058233819195744,4458.9825051647185,4463.225412824135,4540.441685629462,4504.9745682799185,0
9,11.700000000000001,-0.05658253183944209,0.04916258033303211,0.034168509988883274,0.044064915238497857,-0.004706033545310829,0.08869631976549702,-0.144883443913276,0.13960275501635722,9.998832011642232,4548.130423013813,4533.317409525262,4497.0285544237295,4464.866203078895,0
9,11.8,-0.030102645018201892,-0.08805751935990598,-0.09208990311837101,0.008517226984168649,-0.0009550575765037262,-0.01788721121057769,-0.0793102915947498,-0.17723990108582854,9.84641662264745,4511.3748057740595,4470.253093198598,4483.996791895089,4546.264003622683,0
9,11.9,0.05797489767868169,-0.07422122808644754,-0.008463638723075591,0.02909911364744504,-0.004328419946150391,-0.021515455072573044,0.10927376267430766,0.0987069244275216,9.99706066907612,4492.140457524776,4519.886640488251,4544.842365418656,4498.5037890459425,0
9,12.0,-0.020170481065683518,0.061503631954481754,0.20454398028971232,0.04230009767131644,-0.007490229995499005,-0.02192321995975136,-0.10291623331365496,0.01180523244147983,9.595176213708497,4484.200996748775,4521.033893944872,4511.699322304182,4445.67836084499,0
9,12.100000000000001,0.07851461491371932,-0.05434980435758683,-0.09609339238790036,-0.024778443035288988,-0.01322566677128018,-0.07174451029326621,-0.08724334411889025,-0.24642720517314448,9.835985478410763,4506.961955034467,4567.332202136767,4514.590229929967,4485.102329408455,0
9,12.200000000000001,-0.06003574892367106,-0.004813822989963093,0.04487228893925593,-0.010066972386380903,0.0012203205269714415,0.1517883275247056,-0.038411012703916315,-0.18867755547924892,9.984697357478288,4509.429643374451,4448.730239662263,4512.829310318289,4470.064093525868,0
9,12.3,0.022066120118220307,0.09536317546021457,-0.017696933434322135,0.021665423980729726,-0.024569746357047544,-0.12155353170701445,0.20173704723956712,0.030781501355633702,9.937333988232268,4534.560669085361,4484.165555706061,4524.75349079288,4520.206324869265,0
9,12.4,-0.06474024103911823,0.07564926557063434,0.1306860515979533,-0.025674344780754567,0.004005728829235895,-0.018486378953035506,0.14183074699259376,-0.1410612006118611,10.530483004842106,4494.765474918844,4522.153354985436,4541.624949960084,4494.120019704896,0
9,12.5,-0.005747094279763927,-0.025141544690931397,-0.08854656261311179,0.005437182955854415,-0.0027053336034990926,-0.040749935866039665,-0.045096394803370174,0.05762334538931424,9.650487294129892,4492.591056948233,4526.960021753674,4507.416764102079,4468.513222009242,0
9,12.600000000000001,-0.0011935534373484975,0.02185108105714846,0.09892721912362425,-0.015107573334898013,-0.011170594454022693,-0.05561279909761572,-0.06455201993917885,0.04050047156971151,9.92889782597673,4531.527104786493,4497.264752727727,4457.8403113566155,4520.084104933724,0
9,12.700000000000001,0.007957183920379191,0.0029984739658001497,-0.12834034883112222,-0.003916717272106818,-0.02387309572251437,0.03855719907566075,-0.042989402870384004,-0.05195343963645582,9.502568903382194,4530.812876090521,4492.243061063119,4502.609423110132,4477.935297279223,0
9,12.8,-0.08252875299833272,-0.026581279408862686,-0.03715413377727136,0.005855200418296854,-0.007100648217782643,-0.05746790877578233,-0.1503339397142334,0.004845349542274834,9.650687961245827,4539.624196012971,4504.504399840143,4516.86308520099,4492.536340011325,0
9,12.9,0.010064014488395575,-0.04453576578851267,-0.11782188256696058,0.0003026215469711304,0.011407833104021518,-0.1556649416049262,-0.04991034908040409,0.1842122107888392,9.905845510333991,4546.1293810107145,4480.978651446342,4486.262827050166,4529.001999610336,0
9,13.0,0.03117601776891628,-0.004719228802984258,-0.1262515809268505,0.02313703924453821,0.050204562950554234,-0.12574929506374025,0.14036191497494385,-0.04683011426573713,9.74330626979237,4508.08918462615,4463.8343016258,4498.8858466516685,4451.662391165935,0
9,13.100000000000001,0.023804124488910238,0.11168610189815845,-0.06395314891636623,-0.0033748667658342335,-0.002389563521454968,0.0789174875192802,0.04055723690518011,0.09203460103519286,9.708752932959525,4513.007070144594,4398.965828011924,4520.0238771596705,4463.466218736142,0
9,13.200000000000001,-0.016379694074996277,0.03726255543221024,-0.1536089832619908,0.021788655964440507,-0.0024860962257744834,0.11624923890297907,-0.09028441590357866,-0.18127877243469487,9.804210656932392,4517.612282035418,4520.1281081643065,4465.935355922183,4451.261007896403,0
9,13.3,-0.015616198695078238,0.025822199523779538,0.04657867821063205,0.03144252672944289,-0.00746910402834834,-0.1475917150579751,0.11966664382842354,0.01951953141107542,9.866437582100183,4523.012711763197,4537.90930771106,4499.309400475494,4535.296548999842,0
9,13.4,0.02760681320708924,-0.03277911956539995,-0.02332384721685113,0.012334880467970115,-0.014176495284877908,0.0709167281709162,0.015818350084720677,0.038161823909981796,10.09810106471003,4510.697006327286,4502.1423556174595,4497.522346106756,4495.9602912065775,0
9,13.5,0.015614968210180359,0.06816614920582074,-0.0611776260334169,-0.013749142773419265,0.025700797903960588,-0.04529175518868431,0.021609486635270403,-0.059179746481586575,9.474103108328709,4505.946755798759,4533.455036820782,4498.138354446218,4455.550243102313,0
9,13.600000000000001,0.005453529152520769,-0.03779756943226961,-0.26195050832457617,-0.0016176744344708071,0.010353683877760651,0.0942164382505533,0.1756854739962141,0.06509356773865096,9.99671348172112,4461.463036497658,4548.6547740463875,4538.020805447147,4488.986535451004,0
9,13.700000000000001,0.03408300626439215,0.029053409172430506,0.14702135105503938,-0.003022155443197682,-0.014924652754000232,-0.0391998695729075,0.08967959833638672,-0.19198704101423344,9.2105853121513,4526.827470209039,4508.244163924659,4500.553900089095,4460.833601160346,0
9,13.8,-0.08549448822976441,-0.03172645417490929,0.03616950993696815,-0.011715114255344104,0.018002004004840446,-0.07632474736162335,-0.0519345073159584,0.07032010546843694,9.734616996703087,4490.179501190322,4480.695346390536,4475.131777775915,4510.625320616887,0
9,13.9,0.024185314732231265,0.011357421877564135,-0.06161836055534412,-0.004029837998267454,0.03191869566842353,-0.11368667016796537,0.18858912804286396,0.009971984611754683,9.7739747220047,4528.60135016405,4437.982017928249,4541.409587237393,4555.731774868452,0
9,14.0,0.05439864337295497,-0.10511426844553584,0.07641677978004824,0.03291997116037367,0.030854975754715106,-0.1126471397781115,0.10163568316030061,0.17955704027791475,9.815893143729204,4456.418963316309,4524.859577781748,4531.615739059553,4495.823755070223,0
9,14.100000000000001,-0.059536172793191226,0.04909360420180817,-0.07688088656217582,0.007946934530777414,0.031163327100258917,-0.13270384775616156,0.09077639979692537,-0.020658203031980057,9.773869343203085,4515.429493035985,4476.858479057575,4464.749425892141,4446.47415683908,0
9,14.200000000000001,0.06158813547096074,-0.018583609255448184,0.056994041235736606,-0.0097006414976331,-0.023235210067499117,0.052185008795131174,0.03279625737248222,-0.0236899153987426,9.870379212688293,4471.1854633126795,4531.817993236659,4538.771839156034,4522.779137140107,0
9,14.3,-0.0185992879546835,0.0029673397341704634,0.1568836448134763,0.02562332435222355,0.03987738181017451,-0.06244150826505391,-0.08702122839871325,0.013437028758210918,9.89137915145926,4495.731325048213,4488.309467164938,4538.021855484874,4497.278037283586,0
9,14.4,-0.0607605708959162,-0.054984454346776235,0.024706432513350154,0.060053049698233746,-0.019518874874903575,-0.025189925493844783,0.24048047752660398,-0.04842807298384692,9.901092168254282,4556.277321677737,4471.455639572885,4490.722193339353,4485.4690219909635,0
9,14.5,-0.07589476814835959,0.07846829728443133,-0.05854043384698657,-0.01752491351643784,-0.008888677761408436,0.07430651241232845,0.011289353700788084,-0.07916663054303638,9.89182996898301,4524.377840932457,4499.287062362917,4492.95717213403,4530.476278151466,0
9,14.600000000000001,-0.008959262325672073,0.08040957531450117,-0.0757634872090312,-0.01561826931521584,-0.018075935601686917,-0.019107716535198622,0.00025040613663185606,-0.1325635909572814,9.829351453582838,4516.960625618579,4456.035253356209,4484.364857208573,4517.0245718570695,0
9,14.700000000000001,-0.054470963293796026,-0.015798926095673144,0.10881835689337971,0.035903655262520366,0.008798304224982545,-0.013540262866209098,-0.05013980206357275,0.09107540987715476,10.036681279823135,4465.30692608647,4527.312804478318,4481.788610948213,4474.213326781432,0
9,14.8,-0.007682210177521406,0.049580662128118236,0.030940532483967217,0.005646633295816332,0.007048833079993619,0.037412641495228896,-0.011415121752646498,0.0631888765391986,9.678063560804993,4519.530229528365,4525.70956043502,4520.974097837009,4522.530864950823,0
9,14.9,0.023243282011507247,0.0586721457671307,-0.2271613783978662,0.01707491915130323,0.03950915054315752,-0.04975163799670867,-0.07337298583625038,0.12863190129738034,9.624652132104144,4479.9982706227365,4505.098455590934,4476.031463695408,4526.250735059807,0
9,15.0,-0.039540106112858985,0.01803166738533403,0.0284482462996506,0.0332777614481694,0.023306037325914568,-0.042362203316292306,-0.12644924064722457,0.08379688419774362,9.679321833049336,4489.929697862887,4468.205169298091,4520.370357923605,4480.605206506874,0
9,15.100000000000001,-0.001752084415139429,-0.0009751532946232904,0.018356061991391084,0.013232770034392955,-0.0048564074378844215,-0.0593142065509234,-0.18595446337554467,0.010262962936767005,9.778600191876395,4478.68581509637,4501.876573864576,4525.679480178446,4533.356642548415,0
9,15.200000000000001,-0.07675687092121958,-0.018043065050766745,0.09610252123984273,0.031920820690460476,-0.01634527306316835,0.11026583433860619,-0.13500962822346188,0.11482845631199451,9.753648733558933,4546.884697969313,4486.079063512341,4490.70327819719,4495.998221123885,0
9,15.3,-0.07685250773614467,-0.08812363353793301,0.05101541930407118,0.019769246947067144,0.012151550056822065,-0.10031804913428184,0.048018874507204205,-0.09902039737037044,9.891530541644734,4533.938974356073,4511.02400560005,4544.056017067258,4495.5003758594175,0
9,15.4,-0.010832466065218257,0.0033675648890390355,-0.13426410837987418,-0.008059021512342352,-0.006302663394801298,-0.022719995462950466,0.026829116716341247,-0.1480329119823291,9.5808772032279,4533.9620878991545,4439.782553278085,4518.491132066185,4488.79320957607,0
9,15.5,0.00800612408317259,0.07790493926669698,-0.013118278586532287,0.012507760110115382,0.0011713393536383102,-0.008750093580264379,-0.023317529784036273,0.07010583485062268,9.663679626775732,4466.039304343462,4502.234249202933,4505.783520107655,4445.275255038031,0
9,15.600000000000001,-0.0005243714305331867,-0.06134384606072555,0.06268431074478203,-0.03607369711793266,0.03850151659726178,-0.027055873330866193,-0.08649619484873125,-0.028297246036819323,9.921254171726778,4526.714102677048,4491.770660699255,4456.839287555635,4463.631085991335,0
9,15.700000000000001,0.014319384937037261,0.0493663564755226,0.11174752515841185,0.0033618515082156344,0.01934599132362846,0.15298793740736008,0.11903477127362921,0.09220379014043716,9.648688563381544,4528.87858861284,4513.836974336662,4519.519368851014,4537.833188368335,0
9,15.8,0.01792789241840954,-0.0051273165330731575,-0.10698658076609201,-0.005930326352906498,0.0042570453432536825,0.02220954721460228,0.024387629867032388,0.09595098597610441,9.983072940043424,4498.137352756302,4474.582136776322,4511.500738103327,4567.390126428463,0
9,15.9,0.016062138763952193,-0.014796197618660984,0.05358361524671608,0.011914725175225465,0.011693012008115518,0.10983041560365607,0.038609295695347046,0.13254122354103484,9.856046822747503,4545.374948025266,4536.202055872188,4527.653982346587,4523.675572072887,0
9,16.0,0.11507588385352091,0.05383087943332161,-0.08493170046245122,0.004918011029366416,-0.005294335364545237,0.16515810534383601,0.12514375595954574,0.20319510246210856,9.658001094353043,4533.050240356499,4459.064130508919,4452.23602997586,4488.091316025777,0
9,16.1,0.07561875687478525,-0.0496307520476956,-0.0016811846823243362,0.023776857364117724,0.016928263223186062,0.17729492629702875,0.00033719922098608457,-0.044162954463066756,9.591103783784206,4488.960001796478,4466.892031224423,4446.1066416027115,4558.901777440263,0
9,16.2,0.002445339963769625,0.1295733435614564,-0.08392884366724838,-0.008576172174080196,-0.015507380235142101,-0.051260485199421155,0.08736037442094435,0.05663239662643746,9.985081885083552,4540.268147764558,4533.220651325025,4469.745307666741,4484.285443089929,0
9,16.3,0.006074140503581877,0.18639166723815936,0.07724001421313753,0.002133776168135792,0.013465494434915027,-0.04824912435286838,0.02624255110023048,0.09546621848100727,9.804200863091733,4477.303402378584,4497.663778419609,4490.412701742114,4459.286177409873,0
9,16.400000000000002,-0.0285776080096304,-0.06964063931652223,-0.12367948904960246,-0.0228188897573294,0.01906902596451724,0.11913320506876007,-0.15360796770382268,0.15801836662744895,9.584681165407892,4522.406402819171,4507.756757122989,4519.075546341385,4465.027708415671,0
9,16.5,-0.0906178641336053,-0.04014542050662857,0.04268686499606572,0.0391380835097172,-0.02059447195372159,-0.007906998931864827,-0.07490791985096189,-0.0017226182776344063,9.423842927794068,4544.941300061697,4500.721082348589,4527.514969919583,4493.033939298927,0
9,16.6,0.009531403806347163,0.05644362463233733,0.013171682309422457,0.0033541264823091044,-0.015878820852509978,-0.04275388493432798,-0.10128156378409355,-0.07380175884796651,10.060245822092835,4554.258279300214,4462.581753461118,4511.855153551103,4490.469258293987,0
9,16.7,0.06984842833578815,0.006743010908895972,-0.0007475704740868378,-0.014895386243194713,-0.030635600781848293,0.06087507861995903,0.035297857475144384,0.03774441405204296,9.69013457946828,4495.6269466346985,4523.732129583407,4529.463378891934,4464.645851522444,0
9,16.8,-0.03166740352506987,-0.06949417110360714,0.02012644125933653,0.01768676624206457,-0.005574310340988379,-0.05302853047997715,-0.03353018538052913,0.2306313314976487,10.04838561998471,4521.92991518189,4509.60203686748,4499.617756061429,4472.801035077138,0
9,16.900000000000002,-0.053084521215401595,-0.02839553382566057,-0.09537798798020337,-0.012156259240396908,-0.0020379125223915517,-0.0020241270850366575,-0.062038127538447445,0.049520955464020494,9.772198725570323,4506.440958935345,4477.662288451993,4520.7861766353,4483.954616992452,0
9,17.0,0.08042771183693281,-0.011249567704558365,-0.009468406149452394,0.011871769726844544,0.016237003869099726,0.07356749441530648,0.17755880330139703,0.06618855234040338,9.796602702231057,4484.110622537945,4495.98515150401,4544.520494712867,4458.3910109093285,0
9,17.1,-0.04095040582295471,-0.0109493371766781,-0.08323154695467398,-0.008175439696842967,0.03612469076693022,-0.023847443170396755,0.04116485651629448,-0.16581968499957356,9.589512546136309,4527.98050828866,4550.040853156347,4506.642317918656,4490.81951221831,0
9,17.2,0.02480808154444047,-0.12987172581093753,0.02291213435180428,-0.020922212002150026,0.01588185964448084,-0.17538391265447556,-0.06283759759092804,-0.004097583810799503,9.65764176340881,4488.7354679943555,4527.1330305202955,4499.265119564482,4472.082575851063,0
9,17.3,0.04702000330038958,0.012549043453558121,0.029248747958499677,-0.01785022050456208,-0.050952133453241046,-0.07249049866850979,-0.10078685780354833,-0.061329695718072175,9.64162886680154,4503.380955271409,4526.426324131371,4532.284842820586,4525.116355750909,0
9,17.400000000000002,-0.044881248790585235,0.002945039665991945,0.15651658481700526,-0.031694686659458196,0.02696460088850262,-0.07968826691117435,0.02937652875840829,0.041278511696902886,9.847982607313895,4566.854186826077,4490.975042985861,4450.815363752291,4510.693412025806,0
9,17.5,-0.008501999236222987,0.027740060410958618,0.08820952418737327,-0.0006737934340892565,0.008726208612845962,0.011539034578962428,0.17918874440747118,-0.03705617528676653,9.672585960398028,4526.421927093337,4472.124605539719,4511.7647341674765,4494.912325389925,0
9,17.6,-0.005066034227096661,0.12186523120050848,0.12340867449222342,0.020431590666388635,0.010611412809539464,-0.05532112971521404,0.02614816867377208,0.05833243008286701,9.849797086027873,4502.842509820319,4488.076521036318,4508.203759490439,4484.232859456394,0
9,17.7,0.035171158978363024,-0.10078856005788184,0.13587435664499423,-0.026233318037357792,-0.02134510048139114,0.03270833484973435,0.05399418303546626,0.2078277976404369,9.869256905861826,4498.786357020215,4505.738981356285,4547.714632838633,4572.731999719931,0
9,17.8,-0.009240014945449272,0.027138620808605626,-0.007438918449552662,-0.0018853268250773117,0.037581012477295346,-0.07405853790907917,-0.23342812088833284,0.03174443590465533,10.050201305752415,4506.596898787531,4515.06610653624,4522.571801433807,4503.327332202288,0
9,17.900000000000002,0.027815381172416272,0.02698059493268299,-0.19586045972394875,0.00227733787459583,-0.03145565665918996,-0.00305372040859378,-0.04952809488394343,0.10340112543678281,9.858882551842,4514.195785382647,4494.256478461132,4531.565437878191,4452.080239784318,0
9,18.0,-0.044775122606066975,0.06431535608044014,-0.043564849913218434,-0.04291664010341771,0.02905282553227771,0.08615488570878382,0.07109694066107328,0.009440600695170252,10.14214940363174,4537.758552871875,4546.43568206376,4520.865014413417,4503.683875537532,0
9,18.1,-0.01995824355073996,-0.0634461921232936,0.050204561546634476,0.011707146695912085,-0.006995626638146477,0.04909448224933068,-0.033217783159914374,0.08674276913469608,9.633578541371456,4468.3466539497385,4492.78263818344,4524.863561865069,4465.23643606023,0
9,18.2,0.05248435095045977,-0.08212940671926063,-0.02467458755942907,-0.028261522542052817,-0.05219798728366464,0.02931614438202031,-0.01778111086311147,-0.1397098932830489,9.706677228403045,4513.25475680788,4488.955509990325,4494.039566532948,4488.046302890309,0
9,18.3,-0.02911510657149798,-0.029766863737153877,-0.06246973662957356,-0.015062857521461482,-0.020345891953816052,-0.03037698541742633,-0.0639927852328017,-0.10716986305156934,9.963202931071391,4536.9790791575015,4499.996916761898,4501.994189637925,4479.2230810239125,0
9,18.400000000000002,0.05335156783954986,0.08690905575381701,-0.016379382902566176,-0.010428930567850435,0.006829505319096902,0.010314483523071112,-0.050015547545728956,0.04711958330323504,9.99763152147798,4476.425447960257,4576.261019391468,4454.011735287065,4474.449278209773,0
9,18.5,0.01169840151511816,0.11234365591882745,-0.056259069168062496,-0.021314926251911736,0.01098482956857491,-0.019887552617445688,0.0665255694954432,-0.007078054990041978,9.63856669157401,4570.4662791124265,4411.368282027578,4554.607162510493,4527.997857127018,0
9,18.6,-0.037279464576360735,0.09362100524168826,-0.13714191992442606,0.020162219240150492,-0.041652902260942204,-0.09167025543763002,-0.11483618256478773,-0.0750656660428799,9.812316223075731,4475.220709076755,4438.907671449067,4513.903523061021,4501.4685276878245,0
9,18.7,0.020446367044909,0.008595895463298855,0.09542352819851657,-0.0015096470632220654,0.020250412696206196,-0.06205573184809822,-0.0718670379338853,0.13760393953981928,10.081133731645458,4517.212264283425,4473.326762614206,4470.911026941128,4539.8419188708385,0
9,18.8,0.06363324637890798,-0.0031789678835062517,0.23418849269698533,0.009178001438922787,-0.022143987480622393,-0.02205048797343133,0.000547057800537376,0.008639863674911352,10.060000643570342,4471.311332620069,4460.054631026634,4518.069710490153,4484.790464732225,0
9,18.900000000000002,0.12117530617334123,0.04716101907378163,-0.05253964523402402,0.024257074775684125,0.014608215901660115,0.05069577179706225,-0.012224393158849265,0.04204508516384657,9.389408419881468,4539.512682126661,4396.91812830996,4486.736307179222,4452.128683404179,0
9,19.0,-0.025042557061576168,-0.003705863620605267,-0.11967935339162115,-0.05548954485278482,0.004141314482821161,0.16691518256223167,-0.03512801668500067,0.09593309562258001,10.110876967511377,4442.9988622636265,4486.281745455651,4461.708431649336,4475.8116888606555,0
9,19.1,0.08510058505733147,0.011183974321209607,0.07888236010451741,-0.0008779821192757077,-0.024211052914710877,0.05424925577749647,0.12525753714428214,0.031737421616865706,9.907824872351988,4462.955958408997,4521.205908994477,4540.38041468779,4512.137564228144,0
9,19.200000000000003,-0.08983916229384464,0.08178147503876407,-0.0944823893643764,0.007755736537798228,0.019059525371218366,0.08636946576407954,-0.18000568117798457,0.011721725607293777,9.820204322176522,4543.170845631796,4513.761706272319,4543.443529831349,4516.1975279965545,0
9,19.3,-0.0037083102280608643,0.00969297107690797,0.1523596917102463,-0.025938636710024977,0.018119090202410645,-0.050209279297662966,-0.08424790842487033,0.10234263666161732,9.633382548997801,4511.31224150776,4485.331757335207,4429.291899123105,4514.33147940313,0
9,19.400000000000002,0.006316063647839479,-0.09550402572074092,-0.0698589541538862,-0.036139842334246094,0.01463379774592826,0.11103945621680772,0.08494906050461859,0.09891301568000915,9.706433918866638,4516.4078403333115,4499.727941095735,4505.559435482664,4528.7229438136355,0
9,19.5,0.05877437103236181,-0.019487819481925787,-0.14076448113550488,-0.0037480906938571253,-0.004385465706277684,0.022767830401132505,0.08329959184641228,-0.19145819654840573,9.675817289761705,4471.083354320477,4537.526813660754,4493.748873199428,4484.613492913147,0
9,19.6,0.02691508462232889,-0.029650317545801136,-0.0015194776796849207,0.03628142400224053,0.03572580647773287,-0.03259074584502552,-0.018236180215957753,-0.061902850073080544,9.424826944991967,4531.085680352901,4572.640263500153,4486.696516870476,4475.4961881813215,0
9,19.700000000000003,-0.013642339817000327,0.004252302391429263,-0.11355301102068804,-0.009169569219682627,0.02029794507876037,0.01019045075738172,0.127038602812898,0.03647678528615018,9.592216546245417,4482.719580698407,4507.452361906634,4466.322321721167,4462.430408012682,0
9,19.8,-0.05961002766828627,0.02579021939069079,-0.03662400154225379,0.023648832621858948,-0.01792840765893273,-0.19659202143630786,-0.01307051188032152,0.16475550303938205,9.816913883389722,4458.837202706014,4451.271702113798,4535.937057417705,4475.7768968567425,0
9,19.900000000000002,0.0770897663828265,0.032704672442564184,-0.0769568714404685,0.02334273688623282,-0.01847794306526538,-0.11578696899559984,-0.08667453933444455,0.0768736651590219,10.037593397800268,4488.119182113963,4443.950660665826,4453.297006166158,4467.970632844219,0
9,20.0,-0.0646998439625062,0.013271518803228311,0.19381158447244515,0.015915531480511752,-0.022564616899814788,-0.05555006125332442,-0.04992906792988072,0.0389214166993086,10.124250947170403,4485.977988616474,4546.163318732046,4563.117328752667,4489.502794011339,0
9,20.1,-0.018782231053065396,-0.018030968369555832,0.006248998568788651,-0.0071635819356365175,0.017683549227786116,-0.12390650243142255,-0.0534622095296112,0.03291746730722355,9.984016901432103,4565.858551910423,4461.3292431710715,4480.438727574382,4432.00780280318,0
9,20.200000000000003,-0.05549345036764322,-0.08844626484670214,-0.05212973950643286,-0.004567311852832623,0.009389084796751233,-0.02388796242559374,0.04699370804121541,0.011407416709394286,9.603335358849964,4449.411788824774,4517.510459996882,4549.395089550435,4576.0615503504605,0
9,20.3,0.04677273506173105,0.07287576059720312,0.04614597040389351,0.00604018771180423,0.002220020475830561,-0.008464771521669138,0.06070765554291349,-0.05205970813647237,9.780511509682562,4464.661011511068,4514.2478000719475,4471.227073765605,4501.012349714407,0
9,20.400000000000002,0.025024554682119022,0.02929457156849067,0.07715085378154346,-0.004265830502961116,0.009721275587793753,-0.03893002104897633,-0.19708737130102233,0.05303092737415597,9.86969762137283,4530.399705086974,4499.241338613852,4451.905099028478,4497.251076469073,0
9,20.5,0.04432902823698641,0.02380174043982136,-0.014674457289483578,-0.03327118455826366,-0.020520339098078454,0.03817910894810944,-0.16651571520742792,-0.03182449147568354,9.817684435795284,4534.498114675202,4518.434716533916,4528.884336984719,4509.0555997209785,0
9,20.6,-0.04227054911057462,-0.03068302339542734,-0.09326596392412789,0.011815616838524109,-0.013878444378451154,-0.03152002504227866,0.0022491238186848317,0.16413124465812798,9.941426781588646,4476.814397261966,4504.5554297169865,4549.539352814875,4518.455379852869,0
9,20.700000000000003,-0.07991261797495303,-0.045761971431888225,-0.09919355025031203,0.028814596507199367,0.025125624717273115,-0.0500029582228492,-0.06465802198073294,0.0044691782662283595,9.824933809218692,4471.1302221203105,4492.526079753044,4456.391901904403,4538.169621147331,0
9,20.8,-0.08801652564158398,-0.08857197109463738,0.043503945451193016,-0.024737524756681083,-0.010019299162690799,0.005053828888209294,0.0675300829866837,-0.022108211794887436,10.165834359455959,4499.986830340203,4535.723841247763,4508.3566734109945,4563.93629274022,0
9,20.900000000000002,0.05291817519620943,0.002173488773630662,0.0628830716907481,-0.0052163171106186365,-0.0054179967671023534,-0.10427286624284683,-0.08082616024671287,0.20609713851557215,9.569193725744285,4480.335218616491,4497.188439691227,4498.187721157423,4511.511774591929,0
9,21.0,-0.02345603540570315,0.022268818349816873,0.11423854411467252,0.025332646879630005,-0.0053502360127368025,0.048907474312237166,-0.11461336221411887,-0.07217160452723304,9.575253320261892,4498.62765933721,4474.223421709202,4454.379193235856,4488.419843322566,0
9,21.1,-0.08642918878904761,0.06635965518230712,-0.05575230612432738,0.019706321472762578,-0.009841349800699437,-0.09559502607604806,0.11755239713559192,0.008870358310773844,10.18738185718246,4486.004312213004,4486.652091013007,4530.143725266574,4530.352579514972,0
9,21.200000000000003,0.0076715193257325814,0.16676340949040722,-0.028056079232035132,-0.02538926473938035,-0.020051100811614306,-0.02197915914873814,0.1518775005491651,-0.01863438621466802,10.123210419673228,4513.032753461343,4532.501078890816,4511.615058798804,4511.377440198658,0
9,21.3,0.03763553005530375,-0.02833542410428727,-0.05557135445474877,0.0069909397232918915,0.03882222951012045,-0.1232602580213584,-0.20291856194400273,-0.026374383622861288,10.01616941609875,4501.541282570405,4464.920104595549,4502.372804905992,4448.010803613505,0
9,21.400000000000002,0.031445853043708755,-0.015455400822654577,-0.008203249954543008,0.008543709410222847,0.004113778347522183,-0.0433007658984889,0.1033612837646471,0.07969325646390535,9.455143161555148,4493.092719855822,4467.591396189112,4461.958257024137,4516.054008705349,0
9,21.5,-0.02096306403326202,-0.0071385824473205045,-0.06696849337770604,0.007403509056396555,0.01356693770638063,0.173620389038106,-0.01809742644981515,-0.14484174747755116,9.709221261913697,4525.41179764145,4476.820644296091,4455.536172016351,4477.445469411358,0
9,21.6,-0.026668295887465717,-0.05413347739823282,0.021747651411643757,-0.001580445624134397,0.01579410481637594,-0.03566878679404714,0.055806476856850175,-0.04922707940236659,9.584077527638254,4483.709425942622,4451.451984328491,4553.64646919949,4504.27499243358,0
9,21.700000000000003,-0.03977034451652315,-0.018882208114103016,-0.24504639832400696,0.02868706450143635,0.026730960884284675,0.00860335233280772,0.031946229606340644,-0.12676767769256603,9.571006020947896,4449.081115524368,4495.167957426792,4531.831062145978,4488.503561138929,0
9,21.8,0.01738479150888085,0.048941694744678306,-0.16241006779780384,0.036911308507585526,0.02314640774862535,0.04111141742083409,0.09240945305360726,0.09710763032750698,9.868527977317964,4542.848338586777,4486.420189541476,4513.854336155862,4539.649284037502,0
9,21.900000000000002,-0.13455998780296055,0.02189816729870788,0.07246049784433548,-0.03416882731768885,0.005636401720331673,-0.06349647842877111,0.039680628159123654,-0.009499929641075091,9.620734366165943,4533.289909908043,4487.449049280315,4508.098913820648,4539.421428704523,0
9,22.0,-0.045834724719159066,0.0004024623986413671,-0.04953271450433396,-0.00544359289075448,0.04312170415812915,0.036542070725622364,0.031359267662220615,0.05240873339314603,9.896051925516494,4445.225593830444,4568.902824615666,4456.0689142458405,4551.977827980789,0
9,22.1,0.030900768251112577,0.009038950906723584,-0.030548497607664173,0.05210321102186596,0.012089791203488525,0.0014150451934719422,-0.053526270451034,-0.06551482687470855,9.820122169434443,4472.081909050163,4520.389531438343,4480.63072898291,4530.148665433375,0
9,22.200000000000003,0.04912936906556434,-0.00277178395620961,0.058030222985497704,0.01260727819053596,-0.02924663218289601,0.13853543909228994,-0.025574371428715444,0.06955735134157004,9.954724702210566,4425.3138872539375,4480.292124157516,4525.211064612781,4501.867573783056,0
9,22.3,0.03444846681690349,0.004618328072259196,0.12293817938031451,0.002280677768888213,0.028481781935609525,-0.07840228617696356,-0.012764006947894459,-0.05933995685820381,9.887727212812454,4491.639961653523,4493.114574387191,4478.857009102492,4486.177934492143,0
9,22.400000000000002,-0.0005138531958338679,-0.10106725755915864,-0.2301763856031177,0.0011829188461496536,-0.05538353130467083,-0.0154513821446457,-0.0377163761191214,0.05420378698608735,9.675596324189614,4547.0854430787585,4525.444886196913,4454.631179050454,4491.4696092757695,0
9,22.5,0.07635925720919376,-0.0348815952699767,-0.005289232502541122,0.028082551517095537,-0.010811912321255564,0.08983839520663138,-0.09099996026136192,-0.28876138501461196,10.055705863288125,4513.162051201724,4515.1369282600335,4467.211116260842,4469.599421505094,0
9,22.6,0.057521825986806996,0.01216036537021315,-0.01174560573377597,0.0044185332422832825,0.03017011060024601,0.05789505816420558,-0.0474645197385158,-0.14034878611200519,9.927610752365558,4472.280959680973,4464.528691871437,4539.472475606222,4526.172172402745,0
9,22.700000000000003,0.019284296334024887,-0.061919853046862476,0.17892660607670824,0.02057736629431699,-0.006075712021247884,-0.04122240465286925,0.007848974130893457,-0.04784186665386511,10.252370791357022,4488.4341487588545,4467.963513853793,4547.652475749992,4482.928145001387,0
9,22.8,0.03932150540583645,0.033769380304303535,-0.005856205054505421,-0.019459935290453922,-0.0009636585395678096,-0.09358888850657751,-0.0023717762536903317,0.07727814664596581,10.1535560132384,4467.364526521671,4492.486241880122,4484.255667473241,4508.212181325224,0
9,22.900000000000002,-0.07609041881554102,-0.04643313385624834,-0.16920165580686355,-0.028766090813302083,-0.01320875587824171,0.133670609026071,0.03476004769326332,0.006499587359980638,10.079377200805697,4511.507936435502,4514.3272833419105,4485.809266044606,4480.880149331728,0
9,23.0,-0.06555634748657095,-0.030054478302069594,-0.028052341409905243,0.00689437895033841,-0.0007351683008940712,-0.029205557269415105,-0.09116767518967495,0.039912680795521044,9.710446782593232,4510.61389523976,4442.601836712194,4510.092634889097,4522.407207083887,0
9,23.1,0.0309765429681874,-0.009836021267534736,0.09153183154243771,-0.025459177659116948,-0.0017841213041306042,-0.015471664092855922,0.1036399689041087,-0.2020493170524548,9.59837405641454,4552.417524258915,4427.083016284651,4524.432719150625,4478.990185109185,0
9,23.200000000000003,0.012735130182304995,0.07068912019296769,0.029320687107883034,0.02869066753522035,-0.009846983615736032,-0.028814100467432605,0.07868422488477253,-0.04394304602823316,9.929469276207602,4535.514126497331,4526.050106828621,4452.632653036602,4489.758576688514,0
9,23.3,0.014091624202741085,-0.012194676981469602,0.007936601339153318,0.005901414885385199,-0.010531362414351392,-0.01547511043646911,-0.11810347280068552,-0.047784178690732156,9.504664279446837,4503.494900870781,4494.203333869244,4472.526143638541,4553.557794264865,0
9,23.400000000000002,-0.012270574152342043,0.014327647203981006,-0.06386331648454624,-0.008286960414746003,0.006488269416970719,-0.026580083984551015,0.00033033568882679407,0.08068246153534646,9.70639476409623,4460.035164502863,4454.212071309647,4543.153171091606,4527.934401017267,0
9,23.5,0.032789983359386966,-0.02180264029360063,-0.1333080010987834,-0.005646032269922952,-0.0018670874257209111,-0.09052413333978232,-0.146965631304862,-0.17303126064039326,9.94147863750877,4463.83925054391,4509.282309621478,4488.066004397782,4517.6891372632845,0
9,23.6,0.01679122559845085,-0.011596870894564312,0.013045342520921724,-0.002206722167534255,-0.012306943012661433,0.07840662283662904,-0.04230737532419984,-0.008685014625147987,9.526974980068498,4508.221338115344,4481.682552085636,4485.694540225263,4474.813174173467,0
9,23.700000000000003,-0.006199822394417429,-0.10032363075184968,0.06823570129132595,-0.0007732954935845646,-0.009345712024044142,-0.12385845326327342,0.04330666864799704,-0.06343275602950758,10.071217374049663,4514.589568869894,4546.039670660613,4504.1091012236575,4532.334682834865,0
9,23.8,0.023138552264910853,-0.02254907061018982,0.018721001848413448,-0.016679725329178722,0.041375588659487435,-0.008069208776433088,0.0026210291518650912,0.03899858616335189,9.592610935136655,4539.641133169997,4469.240113476959,4462.455883129158,4495.004279618909,0
9,23.900000000000002,-0.06396487488947922,0.07809702680956881,-0.023070326968305514,-0.06442334995680861,0.003998970362500842,0.04428047894832323,-0.042143224839021776,-0.13558930257612087,9.7893385966667,4485.548835983194,4470.732842404229,4468.085247897157,4504.687072468121,0
9,24.0,0.04515109001948279,0.02307719189985486,-0.172799785858838,0.01230956009111965,0.015449480240540981,0.11149574006782131,-0.09498877560918947,-0.005660263936462753,9.923504850060766,4484.173389055812,4516.557295510399,4499.279210213463,4474.606355500334,0
9,24.1,-0.03806211193452732,0.06246446781374282,-0.0996418662396672,-0.023360005683392276,0.006887577294636189,-0.0024458227473995527,-0.13116213774267385,-0.05194201740895246,9.64664370434789,4480.749973612593,4575.7491119042,4490.9226028597795,4473.562471674835,0
9,24.200000000000003,0.10108937453998249,0.04441273990961979,0.07248255605854094,-0.016661885886027336,0.02382966715373012,0.06530196705862709,0.01470895818380148,-0.1716303122872247,9.806015999504435,4551.897921424961,4506.611484592261,4488.706004187544,4493.14627970734,0
9,24.3,-0.007962615340690829,-0.03998071068884694,-0.0041244829362815155,0.028854690590910993,0.026589097578219582,-0.06034687282592513,0.1275897384550694,0.07611413126527504,9.936667707522332,4512.957356449204,4472.0887086366165,4487.8326544512865,4524.987552093639,0
9,24.400000000000002,-0.06034351719374738,-0.052038755269793804,0.030619742476590585,-0.015790653213182064,0.016477887074015336,-0.060337436500523624,0.024438014486314684,0.03280715646507312,9.713581064420506,4492.810601110362,4479.599655598801,4499.4418588304325,4471.149382797362,0
9,24.5,-0.011175387574852933,0.037424550389760794,-0.11367510790606711,-0.009741388239557877,0.01036524819969898,-0.16621158253445298,0.18555840363993373,0.10452579140309336,9.502332883952537,4436.874126002048,4500.888527620022,4466.392674122936,4528.844798705953,0
9,24.6,0.019700108106584402,0.006168950816863528,-0.05702563850236023,0.03200015279578706,0.015069042014433705,0.04825326472165166,0.12000559646274422,-0.10188608634928693,10.066947573807818,4492.06175110912,4510.041890898074,4495.306109709842,4443.664031808792,0
9,24.700000000000003,0.04786741304861239,-0.0912241661453728,-0.0966520600012575,-0.009056492608562425,-0.03907231092018558,-0.08804980982429664,0.024482009078403144,-0.034665119153553685,9.75716942525497,4472.549806470342,4501.385439712737,4490.242559244102,4450.771037969449,0
9,24.8,-0.010045933478546393,-0.06209559134590703,0.08976971119425649,-0.007830134693972087,0.05043048861461572,0.07735220292171617,-0.013026917528716864,0.05794788332239186,9.392040162257675,4528.871382207292,4475.391285085275,4502.691991111331,4478.1713246145,0
9,24.900000000000002,-0.03106591876216811,-0.009056604498971268,0.007683277500661805,-0.0005383176157858475,-3.969248276056589e-05,-0.13005461659851547,0.23320496042641092,0.023198032906801013,9.897513469127427,4489.800266676149,4473.775359163272,4504.531071929106,4508.678307319231,0
9,25.0,0.06509044387273664,0.10388088417573989,0.14770224039902152,-0.03533057846839918,-0.009208362816195857,0.026865369596349407,-0.04002856524124338,-0.004382681674573605,9.380972751181364,4527.426390029499,4443.736342835807,4452.82531427558,4469.55987647125,0
9,25.1,-0.004876697688439964,-0.08113626775894296,-0.10603922340648304,0.02297890084619089,-0.0022472070605084886,0.034683758295844955,-0.12362427842497446,-0.005383602455722959,9.782826678737727,4476.141885872808,4498.4676868764645,4443.2362412153125,4513.158262330084,0
9,25.200000000000003,-0.019974635877657146,-0.012860969591173891,0.08517658021167833,0.008640669549160186,-0.006366783781222236,-0.08932688232896267,0.13286614047875908,-0.13401220019276858,9.935873380520231,4452.078181673809,4527.536199094354,4530.318025586507,4442.621674704346,0
9,25.3,0.022466752634396743,0.018325182387492735,0.07030493046860263,0.007304805500366373,-0.01924631385580445,-0.017378637397589675,0.1664646536433969,-0.11078134759495734,9.874571591670234,4534.537616218651,4470.277415734181,4457.496400586526,4462.016929990466,0
9,25.400000000000002,0.019748568078819986,-0.06373018864958471,-0.013536004063207652,0.027425427926064404,-0.0010261624881726208,-0.062225023052864294,0.01254096727133857,-0.006867285406832548,9.900531527760648,4548.574336614565,4511.903065765109,4561.013475352977,4513.659057104326,0
9,25.5,-0.0383665646354022,0.11441514971143003,-0.012481801734521698,-0.0210978446378201,0.04647457327259869,-0.05864935089443835,-0.07723894320358954,-0.05514705080444088,9.842925282664442,4527.925841923467,4420.536251589355,4527.795014559345,4483.363961930111,0
9,25.6,-0.02064472215800667,0.08575959054606587,0.02133081598689999,0.008954026957302031,-0.0009712022963912607,0.06109140671058684,0.1618010572954878,-0.24750652830730396,10.026923598147249,4546.41099191626,4515.0318974370175,4479.679127318855,4465.4318265629945,0
9,25.700000000000003,0.1180922843456631,-0.04524918433114322,0.15176415710562519,0.0078102264895154325,0.04091661612029642,-0.025460813144789256,-0.16075809236168878,0.0002170847195942376,9.512710472419917,4580.3118159362275,4518.884946722426,4523.343913480634,4523.363108490782,0
9,25.8,-0.034679484031166344,-0.006601524625852755,0.01103646313597716,0.03887776926838913,-0.023141835971646648,-0.05828671118038396,-0.03629311062260155,-0.06736466591106412,9.51821470909649,4418.858864387253,4445.194666029863,4532.970897977445,4499.753432970623,0
9,25.900000000000002,0.04177694581270348,-0.029125679795418108,-0.009833566025909343,0.03226315001917767,0.031054452113148338,0.07535777060738191,0.020241778729041895,0.05179694275492406,9.88412765972908,4494.9921961903765,4487.8689057167885,4533.671038359033,4461.1311735331155,0
9,26.0,0.07436791386243212,-0.013772140337390718,-0.13140535046976828,-0.010910097153932244,-0.017488157741825477,-0.04605394816830801,-0.0593953518687165,-0.06336947713752229,9.748408586372033,4498.056800038168,4522.915789055429,4492.651421040387,4509.780624198828,0
9,26.1,0.00037656560242688077,0.02702903852464797,0.004667533965586018,-0.012936435506339399,-0.018363993052811726,0.016818367880337172,0.12733784899006387,-0.022912462700973482,9.66982726923436,4492.314879741853,4483.1581646729255,4479.990584426642,4456.692162554992,0
9,26.200000000000003,-0.012220414313094424,0.011788857692169369,-0.1081904157198052,-0.01756679500535708,-0.01896123988976426,-0.11093423736369613,-0.09555921036392671,-0.019785642882595888,9.541588438791033,4495.873725976055,4478.895996226188,4472.130538235391,4511.316264491194,0
9,26.3,-0.032006280265695124,-0.023500693303382506,0.1298006810000217,-0.018401112674839428,0.03131749095184728,-0.02782329032421285,-0.11361346328719651,-0.05539483410620169,9.823754981324475,4537.635115795221,4523.9647442568985,4501.917205495071,4537.798679444673,0
9,26.400000000000002,-0.09405185239337428,0.012472076502992709,0.0309939726625601,0.006442849351579681,-0.032203023319774184,-0.08135299213427788,-0.01664744221577263,0.11147915049614782,10.193052899143533,4480.066942452498,4460.704596240867,4524.4728430927535,4578.431100339027,0
9,26.5,0.05534703166505922,-0.03743163619970131,0.28611392932172114,0.013735992409378273,-0.015820264271833872,0.15474417330701687,-0.08699918113988403,-0.06210885186619435,9.955324164468225,4499.252840463322,4501.110213960143,4501.160745049284,4533.434397776105,0
9,26.6,-0.11621953198558116,0.014225694294323505,-0.029020337708051788,-0.015049920650612319,-0.015102728358666682,-0.2109687735375376,-0.07984181036011943,0.12904627249393372,9.976410975605509,4494.258547128165,4457.662328344781,4524.656093167774,4539.295452349813,0
9,26.700000000000003,0.05170973353988323,-0.048436277749318496,-0.08648786808626871,0.03311822517688428,-0.02418542082993921,0.03825706924124567,-0.17777361470731945,-0.03003153673739155,9.927030080146872,4499.101021285736,4515.717399631653,4463.213847730388,4475.39994106513,0
9,26.8,0.02409091892494345,0.03484440710261876,0.02198128530628626,0.018941154833166253,-0.03314415877142553,-0.03729583602774878,0.1822683773226184,0.128346882899372,9.93672763300151,4495.338990799335,4531.0444688504995,4512.874245589848,4454.476789061783,0
9,26.900000000000002,0.04978812235280647,-0.04330217071611165,0.07596882500181774,-0.03231945577488597,0.03198038664200417,-0.021991710304169545,-0.11093363322211769,-0.0688505233070774,9.74263018053726,4499.8269085071815,4539.54436909019,4502.104278494322,4434.872496068324,0
9,27.0,-0.06148692560844557,0.13787673962080502,0.013538879566292598,0.019015802280209694,-0.0061669227898767725,-0.080368905136549,-0.04812822223818036,0.012832608405840166,9.717952732554586,4557.554032995893,4481.512416173201,4468.354931692492,4524.26408279107,0
9,27.1,0.04660012519224732,0.0014988560769242766,-0.06021436225407276,-0.03801317628346033,0.024414430448882203,0.06948487279373683,-0.04398883197490957,0.005957247842972673,9.764664563495678,4548.86190723859,4468.862450911373,4481.398155179402,4478.498212828081,0
9,27.200000000000003,0.015508064322113688,0.0028064726848636232,0.020006816346281608,-0.017612142510823325,0.029697936608207888,-0.036323608577698945,0.11875899493965253,0.3139113997281344,9.635332789237125,4510.271546996139,4496.051890852323,4560.926446647685,4491.580382175447,0
9,27.3,0.012434573875904307,0.011343415975566333,-0.010039876994784135,0.015109475357336899,0.0018679280091008933,0.03854813904360649,0.021360270485696397,-0.06045377257106385,9.75620758805496,4516.662685582289,4516.5408090571,4537.350271464351,4555.77732443516,0
9,27.400000000000002,-0.026053443862050458,0.006743707913981963,-0.019340580955180642,-0.02214615274797753,0.011291102776088434,0.062226973120468446,-0.10769912261865151,-0.03744993391753191,9.715582095514131,4454.747258903245,4498.908680095046,4465.642749706843,4504.76981073766,0
9,27.5,0.013456076247989527,0.019651139165236295,0.04413221777298799,0.030618814331950708,-0.016172922816311816,-0.06067854528137894,0.06551638971761418,-0.01319815253157142,10.035065321411656,4516.850663770982,4557.543339848786,4497.260146506819,4455.538812840403,0
9,27.6,0.017033070998957327,-0.0035837078957039305,0.05344874865145707,0.013252143733504081,-0.010690970301918458,-0.08072045268201242,-0.014594335001238624,-0.23811915357744562,9.826133451757244,4487.776857745915,4525.85025133478,4440.424543993707,4500.190359294019,0
9,27.700000000000003,0.07881121423585696,0.03377006639755094,0.09806719956878628,0.006794670452598953,-0.03323068139801319,0.013322333848198198,0.04084893600640043,-0.1078224544190774,9.784689231328134,4412.967881128682,4489.977054721746,4486.908721715511,4542.0671806684,0
9,27.8,-0.030161155131434664,-0.01331785292977395,-0.007922877727680846,-0.0118064004786076,0.014395828436643181,-0.15939136110855043,0.11365767041441299,-0.0011878118315869293,10.070329426959086,4417.583035736572,4426.913120381667,4491.240643212435,4515.177461640017,0
9,27.900000000000002,-0.027746635800158716,0.029192291504125775,0.09813097574429633,0.013319990940427363,0.002065370087601623,0.007648227972324507,-0.0614795086388384,-0.005537432420377761,9.605153822553055,4476.458115979169,4515.430925986403,4486.113566054059,4477.87314317492,0
9,28.0,0.02246155065924965,0.018994982846520857,-0.02152995854486113,-0.0029787086144327543,0.00831895779759814,0.07751656931071126,0.020108565915376138,-0.11920339103771126,9.76571450144731,4487.785504866198,4468.410416808767,4514.937982968063,4517.24557738186,0
9,28.1,0.03631042108529799,-0.049545647704104495,0.015745093707917324,-0.0001255046568825397,0.006148061866837716,0.010378119319855432,-0.00125459449163058,-0.013272375947454765,10.031368122005105,4474.145579774421,4494.8048738770485,4532.441120004179,4475.668322279058,0
9,28.200000000000003,-0.038004396387199345,0.03669704722259047,-0.14239138406470428,0.013212622460529877,-0.009792691584939268,0.0328000492416338,-0.12207345670556265,0.11850762665583683,9.566552270022092,4521.7485106064,4464.73612848672,4554.249026132672,4497.858546544346,0
9,28.3,0.0975428547498492,-0.04094437437053299,-0.04426506960487956,0.024214384074643384,-0.02852392043550232,-0.055941332469595366,0.04950684296893321,-0.1018780576696333,9.91436348440381,4505.112131550652,4454.590631287734,4529.033063639504,4462.1270072041625,0
9,28.400000000000002,0.03856395484864686,0.00642376991221405,-0.04550124647057421,-0.022108050499217678,0.006585386508162991,-0.06980198347820218,0.12079534760525766,0.12444506093033991,10.1384068041972,4508.426923112259,4487.870705835048,4491.09292257988,4488.897372515932,0
9,28.5,0.012400276916455353,0.021830362779430127,0.12315643660168979,0.0004024683119206332,-0.028064546610671173,-0.03259367411695215,0.1555851780056523,-0.1556578570472014,9.957829992080276,4488.282806592497,4473.496070688015,4511.8683314733635,4546.828590768683,0
9,28.6,0.017022208839158552,-0.013127210502061957,-0.12960492396063691,-0.0019769832220547304,-0.02664299640578882,-0.0247939377136184,-0.0063057648391603785,-0.2360541490710475,10.087664440917578,4462.844355806387,4494.42122396488,4516.0149973743755,4539.256491545375,0
9,28.700000000000003,-0.03960765031864161,-0.12545926304864477,0.10786637160112869,-0.024989897728524193,0.0071888648716745655,0.03372717601085168,-0.3252029432671587,-0.16148367715444398,9.717837758656573,4422.476162431823,4459.858461712278,4503.6863568038,4497.345490437262,0
9,28.8,0.015132721532213608,0.022461048936442598,-0.16818295669796135,-0.025696965268252787,0.015227323790241,0.12194641928021441,-0.09674080488622126,0.02589055940969569,9.97141657866278,4507.126668515679,4492.537010837371,4480.78050016653,4559.5580761429665,0
9,28.900000000000002,0.004810452076348733,0.01944710156086374,0.0324320080746912,-0.016248368140016244,0.0010164204662861053,-0.025779415030248148,-0.03401475911688847,0.03169591410187639,9.626871405352933,4463.856347375888,4515.081751812163,4484.05168222114,4489.6495283916975,0
9,29.0,-0.09643982763383308,0.0481541391088317,0.05240162119156936,0.014161375706236597,0.007746512407954886,-0.12127655629522116,0.022899896467915192,-0.060913350234494915,9.617428578953293,4515.001447243371,4549.75526750258,4544.800182568691,4518.664350555318,0
9,29.1,-0.0015114079729598312,-0.01077711604594564,-0.09045035864432271,-0.005394663674133532,0.018170479191762887,0.14585113056199495,-0.0816481306964039,-0.1995013484671699,9.703825200777539,4527.1186233861345,4562.168318719772,4539.301236199704,4538.558556371351,0
9,29.200000000000003,-0.04247801768373702,-0.04106946867745043,-0.13238096372662078,-0.013309594722508616,0.01828195566822331,0.12995897495479405,0.03455172712828626,-0.025512096000991864,9.596655036465316,4496.624545319602,4506.093789829517,4456.107837816804,4527.644187855204,0
9,29.3,-0.02119569981543297,0.04307079205506003,-0.0010919962050984229,0.005944333857746139,-0.01403898420162615,-0.027569222865235953,0.06420421233619568,-0.01314982347383739,9.589005196860567,4503.347221651568,4511.570250505152,4541.1866557701605,4534.576598059784,0
9,29.400000000000002,-0.0032317773176934145,-0.027366758233212274,-0.02283013993616907,-0.010474670147558474,0.010123224514078938,0.08333320980925199,0.12398343592940891,-0.041220645249766506,9.707594720117177,4487.3881672632415,4442.0388914974155,4463.915629243593,4498.963409821839,0
9,29.5,0.018963587022198476,0.024558652894127304,-0.07804944218705348,-0.009822202956387081,-0.005390076132789219,-0.030490071906844742,0.06880177206646641,-0.13081741099619287,9.580140878991411,4491.046941130577,4459.03188889987,4442.985891631301,4455.195685211407,0
9,29.6,-0.012135729422438343,0.03152654081627376,0.0651366534392826,0.03175830865078183,0.002033302351417209,0.01889604098630624,-0.025040703702834444,-0.0201826465736009,10.226109066319044,4507.840543117651,4510.448228072823,4465.646570912491,4512.312668247152,0
9,29.700000000000003,0.03291659896617323,0.05551550639689328,0.06300845249015015,-0.002534764561679669,-0.0033884662572641754,-0.005766454301512228,0.010718704356090326,0.12676504408061784,10.024527909840241,4522.587328611773,4560.876299414109,4420.312848741695,4486.198242770219,0
9,29.8,-0.0005636309557191442,-0.03361147369804864,-0.09297507246523912,-0.03434319280726414,-0.006226572241685251,0.0715221643073465,0.0773936342304273,-0.07521298862407018,9.854049015706337,4540.7279944564825,4454.397988639643,4495.234920588824,4508.5948887242685,0
9,29.900000000000002,0.000500767001839522,0.04253166970086971,-0.1497826029661866,-0.020116373215948263,0.01364082685391991,-0.1361779248876012,0.08117678410332767,0.04498181562319131,9.958383947941073,4485.921310417209,4515.295153101403,4464.831372895476,4487.564851726011,0
10,0.0,0.0018169470138766635,-0.04493747122784549,0.021810686803426127,-0.022884144575865312,0.005373016196700219,0.13934802435098229,-0.12566656386173586,-0.002256011627592551,9.48640778839097,4475.011379457287,4521.058475152184,4487.081141946296,4522.272304163054,0
10,0.1,0.017794167933837868,-0.003225913566999613,-0.10294125947234666,0.013709764369950755,0.0060826745690298915,-0.1222432326407484,-0.09645255932833191,-0.2769028881551366,9.53687463874325,4490.598712169389,4468.324330789569,4475.05000211839,4541.717104727273,0
10,0.2,0.05144066620190332,-0.0347334093880301,0.07935376344025157,0.02429745705808349,0.012370969831715112,0.02391419864335163,0.10983230777184048,0.07695179799574127,9.567381147288518,4494.332032381831,4483.437927568214,4534.574204517812,4482.587338476437,0
10,0.30000000000000004,-0.03760924856549219,0.05133410372358197,0.025967101593177007,0.04223564701263282,-0.017244830456129102,-0.041506874357279955,0.11219677374278254,-0.12791003712610216,10.073938471585178,4463.776338534462,4518.306706896331,4444.708469206042,4501.35389519965,0
10,0.4,-0.06847652446924145,0.09631376185057436,-0.10716305127955149,-0.01657714017961684,0.010708519126057454,-0.04807661031173908,0.06999533570192012,-0.07108901786657876,9.65240980867949,4499.173238817583,4463.492084791195,4511.8909909400245,4526.318955596093,0
10,0.5,0.027649831999621885,0.032164043568912726,-0.19248552199653335,-0.00923295491718115,-0.004541303312874247,0.11635621374364793,-0.058130738833996026,-0.23017344927901628,9.609206098600636,4480.164203478366,4435.30553598217,4529.061075621176,4452.912599034448,0
10,0.6000000000000001,0.022301077411604416,-0.054619836284826744,0.15069843673050776,-0.005523073955563106,-0.00958223309170855,0.04226035573253267,-0.10073004845207419,0.057554647389420115,9.713666275032702,4482.161944601698,4497.372938691482,4467.3098869204,4494.2732494624,0
10,0.7000000000000001,0.016974252356130325,-0.11543706993588812,0.10913075295376001,0.01631956260255798,-0.03709154349132743,-0.16083458365509185,0.08419066256011948,0.07645189085160549,9.93460695079828,4457.19228589493,4554.859266712305,4477.349973995534,4507.184296230547,0
10,0.8,0.012588951091941858,0.07964655763986783,0.012516729994374382,0.008316827113490613,-0.0015425175490816545,-0.09572795109693584,-0.23186605964369808,0.003257987479398445,9.527527381897045,4510.5053164594165,4504.4625026155245,4503.733010881421,4468.412261416126,0
10,0.9,0.05182720381806834,0.02373855486148074,-0.11816997830645828,0.04137095167844528,-0.004215826351696163,-0.1067429200527046,-0.07583519842618285,-0.15088908615666072,10.081885383537381,4532.413449804875,4522.184387242091,4516.534257055586,4537.450264824492,0
10,1.0,-0.012099710621096908,0.021133107173952805,-0.08118915303839981,-0.003068971048822802,0.009001543463347798,-0.24649142590212697,-0.06197107756347167,0.016498713977418294,9.794496786811726,4486.4281102276345,4517.674558164224,4478.7686288037585,4463.342776200404,0
10,1.1,0.059188305314477774,0.05213242629685988,-0.059914909760262515,-0.0013738913937339343,0.016919793747140897,0.003522746138459868,0.05302076068713477,0.04755667937267445,9.746165956569039,4515.477720080442,4471.051691219262,4511.828229542357,4497.777070307649,0
10,1.2000000000000002,-0.01803602159576296,-0.062336793473167264,0.013165926095919087,0.0007706055531288938,-0.016792729243115305,-0.12774974561750385,-0.16444751006314595,-0.025407298955955927,9.871299527884359,4555.4991478290285,4498.6453546484845,4451.238418452646,4493.7924549526115,0
10,1.3,0.06256824492594747,-0.03413978042506234,0.11186035774008912,0.003514494260699927,0.012937631090417128,0.14870847985632346,-0.1837263907368274,0.08965041830082392,9.791059776423737,4471.524583999391,4496.980960892307,4550.729128294546,4540.04837939267,0
10,1.4000000000000001,-0.10003572305956517,-0.03849198530079166,0.09428942355693679,-0.0004348815556606489,-0.0003602667975446278,-0.12546611646341205,-0.07454768422990277,-0.1358205747033914,9.479336504383701,4462.267860498074,4472.15706727661,4477.166595932757,4474.7361083381875,0
10,1.5,0.05102280367088004,-0.04535721025101794,0.1426184692185632,-0.00967951755177918,0.008783973195018375,0.03769144651190942,-0.08978434207927971,-0.03280905650077003,9.709411232611929,4511.173221384325,4496.134665317465,4477.54805178159,4503.57174865978,0
10,1.6,0.016980804156498008,0.09250223392712938,0.006812645609590111,0.00020016693617077832,0.008567972209200074,-0.07595218901302869,-0.1725509601035492,-0.031210209172082188,10.024419819595549,4537.00655139506,4443.618458828056,4519.982384414804,4434.456059945171,0
10,1.7000000000000002,0.0229590277416293,0.01996796564483279,-0.17239800295155436,0.020000922862633743,0.034876718025818376,-0.0049984264801980986,0.014099987497696337,0.14791162029869057,9.584733593182404,4466.967676271313,4474.818494882424,4501.11246312933,4501.032475327875,0
10,1.8,-0.027664513764012688,-0.015024020572876919,-0.053956823495075315,-0.009836000227612232,-0.01537042920557173,-0.0608351790779348,-0.20009438349276004,-0.022367509437798385,9.418884135556546,4522.516773561223,4483.202464675645,4496.41771263851,4488.803711017441,0
10,1.9000000000000001,-0.01220568876741137,0.0631687407798359,-0.13514964119272818,-0.03246633844684969,0.002387446533279279,-0.03967037789914551,0.03596239213439461,0.07165772397413153,9.588731348686963,4518.101665297944,4469.341695392415,4502.237255728143,4462.892588292186,0
10,2.0,0.006607187859566406,-0.0010438640460950375,-0.11029294886061453,-0.02716822682695489,0.015012771681939771,-0.036240036214270535,0.10120309622323459,-0.054339372982467264,10.070435947123842,4471.548313350365,4544.182396725336,4505.231155891742,4511.993902223061,0
10,2.1,-0.050201230672221354,0.036460759146539345,0.07639281324111727,-0.006488697150504276,-0.04267990784001434,-0.0890662852730694,-0.11134806613919589,0.044935281754134755,9.716993532095971,4486.631708511833,4483.010631904158,4544.078708334659,4501.360558824896,0
10,2.2,0.00988701677916485,-0.03096947557189944,-0.0029638657007196346,-0.01951378685410429,0.006874493551158592,-0.09172428623784244,0.07442198455991583,-0.07349522727717606,9.99967856259764,4557.218827730459,4500.033033345755,4539.348453664286,4522.543468469563,0
10,2.3000000000000003,-0.07163910195178963,0.00554638887592538,0.05011987056892227,0.011954306308525918,0.0035641360994998444,0.013224911706177693,0.0005087358115233962,0.013317608599368543,9.565264205940192,4492.91367657064,4456.410559355654,4485.07116951738,4482.275833466973,0
10,2.4000000000000004,-0.03273314868352702,-0.05260040788945239,0.02692772737968871,-0.00636140611423722,-0.00840852511506,-0.11260591955970213,-0.02978611921969897,0.11455327999159647,10.042161261972069,4511.205377391553,4491.145380746405,4516.769484906736,4479.9793923546995,0
10,2.5,-0.014962612794169031,-0.037126122129854465,0.090836642716409,0.015600119219832731,-0.0006936451809198699,0.13850018474324513,0.04125145807709468,0.035622754633631175,9.859824049308019,4462.131395468003,4473.171605057779,4498.360861389414,4498.608495636861,0
10,2.6,0.029488135010521818,-0.03339335545271902,0.007068670075654385,0.0017712026220696574,0.0025639016355224944,0.001313161364262527,-0.1403840018551996,-0.22612184636577803,9.62164727283855,4484.066309316033,4464.646443928486,4498.329783933769,4532.703209063646,0
10,2.7,0.03630165827139398,0.023316664770680527,0.09853107386625032,-0.018492460886604598,-0.009135925393418481,0.04918774904465777,-0.04745300091719938,-0.04198264901511303,10.182483824381855,4502.8632623359,4552.908786006022,4445.301100007917,4481.074010861901,0
10,2.8000000000000003,0.020440829032596385,0.004686628988653963,-0.2055546263197086,-0.004591583611444349,0.049460351932374066,0.01975302174640779,0.06044359999987874,-0.06439431679251427,9.85865682947927,4499.63015405294,4533.564432952167,4532.6100266033945,4512.225484344623,0
10,2.9000000000000004,0.0035482907797272385,-0.08395537679480208,-0.17139554370954935,0.0016382182679503497,0.01749268222923311,0.10653968455649368,-0.08897387503736211,-0.1509238593641279,9.996591830578916,4475.559246987049,4452.687951969816,4485.189655256427,4484.667030998273,0
10,3.0,0.06600855381536735,0.04328169573407677,-0.07373871027633307,0.027959086851120855,0.002500517158287068,0.0848668508235275,0.13271785081222118,-0.026259290006952825,9.924263914825405,4487.797246066997,4527.903067857578,4502.708254314111,4528.809666571971,0
10,3.1,0.07623783319092314,0.027361591589748574,-0.009345985574185207,-0.001536557531799948,-0.05914063501957762,-0.057023545586507546,0.09325735203353419,0.09698812070148356,9.663086468379895,4504.937238532162,4494.322007337615,4520.688071361279,4566.258442900377,0
10,3.2,0.035423428900096206,-0.03350887272849571,-0.007841952809067326,0.02803856506205464,-0.028173538487686205,-0.04920461323910873,0.07099639320067097,0.12943312532053924,9.931793580454723,4481.799152543481,4516.096059039792,4512.428783002098,4510.524653010688,0
10,3.3000000000000003,-0.0048536838481170255,0.0026497154092813523,-0.09074998605387577,0.04960408449994985,0.003139988813543788,0.043880982484064815,-0.021791121642834185,0.08453103293794513,9.550313411687574,4447.631833934575,4499.085854777275,4561.621658253532,4536.249625036194,0
10,3.4000000000000004,-0.04042232148652202,0.025804370498654663,-0.06359894778305586,0.008528333748886044,0.01008787752492075,0.07411832967185066,-0.15656636971576088,-0.12655879888548527,9.794885888419008,4469.027299930063,4466.7083379004525,4508.155721376688,4472.518933066609,0
10,3.5,0.1128828445194229,-0.02665829936469515,-0.027023208420769263,0.005950810810342741,-0.03015910762291494,0.04068036097322761,0.03414676498338867,-0.03493055153777002,9.864785461519258,4512.848475384719,4543.055721369009,4575.007844039403,4468.15497037096,0
10,3.6,-0.06486737049707719,0.005137480565400768,-0.20789184806793737,0.012988304636510082,0.0022616152614571444,0.029382927940910155,-0.03035719351199467,0.025501576596840186,9.904447915528774,4506.000702169998,4459.647041536124,4505.160174816046,4555.618940581495,0
10,3.7,0.012044602923993156,0.006852780638408224,0.15600376578908257,-0.01491231115529745,0.017793552801735432,-0.04241258824417393,0.10865833433451362,0.07980481544675637,9.727544227334556,4492.021166210012,4529.334346242546,4444.3364729633,4486.742126703159,0
10,3.8000000000000003,0.03102087418122584,-0.015405338569749308,0.013486338020692476,-0.04082301891320811,-0.01708956191339092,0.054356213772144696,-0.07510073770644134,-0.1302459710822013,10.022321706590919,4515.470521622091,4467.343999415487,4504.155115332963,4468.321566158242,0
10,3.9000000000000004,-0.0076229528437807784,0.008799409476273027,-0.08084963992003956,0.01484665867050479,0.01794703404643312,0.02108524199198854,0.04139821515404013,-0.1452828838368743,10.082437445368706,4497.260250358306,4471.942309046238,4504.375074373677,4522.364099771667,0
10,4.0,0.025617478352698494,-0.05423451823942156,0.07576378895174983,-0.0012131816359837993,0.010024083647682426,-0.06412412004650399,0.10459115893866522,0.01827155262648218,10.047764662827646,4453.953956734316,4457.95742641155,4492.7991646009405,4544.028750599184,0
10,4.1000000000000005,0.09814054488368629,-0.04442131495373997,0.005304703161147295,0.0031030395056131053,0.014363152260761087,0.07079701331299904,-0.11143981929116682,0.006459336021737178,9.408296415246017,4524.323738491212,4489.841403950279,4463.838537620938,4509.976404298704,0
10,4.2,-0.018493462150274833,0.06307305153881118,-0.08925821355462148,0.0444591040012187,0.01709111085926699,0.10301555305473376,-0.10288362015484512,0.17884593771337592,9.567490510918347,4493.705649106393,4539.139698822203,4515.203072175134,4462.8251424811215,0
10,4.3,0.05677050309213261,0.016997722637126875,-0.04162002360549337,-0.030840185120992417,0.00869501059745655,-0.013074224237314079,0.015630934874723484,-0.15852013601705917,9.72626858832873,4514.409138646245,4556.293938339142,4493.841551314481,4543.298971772044,0
10,4.4,0.03936742104249233,0.011689248312667412,-0.10123417836661144,-0.019409570870619126,0.01235081741413199,-0.04211964592841703,-0.06153627187660998,-0.018061033903429342,9.777233833932161,4527.02303928581,4484.835069052194,4524.03720108073,4513.191154021632,0
10,4.5,-0.08369979936810257,0.014725383149165359,-0.26677584342771027,-0.01790446523303973,0.009261536931244969,-0.000851448020749997,-0.17678921059615416,-0.11191617669735479,9.288217377349556,4459.723102288672,4517.371900479557,4483.277011842745,4505.0983662517965,0
10,4.6000000000000005,0.0006822190769748061,0.0016291535249792829,0.10231324231130517,-0.004058212843420483,0.018213367461198126,-0.1981874714350002,0.11114259568440468,-0.12900780921097774,9.595412055384337,4478.861475315262,4532.515656624943,4473.32100452566,4480.32333662291,0
10,4.7,-0.048084385901288954,0.01276974004297189,0.07436083348876679,0.03408649031521262,0.047996349995735425,0.05201446025503755,0.03656541868693682,-0.12173397321082119,10.191860630746195,4506.462093280018,4491.328054742771,4511.625953071607,4480.909478178153,0
10,4.800000000000001,-0.11688357821456773,0.028590146046680087,0.13424738519339038,0.011138452704018934,-0.00014158260003307982,0.001061740191308832,0.017227974771628664,0.014165422108858418,9.79785973650389,4500.760286384066,4546.650382213214,4514.168196430396,4503.154409520737,0
10,4.9,0.03296134481479586,0.032964949339162164,0.09459979627698589,-0.015138228236657206,-0.009610558122955793,-0.06508459633554017,0.07667229234936918,0.07178709744070252,9.555351425495527,4511.72513438461,4541.167016036036,4492.940020838266,4509.419198217789,0
10,5.0,0.03652428514122124,-0.066027911969936,0.015198815899110216,0.02544232379482942,-0.011864176335282956,0.06659729138070627,0.002716160713911916,-0.06745046421336741,9.790698289837117,4484.216162277413,4473.350578747114,4492.369656826407,4502.0527893715835,0
10,5.1000000000000005,-0.008302719127443422,-0.01326867905644203,0.022599588296559937,0.010628119499620964,-0.022881904656794797,-0.020191669550448627,-0.19735409099938492,-0.016218335903420332,9.840105809214325,4517.093400364963,4504.623144194889,4516.445269321627,4501.956749450078,0
10,5.2,-0.033775918909123716,-0.055796758419484976,-0.026300270728852982,-0.015325524068139139,-0.002394382292619399,-0.039350160278994364,0.0419081012564048,0.004895502445723428,9.89949886725145,4513.271541698236,4494.609808688507,4496.4499096523605,4515.048134649641,0
10,5.300000000000001,0.12229694653370625,-0.04945655734677913,0.004175148798945976,-0.023914166944480796,-0.0004182469911582307,-0.053924872292349935,-0.01199064110521603,0.015531033394785856,9.712121777515208,4446.487239714378,4542.766070314584,4525.178309393979,4496.083223132674,0
10,5.4,-0.04473664991052809,0.00425122951415138,0.03609888250414084,0.01540023631519217,0.017244443288015717,0.08405410442494769,-0.17408596894949796,-0.030464321402114414,10.008620164122327,4472.291048920861,4536.5780273154505,4554.311328454149,4535.737629583775,0
10,5.5,0.03307952035516075,-0.022375311368142414,0.028163480374787206,-0.026921892974412467,-0.015622213291835123,-0.05686427860091763,0.006197257396594715,-0.0392177265428291,9.862319991324012,4526.334804746318,4478.708173713862,4504.458032788111,4487.520930305462,0
10,5.6000000000000005,0.009508124682859083,0.034308629910590964,0.09212357908422122,0.01340608238586077,0.008279712578579878,-0.11361706184156235,-0.10812659295458893,-0.08241782798004911,9.881724041361505,4461.269852628284,4510.125669845036,4507.93407771398,4441.929326834409,0
10,5.7,-0.054380141088377604,0.05219377874283748,0.06974091483949131,-0.01700787994389868,-0.020697219708289003,-0.19602773480628644,0.14712976877213146,0.004105436843104512,10.18674481106904,4494.249867390832,4508.477678966688,4526.738954142857,4549.165280585427,0
10,5.800000000000001,0.0250510829242212,0.00012036089691463918,0.0027957661115363625,-0.0209167120441387,-0.007637657337313017,0.004097558769207147,0.13818938751017623,-0.043004319348134284,10.022530929094758,4497.5448596620845,4537.306756787473,4520.3016748191885,4518.27586088554,0
10,5.9,0.04894133299977642,0.041657995564297945,0.10638133957038243,0.0426352791848113,0.03233789422697857,0.03731393873319701,-0.044174685870365354,0.036641778969082495,9.424760854868296,4524.86959837503,4468.199004162791,4533.674438279235,4559.408671010721,0
10,6.0,-0.07254671713424546,-0.0025152198103793565,-0.10644128526674308,-0.034566199278729864,-0.0021264330240775365,0.05081336296788377,0.07544004293190443,0.015392581256534438,9.477153588677288,4503.7013628735995,4455.223559512634,4457.190352258264,4470.095403352303,0
10,6.1000000000000005,0.05249055956892101,0.027262767284077196,0.03225906978826006,-0.017252283616736697,-0.007755507671027861,-0.10960980049256498,0.13643013268920964,0.2197258007570292,9.921319682814625,4521.9526263303105,4495.231195823659,4451.416429090249,4474.681056281184,0
10,6.2,-0.0232692274466753,-0.01926280052563776,-0.06153936285702839,0.0009550661714313415,-0.01700338177064031,0.17341792964957026,-0.13653740149962526,0.08873095440225508,9.757629057967623,4513.883942857856,4515.243446015329,4504.71129690362,4465.998877572011,0
10,6.300000000000001,-0.016601987518504623,0.008454763609967152,0.010643383528411944,-0.020462639495640526,0.025824249180831333,-0.19948587407341445,-0.025012488776463806,-0.09213187551856188,9.846433083271839,4530.501775680133,4457.790929664688,4570.608156968653,4506.055459108736,0
10,6.4,0.01908619950477343,-0.07198771676737065,-0.004656718833347571,0.01943349643035784,0.004198431444373551,0.011215645898153371,-0.005185956867838816,-0.13780000916634214,9.53325826578731,4535.0798137992215,4526.468601178292,4530.908135174019,4475.3153986858615,0
10,6.5,-0.007878388058445934,0.06159000930005724,-0.12286553247596402,0.022597648151065325,-0.011730391852477857,-0.06841866403476038,-0.003191629980651214,-0.11170019091117969,9.430621281100589,4502.280890599469,4516.0279731114415,4536.458705179127,4518.209241395145,0
10,6.6000000000000005,0.0982698592416353,0.06805374878682416,0.07380787516866148,0.009372376507119848,0.024602043661464623,-0.1770417689062826,-0.048005704126295005,-0.18584810469607108,9.94261952647722,4477.717083677673,4590.589594270141,4484.462226054877,4503.190894946476,0
10,6.7,-0.020113326709383303,-0.02444156190719387,-0.12465218838312986,-0.0256029881988195,-0.04358986004545971,0.04363698422427507,-0.042464676652798086,0.19336282260426463,9.56117196318655,4544.289435604648,4547.167780060546,4538.311294995015,4507.0439193139655,0
10,6.800000000000001,-0.016910286260970082,0.06380338484686424,-0.07914631428376821,0.005414151908914412,-0.000874958920442539,-0.07131334901568154,0.027804697228430375,0.07418382515930123,9.623834358112205,4513.803605613475,4433.129154378005,4468.525339768193,4486.279628313661,0
10,6.9,0.017866861848305816,0.04346573748170274,0.00828228911638376,0.011331914689799938,-0.003211638065388496,0.03237985143266387,0.03519090666287085,-0.05090206256342559,9.738924024690546,4518.003815170537,4554.362634259242,4536.20455743928,4466.126518316478,0
10,7.0,-0.056279086961295535,-0.026781567438413173,0.009892133787759444,0.0009651251394863872,0.024805605538566977,0.10360906446774204,0.0005665584415509767,-0.022769657636087407,9.913349286457521,4531.896039601545,4516.573104299327,4487.053625898278,4481.63238414878,0
10,7.1000000000000005,-0.05553018592328623,0.009674342379762632,0.06231200983196872,0.014696903862589141,0.023035207395097963,0.1184247680529546,-0.13749656476773361,0.04047624334313276,9.897851897876135,4497.78160774746,4475.149662901672,4543.338895042103,4482.3419846685765,0
10,7.2,-0.10962844297164694,0.0010036142555117167,-0.023786366688575908,0.03715394545626939,0.009793879083875006,-0.024421019746498577,-0.019685509039307415,-0.020840350783775094,10.253426674912678,4520.264516044135,4457.785194831779,4492.66680155697,4499.291026559985,0
10,7.300000000000001,-0.05537841017321343,-0.0891477728623545,0.059556338178684456,-0.016092659914758077,0.024975432371199636,0.0006555546086267439,-0.047426882026173546,-0.24167336501455955,10.054463569925588,4508.805804979359,4486.554158435479,4473.291258372594,4547.972736270937,0
10,7.4,-0.0532109850336428,-0.018432372915132604,0.0569745102057063,0.029015332800467482,-0.004326394140755602,-0.0587853579386034,-0.010673920855531843,0.09044706629573362,10.035878977052642,4458.745225528639,4503.44820361131,4456.972037731158,4526.526515129318,0
10,7.5,0.021119195029157642,-0.046059281547536475,0.15341455700511641,0.006700269600147748,0.004503849609332571,-0.014328918587676763,-0.0008037934334656716,-0.03814825014227881,9.66175830075675,4536.8739176281615,4485.21772231003,4484.207758868049,4496.121177295534,0
10,7.6000000000000005,0.07122572404274041,0.05655829468486565,-0.039484836956748696,0.024535708511173548,0.002162403408566777,-0.06747402144064282,-0.047612934800340644,0.1373253869283728,10.226569052713824,4509.594502762596,4483.003885149509,4496.252475969782,4477.1266745418325,0
10,7.7,-0.03083816894616247,-0.03575238988984096,-0.007934374749865712,0.0024136207291585356,-0.0029632228136357865,-0.017705834761725662,0.07604916235056935,-0.02292089249254467,9.776996837873254,4494.703191869216,4546.298631988538,4485.263561255228,4517.888883208246,0
10,7.800000000000001,-0.037418884696873045,0.017497241571263134,0.05462331917883374,0.021685185736054775,-0.007685363385851297,-0.08911700518601451,-0.0783985323260575,0.09645415731366715,10.226350322497336,4525.033602360381,4462.135817106349,4524.0195864333855,4471.686267269354,0
10,7.9,-0.017457130856561972,0.009361553843264704,0.03553688554709645,0.0013088418934243335,-0.012022242940991761,0.08479666117394674,-0.052756640489725996,0.12545127453619892,9.538124021842068,4506.465910258333,4463.215471103054,4474.977521040221,4484.609633731998,0
10,8.0,0.07603027273654872,0.06540123330511635,0.08742487625571962,0.0006657150043373113,0.0037611789874268616,0.1013183329465085,0.07013052862067985,0.0018008423370756603,10.107334316003257,4524.435886084905,4507.272595975171,4486.230696592545,4483.522732401209,0
10,8.1,-0.01680876776001398,0.02284954428809927,0.08357828159328066,-0.028885836911020726,-0.038931973553024586,-0.07611918452737058,-0.04076766133753464,0.11959472006561939,9.753916366403363,4507.643200469157,4512.53713535963,4469.292874194869,4543.796664956348,0
10,8.200000000000001,-0.033240294298995984,0.07798957279831403,-0.012617600146371527,-0.006750065952262125,-0.022215783673126027,0.015782823295886452,0.22543823940359392,0.04135882904020029,9.864087374389781,4480.001891226325,4517.759512458353,4504.728534213688,4498.114965757756,0
10,8.3,0.02473973921642549,-0.09079229894099464,-0.01005244923951782,-0.023940556902374083,0.0005779699663988677,-0.05793595005066837,-0.06558398505612038,-0.13334412827857006,10.033132994249364,4479.667605051964,4481.272841290987,4545.918452135173,4517.038722982998,0
10,8.4,-0.1017319619005991,0.06926800858609077,0.1647890641699303,0.03108752176512695,0.013363784860222612,-0.08813678079448095,-0.0049225507348191954,-0.144844530238304,9.636796788899586,4466.673398281118,4481.189086344314,4504.9186167063435,4486.652641525035,0
10,8.5,-0.024393087764498913,-0.014544722236173424,0.14994726795518817,0.04327511004701606,-0.0090139235963838,0.02688593619975656,-0.08412779625566463,0.07676513048565078,9.714709987614452,4478.666854107306,4560.047617974471,4459.317922710252,4426.415179359361,0
10,8.6,0.03674151230745005,-0.018381420547657065,-0.06459965792539221,0.054633180008812884,0.014604531451653914,-0.004681127800438092,-0.07079316397276983,0.04457878488316869,9.463429474161131,4484.516956830846,4498.887030906066,4506.404754950908,4495.727059896177,0
10,8.700000000000001,-0.03466056218644482,0.04603310728307691,-0.16516535641991226,-0.005558477440301881,-0.010358611246419782,0.08094744800341326,-0.04588830943293647,0.043766355677731045,9.876609359231884,4444.946449736786,4498.030578452711,4447.7179253467575,4510.538556553627,0
10,8.8,-0.036516076698858466,0.05933347884246987,-0.018076809987796174,-0.015401126044084707,0.023997177323898337,-0.06975121317666824,0.089469506134764,0.04675286740181331,9.73691367548008,4459.920665834591,4537.24987625452,4515.013921720781,4476.841559377195,0
10,8.9,0.012230284229729514,0.0503080949366243,0.011201879419688724,0.004767976653061938,0.02064007487608056,0.12298102194425412,-0.011959917496180073,-0.13374428653284096,9.549484737284791,4479.270215614803,4471.95325420743,4449.525933116979,4555.434750093947,0
10,9.0,0.02640496311381667,-0.026189879841749565,-0.0032516842391978693,-0.03572798175006884,0.02314643795817484,-0.15596883132349723,0.05100277816442633,-0.18384221547483004,9.727198380976148,4537.280666168127,4450.981437250747,4495.538732993441,4518.8331202718155,0
10,9.1,0.02320847501721926,0.003509299988918139,0.04957635123381983,-0.012216479112085779,0.03865591710665995,-0.12884942823134682,0.11620707443287746,0.018949453678351623,9.93342184627287,4523.836380527512,4516.668858103897,4475.6693471832305,4491.411909315337,0
10,9.200000000000001,-0.07257948335294158,-0.014924786300571131,0.03225189948084427,0.012142565507134068,0.007828686899885232,-0.14040717931441077,-0.056217393242072825,-0.06622494893675276,9.547966413351329,4474.921997966887,4500.038375411085,4542.4136556233525,4471.40807012373,0
10,9.3,-0.056443221750284905,-0.0299736221822277,0.03374663870861108,0.02447415780717086,-0.0017301781537993927,-0.11567029967616091,-0.12330828282800504,0.018828138865994423,10.009050878935211,4554.4722577452385,4464.527974952918,4504.193231438529,4469.104648882644,0
10,9.4,-0.044931333779231336,-0.04916558661374207,-0.03342611647745342,-0.017645581719449414,0.04957692113866934,-0.036774062662853775,0.09877781108594928,-0.06595276746347986,10.256648105973646,4510.171949442565,4525.1079518858405,4482.267674711822,4529.293218153071,0
10,9.5,0.016744451290895898,-0.018948877293760227,-0.10798914364296311,-0.0047508702193915,-0.006462869572449352,0.06952226212691408,-0.02322488655976625,-0.19215437032844854,9.939236009700636,4538.794997458149,4450.017975449146,4554.141918401881,4541.899554094601,0
10,9.600000000000001,-0.031544033256648556,-0.05585798034088231,0.10529774569252169,-0.027392983590761352,-0.01336681156434813,-0.10521037932050288,0.0005907809480906102,0.1465185143372128,9.884983366870266,4530.542234961685,4489.4459257339595,4502.919084880856,4463.206867060514,0
10,9.700000000000001,-0.004844296426915772,-0.037298505482827135,-0.01602702983762718,-0.004580241452359389,-0.006288797560280302,0.16860455999441382,0.17675446527119262,0.14161423815417426,10.169011793499452,4542.579079478336,4499.328679976695,4496.252711848824,4507.062007515618,0
10,9.8,-0.010534245935770665,-0.05200226907162259,0.029660525554701434,-0.031322421671066615,0.0027528328091271964,-0.07958183080609157,-0.008103887037070052,0.01912034425391353,9.739429305719437,4450.78467411388,4464.359434996514,4513.7473086504015,4483.276734184594,0
10,9.9,0.028042487639219828,0.00048506458157842225,-0.019783189111047744,0.006952871762430555,-0.013497941437896186,0.03203159344584679,-0.041950708248035894,0.25362855590394356,9.583212876572784,4489.282541098079,4490.492790091424,4459.4440331681735,4521.774377672956,0
10,10.0,-0.021436204054029146,-0.11898891108375671,0.06951285715453336,-0.012723375627057118,-0.0020980284583953296,0.05414580638846868,-0.03647065850221145,-0.03728966394065869,10.302940396864434,4435.387627555952,4461.421035401117,4467.238171952236,4553.67068222727,0
10,10.100000000000001,-0.032230665302102446,0.012010443742283515,-0.047407820292232374,0.012064006846617752,-0.0002542709542298713,0.02024793569596575,0.12872463713031806,0.04402696468489651,9.662986524508748,4509.362011472657,4572.559582450436,4516.949114070113,4504.55728964937,0
10,10.200000000000001,-0.06852764763803504,0.03622092653324773,0.08722268801817193,0.0062544629357460056,0.002281882381875959,0.2266031744939148,0.08554277491244065,0.12400282618429635,9.823376430884364,4496.052167458858,4518.9629723310645,4496.023714133912,4498.486980459657,0
10,10.3,0.023160284093718102,-0.025640492280866567,0.022040921505961722,0.001601682930521019,0.019340512749080663,-0.048905147052165886,-0.19999319052774603,-0.031063492014267554,9.88945720454495,4528.923223714807,4479.214709916845,4516.262995789287,4534.054630968541,0
10,10.4,0.0375625331552745,-0.039531755172287415,-0.06832263748373683,0.008700068993492897,0.032506806242502,0.0011332127505937271,-0.016532771932957394,-0.13696174651129164,9.73714262403516,4478.542855382467,4500.815981225487,4454.615280211945,4490.142286368189,0
10,10.5,-0.05044671728805932,0.04701146529194243,-0.0859172357876483,-0.011446984752994856,0.0056425305190921675,-0.03629724620031397,0.2359452622486324,0.09305151572794224,9.813441315662844,4511.04304156341,4429.3373043709325,4536.951755211315,4515.356900093015,0
10,10.600000000000001,-0.003657891146371125,0.02829248413772105,0.06878492438428067,-0.00832745034672498,0.007603240823235015,0.08389796331893604,0.04548977432022153,-0.025260598723733898,9.869330152331575,4541.467171908679,4523.519278230464,4465.107985371838,4517.600514426373,0
10,10.700000000000001,0.022707895259592804,0.058205676185578495,0.00328195129298009,-0.0073868058279737085,-0.027363296289138847,-0.055567552559303,0.12079455697522944,0.019795648669918033,9.790042437314606,4538.8687134777765,4532.68807402038,4477.927633391159,4536.02989000879,0
10,10.8,-0.08292905153395687,0.022977247095021153,0.03413083973938672,0.02299563825276911,0.007620233524910133,-0.019564815904240827,-0.016556274105008106,0.26932489867432857,9.82652808959632,4517.9122707584265,4439.365147201034,4475.179293055359,4515.5630413389335,0
10,10.9,-0.08072612617606956,0.02746994168336256,-0.07251253544177355,-0.020677026199109518,-0.014576725072564536,0.1222031086515489,0.033341792149027875,-0.09104363777509253,9.965067970461622,4524.892150322757,4488.56075697592,4528.77520875286,4530.202489067947,0
10,11.0,0.04256659836733662,-0.03368760166195286,-0.11790518927758219,-0.03385734648401925,-0.013110292782950962,-0.029424876669570794,-0.02864360861176715,-0.004720352075153967,10.15659770984202,4489.812684803052,4498.53677650231,4445.472244831512,4566.839143936141,0
10,11.100000000000001,-0.06579537003475557,-0.03534273522446782,0.06957220468701651,0.004923848764363494,0.032863725405981405,0.05760109245820062,-0.00812840512378602,0.10440838688443584,10.042261589173675,4480.195237158536,4528.890881584927,4493.332165119048,4496.895662772435,0
10,11.200000000000001,0.00714666415144528,-0.01903904361703765,-0.04345911478260124,0.01969441696497384,-0.030578778107001662,-0.084930155636735,0.06747339831104919,-0.0072899459159155595,10.008302530404556,4510.737968343704,4459.98886022869,4501.885032578328,4516.036434032677,0
10,11.3,0.01170198292666602,-0.023413708681372478,-0.027394032012020165,-0.011201703115215109,-0.02650394163202361,-0.11701916518781885,0.03900209560943685,-0.08714583655289032,9.925119685490412,4482.147975376454,4460.605542398552,4487.761690943264,4562.831249172542,0
10,11.4,-0.004780538959151537,0.03229333341661157,0.01688038099240771,-0.02810396072332923,0.028979264920463398,-0.019825744785914784,-0.13105125647186947,-0.05122335084433345,9.768751181005161,4522.484385705036,4479.577104581692,4578.610367999518,4471.884930524742,0
10,11.5,0.030599748111551434,-0.0986986370705806,-0.012369866625929952,0.007344685586442298,-0.02239166507645239,0.11992363848333358,0.04344766511841711,-0.03176404648464273,9.894735500325595,4482.2005751418965,4537.5413970722275,4530.458958054665,4511.201702013224,0
10,11.600000000000001,0.030584602374896165,-0.07385981050506092,0.1466945106744465,-0.0019871564253060203,0.020500912988522028,0.05998737788197576,0.10097147675438718,-0.10477629502589543,9.625900131536818,4567.448243064617,4454.41973779523,4467.071689394738,4501.297319897944,0
10,11.700000000000001,0.0022489863664304937,-0.027000903856623744,0.06160788719192722,0.018041668752010007,-0.0003633526581759837,-0.02147918877507174,-0.0022262189615146403,-0.04973607919744184,9.47035261156223,4509.027733110226,4522.975071412441,4495.382181650283,4432.047654542833,0
10,11.8,-0.028585752266087616,0.04528610359339649,-0.1438248512536809,0.013917680442074401,-0.008908322567395453,-0.0015020120539952714,-0.06858995107838715,-0.11355825096179471,10.096849293654074,4524.475170977144,4519.341630885061,4527.256664466057,4515.081446169075,0
10,11.9,0.04720656278901171,-0.03319503729902075,0.13776868872790457,0.025768621190746594,0.007609639350358786,-0.023039563830803897,-0.12235292186497403,0.02286577742041943,10.146983035933614,4465.17488479947,4530.542254455768,4485.856833782804,4488.417066455541,0
10,12.0,-0.05877294956314343,-0.037624646328348575,0.06467820855611467,0.015422551375135382,0.004717161621532104,-0.040065029180788185,-0.11035572022322389,0.006175846681022597,9.737009139156678,4506.335442673123,4490.36286900539,4491.130056399436,4504.768820583374,0
10,12.100000000000001,0.01760962323218612,0.061196064504886766,-0.033698833407469264,0.010909890341045524,0.0360724411806415,0.045766105938205,0.11642509935649792,-0.062062733926872386,9.665928871930332,4495.218776148452,4498.411803443588,4532.124735513478,4478.10948152456,0
10,12.200000000000001,-0.004431395509879328,0.053741262350660506,0.02155435833986751,-0.00021633940609164554,0.004769952429338617,-0.09020420012086902,-0.11437531142419605,-0.1588213751633608,9.85133635747392,4527.56564249529,4522.967594538116,4534.308839776944,4543.626666571617,0
10,12.3,0.007232369224408156,-0.003230385888677446,0.14759646948424598,-0.014020303933541738,-0.023570652407664962,-0.027110356205528145,-0.045574330933421565,0.004832674582102094,9.639996061771377,4511.0919943429,4482.926638788285,4536.846114790676,4464.163034896809,0
10,12.4,-0.006973640802605117,-0.016745714578875578,0.02308899226704679,0.018534089656534136,0.005324218127778859,-0.010287295868097098,0.06912550377652942,0.08430247694161513,9.863839959340869,4511.627754819195,4519.399066388868,4450.682198224523,4489.475843656306,0
10,12.5,0.018811696560433185,-0.014580374188718746,-0.02881468896381896,0.007498030855998677,0.00795289948030861,0.037364748365670906,-0.07922234617203057,-0.1417803360554182,9.970877356470503,4477.727534775345,4475.654239311832,4472.947454237639,4534.530904240066,0
10,12.600000000000001,0.010601340604323162,0.01712616991922673,0.06895511832274687,-0.0008474106083109322,0.020253769253314166,-0.09574425247836464,-0.10856070057540064,-0.11407694656660386,9.894333699514068,4515.192530885961,4485.822538898595,4493.026849536337,4538.042118023857,0
10,12.700000000000001,-0.03472180979765465,0.014771639562664286,-0.06857158710198698,0.02191948649880339,0.012568523685453355,-0.11191371408036699,-0.02608010296479459,-0.20790067910629206,9.990091116202166,4561.419268527643,4434.586766399983,4457.187039271888,4505.019602507095,0
10,12.8,-0.0009229405144726713,-0.02054225859025604,-0.17376200172511339,0.006468936599502575,0.017750277038939576,0.2277588359003385,0.1307287922136821,-0.1298715991941237,9.807621717767647,4517.762331643461,4479.352156574301,4523.400360046287,4521.101333698108,0
10,12.9,0.061867985786791646,0.04011213766337598,0.028514365010775894,-0.012758634940177711,-0.02586157188986315,0.017521291052316156,-0.040383409171035105,-0.0307197237673143,10.034358098143874,4541.067720414176,4462.939001512401,4493.687081822544,4487.003844891103,0
10,13.0,0.015745432100133586,-0.11331388444880808,-0.14608379850427805,-0.0023498986607681134,0.015722304086106312,0.0060232589962859245,0.0671507073057702,0.019730837768698647,10.065257914748823,4544.576626464966,4477.186113385035,4526.509360193627,4515.243586454012,0
10,13.100000000000001,0.1252334072541736,-0.03989175095070585,-0.011673553103181841,-0.02064547266631735,-0.019458724642040022,0.030845121731608072,0.020554342053911087,0.054145109390817826,9.913950745489814,4492.930837415268,4492.723827939055,4470.876038025843,4478.965370871462,0
10,13.200000000000001,-0.0028400888278970506,0.009851482092104027,0.07107878915885889,0.012177213195843471,0.031141535311314656,-0.07781504739980552,-0.02325854106440695,-0.08853045561977715,10.065457413872414,4484.925783354107,4534.650823573339,4543.583584011782,4512.4031089038235,0
10,13.3,0.014652941386251513,0.0019322572742289823,-0.03171060361664226,-0.00874769527656131,-0.0029483344742861546,0.14595027123832796,-0.10418552149661804,0.02046092237759905,9.952261192837481,4491.468724759729,4512.482471137248,4454.8619456194965,4539.751294389455,0
10,13.4,0.05655743557205452,-0.004921294968682464,-0.08798358653050686,0.01585796295173815,-0.022962389326041256,-0.08036992527276811,-0.005360949106868325,0.15180415669880157,9.938116371187064,4480.590144900321,4449.537061754535,4501.245612408954,4507.5426535770475,0
10,13.5,-0.0036390040794401684,0.0903195840115838,-0.013192688960844572,-0.04564240748351539,-0.00814279116352777,0.03637156628379432,0.03868973087519727,-0.01766782862350307,9.741556362785436,4440.011313456053,4502.5731226866465,4489.841316717631,4507.477496461303,0
10,13.600000000000001,0.024564463701014533,0.06205341860223204,-0.09555651013138682,-0.025879643090314302,-0.011479334622488013,-0.058847459604504576,-0.08254095747162776,0.14449064408682524,9.839683174307659,4559.171803878842,4499.907887309257,4464.843706528021,4475.754762474067,0
10,13.700000000000001,0.0512227673521979,-0.05669258684802619,0.05578766442638786,-0.007135050583053213,-0.018596511453295217,0.11092157857185793,-0.05885660363200201,-0.08275710246003674,9.794221384089436,4484.752869214744,4566.4495770179965,4531.810718801267,4482.279227326345,0
10,13.8,-0.023766855562921577,-0.10097241375338693,0.013740365109144476,-0.014941186858776146,0.0017602276431986712,-0.15730192759233844,-0.0026756335988941614,0.16986713062334943,9.820828232246466,4476.759534388484,4499.385998252706,4498.072537914418,4565.754994222689,0
10,13.9,-0.016642096461034327,-0.060164665161142855,0.002145817422743811,0.00391066475678598,0.011245919327083123,0.06046094801851089,0.19555260855097958,-0.05956637016725386,9.672690051164363,4444.3759056853605,4519.849613001472,4473.380569036825,4526.752928397438,0
10,14.0,-0.024581745679292274,0.08629789858801838,-0.14335068889800684,0.02045851006705389,0.018076851256255733,0.04212611507713754,-0.11172636989875398,0.05311508203085539,9.835374948159341,4445.09231368762,4546.74818969204,4489.63165752249,4544.436530880732,0
10,14.100000000000001,-0.003383072505099181,0.049116303164936925,-0.08595251117402819,0.004288699086569676,0.0028788398625535444,-0.025888082191410637,-0.08692228139146668,-0.3066800730839433,9.640848118301284,4521.015273407272,4458.143113533295,4464.355990805141,4456.9541157490585,0
10,14.200000000000001,0.010444405815527814,-0.044670329254662904,0.12203429772001367,0.014692394142385488,0.0040024812790192595,0.024315973326068257,-0.07629480726497019,-0.07626926259947432,9.952205309316403,4527.401760709111,4521.067871157406,4485.882520307298,4488.260337674392,0
10,14.3,-0.04658783909025146,0.03841269186289426,-0.19614555620403007,-0.04408472609714072,-0.04009718744901689,-0.17141514261554636,0.13571409014981453,0.07868053635702738,9.570280679663389,4496.822012799376,4543.973711215451,4515.005958627373,4563.431288039124,0
10,14.4,-0.005713306704640909,-0.032757947318628265,-0.10811091666871141,0.00047289311598890294,0.018721287831739347,0.0079300026615432,-0.035819499964301414,0.1256520435317213,9.915778419226601,4496.596905101403,4477.002261796647,4492.366716254046,4514.182416682707,0
10,14.5,-0.03901744380575456,-0.06168264693837462,-0.04801512566016826,-0.000984193841554766,0.027265803303315544,-0.09280298958900156,0.02267480969328492,-0.02775714733072315,9.764411842815456,4546.180989086528,4502.436364119761,4472.593352648527,4526.662401646368,0
10,14.600000000000001,0.04076203416534313,-0.05005855559608068,-0.11929367296870448,0.008210394494141406,-0.0006593783748324476,-0.03764661637671421,0.10562985079883701,-0.05922806960357579,9.894312580500678,4535.239331038523,4489.826074195555,4445.127037958123,4487.907966498155,0
10,14.700000000000001,0.009464187078771912,0.05015029713814038,-0.05211606902358987,0.03446186892926428,-0.025976447574674832,0.01313149316378571,-0.0239163033709205,0.13470908931399792,9.515270563843613,4512.7690427440775,4492.673051043159,4545.874228490579,4475.143239563323,0
10,14.8,0.02076591312472185,-0.04190957702189243,0.018806217742284914,-0.007387297454615446,-0.0077045951051484965,-0.15899482438165183,0.04145840643580969,-0.10822391369518501,9.586664076989623,4453.341497833237,4468.3185192480305,4515.014392989876,4513.535198654592,0
10,14.9,0.033185548027061446,-0.05134904464224054,0.021478162557272383,-0.012307670660082419,0.019094593766766314,0.034081116387544165,-0.06565183267136122,0.10405755353182372,9.911468868128265,4458.389915192585,4449.854334560053,4459.569425384201,4549.4754514957995,0
10,15.0,-0.05077313130182152,0.09380701038409106,-0.10673185830543928,-0.023477301105546883,0.01759904962126525,0.0740418648721949,0.05558251736336192,0.06761102937916447,9.649675644928333,4524.990095864419,4507.199900151558,4489.041738312483,4502.838596933543,0
10,15.100000000000001,0.05303229090746392,0.019592530147890835,-0.21578020927003472,0.017824557425837544,0.016292774269250982,-0.030325174371244334,0.011674829321912304,0.011273975115933206,9.414108084804647,4487.949890727176,4489.110687661593,4495.238193934401,4484.22456708397,0
10,15.200000000000001,0.0331420884611691,-0.040456444928232846,0.09100771660235525,0.012314841667941997,0.02720836775603183,0.1387039227309643,0.17404518214155593,-0.11856179643680285,9.878837167119027,4478.466412310598,4598.408987690674,4518.422140769544,4542.489359690814,0
10,15.3,0.02176847517492444,-0.13177215428515685,-0.07835650316162242,-0.013711658813726156,-0.007802705551272527,0.028765464020274384,0.0501332724414365,-0.26273364397165905,9.762616087164789,4485.42371635843,4541.431149711075,4517.767338122413,4494.507674327886,0
10,15.4,0.011184041193134077,-0.08435115188593635,0.0661352044831807,-0.007910778411855446,-0.01614757545523514,0.10513854718690055,0.027358082267759307,-0.06654309301806954,9.689121370750104,4510.9771901892145,4508.645138894219,4500.882751542734,4463.899308342121,0
10,15.5,-0.052773201005463094,-0.0374156989083129,-0.019614643075273573,-0.0008262212621568026,-0.0031994205146976115,-0.00913959688563866,0.188124559792107,0.08492500865931712,10.047643351309647,4513.9279197469195,4502.172080169487,4512.298747188426,4506.774605178463,0
10,15.600000000000001,0.040398910430577646,-0.04875702333242169,0.07247470946164272,0.0033411733755460376,-0.03614174075298278,0.00685773493048744,-0.1306217800889184,-0.05349976733860501,9.778161868049013,4454.78694393475,4498.387764512813,4502.054042312116,4522.652211953907,0
10,15.700000000000001,-0.022688267514210235,0.013723750215974457,-0.009541274911381075,-0.008365414724032873,-0.03341154590280739,-0.008928024586359827,0.07445124974025029,-0.09337167905851167,9.766443227740346,4497.885380207171,4533.073218953453,4500.903234715681,4508.642621259392,0
10,15.8,-0.00043280235317697094,-0.02461529124867383,-0.11344739175575103,-0.005701441948092316,0.00786718608918414,0.00984610943996618,0.14795169297141542,0.09458520366171796,10.058111580104296,4439.031701710462,4547.380027571518,4508.0043478598145,4512.267763872654,0
10,15.9,0.04480136728305904,0.0010658654206813284,-0.10703805475033179,0.028948152662593447,-0.01536444120247774,-0.07885739035860101,-0.02343009150058381,-0.03860039345465349,9.810761366845625,4497.053751610834,4540.413893027077,4513.779677971566,4474.266090626013,0
10,16.0,-0.03602521292287975,-0.01940943238290406,-0.03842010047704922,-0.010294882736269145,-0.022034840360871874,0.023232170994892214,-0.045560450253881335,-0.0951801459045043,9.907095039018538,4525.434659963199,4492.630887065993,4553.444590935555,4566.465620970936,0
10,16.1,0.024844507668063783,-0.023440535959717554,0.02689535543767578,-0.024488861304945455,-0.017437272151306568,-0.13461513107207204,-0.06284649825014652,-0.1232520250191225,9.934811346383137,4477.525244232291,4508.298638745498,4522.437193221703,4535.140272345256,0
10,16.2,-0.01767122706555153,0.015531874946989694,0.034250150056350494,0.02544182763044363,0.01567116158167892,0.10426759910293687,-0.16646514582806154,-0.06642710100718509,10.016363366844786,4517.421055106935,4496.248633628324,4485.778503499199,4523.660536338868,0
10,16.3,-0.09897885357195613,0.039609559265636744,0.00906882660408152,-0.0097767903518453,0.010048818038062906,-0.030883926582809314,0.0029018734725870104,-0.004624580089035779,9.958905984796694,4504.775454635498,4442.726410466602,4458.237185924903,4467.4750139040325,0
10,16.400000000000002,0.022827233338929075,0.027842621076137726,0.16703571847542045,-0.020288608219351238,0.026185059397756328,-0.15503029319814243,0.0017757957491121275,0.024520340004469413,9.858318051313887,4490.712134467289,4503.536867755814,4462.943412880941,4525.9548446038925,0
10,16.5,0.012489521672672036,0.01811167067409344,-0.027901646155408102,-0.006559592494976678,0.010494617883305359,0.12719790799659267,-0.13936310905992289,-0.14440701747938908,9.863241062477785,4490.03399740937,4503.723173150175,4499.28632056202,4518.660281035611,0
10,16.6,-0.014308171510997215,-0.06041058949496339,-0.07898539610919716,-0.0032090330978899236,-0.025099409377427957,-0.0029483125400787315,0.006075465571450169,-0.03578035998711483,9.85184442675836,4451.571642574131,4471.404469843103,4465.719033410892,4526.395702138423,0
10,16.7,0.11530820012903172,-0.04404097899861373,-0.023524223696743684,-0.013868584852309625,0.00442450481615887,-0.04867269195361242,0.028277987674718726,0.06650266167215868,9.56523501242185,4508.145429465749,4446.178319303429,4492.303981066786,4490.289587235577,0
10,16.8,-0.011456852525754607,-0.015603022819560773,-0.049492712056638855,-0.005315643567897702,0.004762753835536998,0.021300576591019898,0.011519934469963251,-0.05735974236464758,10.026067329650957,4545.760652509746,4461.347570548643,4504.928074678498,4485.955742024265,0
10,16.900000000000002,0.04627990264474997,-0.0006297100604253979,0.0053177947903136225,0.009899356467828878,-0.005950779170605117,0.13419848619184,0.05097397283165505,0.09316074949748297,9.765888880807173,4496.3143301524215,4524.3487457869205,4521.335468047788,4462.539944030022,0
10,17.0,0.006381629824140953,0.023691897278321317,-0.013030062499669743,0.007578551313666522,-0.001759884956913913,-0.17974007551645155,-0.13108914399721663,0.09749844341928189,9.761123949915534,4505.690729857273,4499.890295910264,4475.241051035141,4485.987645845308,0
10,17.1,0.016447473841908367,0.02154980678485898,0.21884094704803161,-0.009554843575552245,0.033412783166517836,-0.06883319063204292,0.04886001937453582,0.017787261953183472,9.784826889764963,4499.8302464441185,4481.321550242823,4527.1171366639155,4474.721548782332,0
10,17.2,0.015876296015744706,0.037792916678869,0.1384203093387719,0.019435389377959543,0.011448588927954485,-0.05101855705199945,-0.07857751523064146,-0.11385788851296799,9.563146886114652,4499.95787885567,4478.177498929004,4535.976769034688,4482.631152253187,0
10,17.3,0.004712791868584134,-0.01323218842200859,-0.1403857437384151,0.021788816631606367,0.01390964169289986,0.06484176711384386,0.05949466602489537,-0.075948503499512,9.661990206952645,4513.559629235793,4546.287586979526,4511.579366935296,4529.35400030553,0
10,17.400000000000002,-0.02629361661489567,0.05489254549849908,-0.04194683921347748,0.00480318542492399,-0.007323221907576276,0.07113249389415151,0.09027619892851402,-0.1476781080143169,10.075059566844436,4571.2922757827755,4489.340019509062,4496.195952850103,4537.182893827205,0
10,17.5,0.003338372765285786,-0.00019871550165472524,0.1896968733887413,-0.02708594322816054,-0.01577926260267458,0.03342583948446866,-0.16195445938757005,-0.03730091834030636,9.733566873984955,4528.853214606669,4520.785591035057,4449.503182535121,4479.206299749463,0
10,17.6,-0.03450281420468006,-0.010828793837517043,-0.10975471896093472,0.00903295883943332,-0.013883741386074877,0.047089754880297846,-0.0002854243831696723,-0.09730751390103895,10.0876554605491,4542.531799028491,4508.710359456293,4492.823813614679,4468.3112155987565,0
10,17.7,0.053555668493621526,0.041131976751156624,-0.08139959450130252,-0.013736254673616319,0.00913840928351425,-0.09403549978809338,-0.06256864237493913,-0.10405656649726316,9.60833319807313,4478.398065174069,4527.180124635166,4447.363605589789,4513.0045283993695,0
10,17.8,0.012897366640509882,0.04841718820424652,0.025704898713049925,-0.0075767864933226625,-0.0163061945087973,0.07923293391275611,0.049694808425529285,-0.04931356588162148,9.991782344833332,4486.6236535438165,4499.971744035181,4481.865488743661,4516.015257132007,0
10,17.900000000000002,-0.049709567509494006,-0.014929434403307568,-0.06545537832511146,0.005274239233240334,0.007769758364820656,-0.08833287416733404,0.040643138882474526,-0.1476723383691036,10.248394634287793,4484.655807921597,4531.477819949068,4506.034991776975,4507.253865030575,0
10,18.0,-0.05830369629231287,0.0421720429540819,0.0048647131914399825,0.009402793773687804,-0.0018142864569023513,0.010403445033330001,-0.08871715942317684,-0.015289107683072373,9.726022158336132,4478.832864067316,4504.035772190848,4510.901608674555,4507.523160291896,0
10,18.1,-0.005113039741823283,0.020555452751512753,0.02421642119817752,0.0019505440898995746,0.003323020399379161,1.594640239181435,-0.12050735614026503,-0.03185961698178931,9.877634921724574,4452.51792292552,4541.477534499782,3307.6445362717345,4528.707052932712,1
10,18.2,0.055988093927744155,0.020622646445532626,-0.223259370544405,0.0029538844346041994,0.004237738270571959,1.4130506595542875,-0.17896734567528172,0.046166930280135375,9.560161932556413,4561.842516269004,4507.894118454395,3340.5453515251475,4500.934901981033,1
10,18.3,0.03757694139881414,0.002663196561485911,0.10055729303756736,-0.04076663803070694,0.01776295687778842,1.5535011328747372,-0.015415165808302099,-0.04091638846647932,9.750179549898046,4508.48300905146,4536.421180939679,3283.974323766675,4448.946987265235,1
10,18.400000000000002,0.12422904921225318,0.03357872822568446,-0.0391211614041985,0.023776934379940967,0.018673878036302095,1.539382589893592,-0.04770516919944948,0.06673225189843374,10.027911764738542,4448.397818031274,4506.734849459163,3308.945271083324,4507.982299842866,1
10,18.5,0.0023091808258088663,0.0593036537676951,-0.021131693307716394,-5.5708985779402215e-05,0.006313306361569118,1.4857544378156147,-0.13860012567511545,0.02141300436889329,9.855091275474292,4489.045047557536,4496.030552504121,3204.6038928108005,4536.252181480024,1
10,18.6,0.04505150879302998,-0.06689155902412589,-0.06754672450275621,0.02897042722083181,-0.023097013546419045,1.5382766951388906,-0.049201673108044464,0.04101419566851658,9.820027605031413,4491.503045121687,4511.655656197544,3285.2085844245466,4446.4730138113355,1
10,18.7,-0.04638611343768673,-0.05239293124404729,-0.16041191579208725,0.0073880013269541035,-0.003455333812210143,1.5283152852647857,0.05207513556033754,0.07564688367602418,9.891384348229757,4470.611742096174,4517.385765757529,3306.6541421762313,4565.703143373745,1
10,18.8,0.00039591699365026353,0.019144989286646614,-0.009482560881430215,0.0009779170139309573,-0.00037226708166192355,1.4652301139039479,0.017735365775491632,0.06217604421231091,9.72609866412587,4525.067198655307,4521.429309887993,3273.5921324452006,4471.089308231456,1
10,18.900000000000002,0.02240767000534634,-0.02937678924895733,-0.10457106472694933,0.03433794892306806,-0.019326551285973704,1.3781123641472608,-0.07836933884211146,0.02316481937225638,9.824710415466843,4556.616402904945,4476.948211566817,3307.0846922096375,4533.854666651674,1
10,19.0,-0.03295079242466742,0.035186210403448576,-0.18321711008589744,0.03517509078821477,0.0198951552301443,1.4455460002232823,0.08298177778337161,0.13131828994599334,9.552266283236655,4482.003663030757,4540.382502415288,3302.024186683199,4513.084984970985,1
10,19.1,0.0035098614303145197,0.04457444218329054,0.05129316405480331,0.002124345278440055,-0.042033852956346394,1.5512008504411954,0.07292409766592112,-0.12395388727570274,9.575680218352879,4515.527957870088,4505.829752044028,3240.75619254235,4475.339348875633,1
10,19.200000000000003,0.015692154945101733,0.03383384345844341,-0.058431921982580196,-0.002949129769967255,-0.01758704211389244,1.6059138939329225,0.01745882775260091,-0.06676882828147467,9.578739713565037,4461.993378936031,4554.34664157757,3294.7946446741466,4488.014367294652,1
10,19.3,-0.010662190726585063,-0.03151048930684112,-0.01070104930785765,0.0006985680720993794,0.0003000706428437567,1.3989921761058837,0.08924309800481936,-0.05529594331405668,9.678267330557837,4478.885219504024,4468.425849206067,3308.0339299586194,4526.8494591702,1
10,19.400000000000002,-0.03614946093169066,-0.09215628926908859,-0.10271145976084238,-0.008965718985881046,-0.024628706228625053,1.4521014648798343,-0.05515268242807339,-0.0015490022116927378,9.519009106749543,4517.403401189769,4549.828164560994,3342.873516164403,4482.478675581052,1
10,19.5,0.03343275805791797,0.027512690295100558,-0.0043525162929231075,0.0035401128235024726,0.013660875937180877,1.5706700643498752,-0.0811672263401727,0.07476913899826829,10.14329250469709,4526.465449260526,4546.0938874586955,3222.494419294649,4517.871271878843,1
10,19.6,0.013212563495410291,0.051354234861178294,-0.11256261575784021,-0.010122821835434353,0.018010734659612965,1.4152265154033734,0.02423142574513812,-0.0016938582905548843,9.770813866626797,4517.180959262907,4466.534976378619,3276.596496551096,4495.822536136591,1
10,19.700000000000003,-0.06005911825854571,0.06154609011665211,-0.07987671374300426,0.015726592000817878,-0.017510066138946307,1.55633577649142,-0.16088486744468955,0.14086154010445082,10.037026601021328,4483.422494756323,4475.230781037686,3313.7340753750036,4454.216813345887,1
10,19.8,0.0017376043397125574,-0.040379421745891986,-0.025431011527797417,-0.012876975421473369,-0.015967372657875636,1.636383532609967,0.07805434833369719,-0.1479862982172146,9.634837319046518,4525.723470880047,4529.0606053141355,3258.4475191304145,4520.958145460739,1
10,19.900000000000002,0.013251455806651111,-0.09708349825328011,-0.04031977183933093,-0.002723266327010052,0.0009698361073469633,1.394353377014398,-0.07630155041847068,-0.06229437386484143,9.70286485666805,4484.4300765824155,4496.021012672565,3309.2890984533124,4553.226771735437,1
10,20.0,0.043544437677328324,0.06584316947548766,-0.048075568502368285,-0.020078463004858597,0.01602850551094664,1.498703124809219,0.07303178001295367,-0.08823002245850418,9.93971541975353,4494.742515407704,4486.172970465952,3288.9973270304995,4514.7130025174365,1
10,20.1,0.03870706581721949,-0.018320707886042873,0.034430982842332924,0.006816327886663558,0.014766737200632526,1.5789532154626522,0.1811221387272713,-0.046517038652301224,10.102001979932037,4503.512231251841,4467.155963837649,3280.485465418582,4513.9788036064865,1
10,20.200000000000003,0.0361880355962737,-0.05081339283639148,-0.07638842566182295,-0.01066233313717826,-0.017267360437961274,1.349593200780201,-0.22193137129633056,-0.03818071154983716,9.860415857925274,4519.66756820276,4459.129977780766,3259.639826478219,4484.16214190687,1
10,20.3,0.00016712264442859278,0.050439080019839926,0.07177220691902199,-0.007356563422941259,0.007203106092355288,1.4325168608695864,0.007434575564982325,-0.006242329303354335,10.090860457965599,4514.806652514763,4476.876448619919,3277.1833552256194,4490.007254013156,1
10,20.400000000000002,-0.07822330022215385,-0.011501018907339481,-0.014365920964836288,0.009330537579327435,0.012242507042977017,1.5079133127510431,-0.16299926866395612,-0.12210465311477361,9.688979015280117,4519.568743459046,4518.55571913224,3292.516851807157,4570.791912293006,1
10,20.5,0.07807837925328451,0.06199596989259524,0.07006581545926326,0.009170835076834282,0.007711520722221468,1.3555976697310026,-0.10512843567947082,-0.022213678674859832,9.835574499082181,4496.266304314722,4508.16830343633,3236.900983507721,4515.16992908458,1
10,20.6,0.0031068777905997823,-0.009372497937915262,0.09273120345269271,-0.02091066766739113,-0.004737897052559839,1.522753472911879,-0.08530113086096414,-0.2003343978082159,9.579391977930921,4498.058382382684,4492.529407690114,3299.452018524999,4480.2216946762965,1
10,20.700000000000003,-0.06561319162765639,0.00685041291039638,-0.01665229944863891,0.012756697655233263,-0.014953695658555763,1.3383318407323745,-0.2604459978450117,-0.04014692144810802,9.835581832423559,4493.030624341145,4483.045486430363,3252.2585276052573,4443.319133858783,1
10,20.8,0.018363739049729974,-0.011380061489474276,-0.036351831476005965,-0.030835019098342378,-0.019325131998200226,1.5036083479607791,0.028461595346505567,-0.0164240132075162,10.085849885232479,4482.735183124311,4538.606157645294,3306.50600283876,4503.244003268624,1
10,20.900000000000002,0.04662613582396991,-0.031206367374209038,-0.032920345917496256,-0.02447083132083716,0.018704250430108066,1.5268404352988103,0.10977933519046179,0.02048634031467095,10.030608443038265,4477.5813262716065,4529.617189709114,3288.0655521763906,4500.075958090507,1
10,21.0,0.03641777566635069,0.116392062147393,0.08200528737110482,0.018286922699051435,-0.010907559090698918,1.512559839276767,-0.009586726733486633,0.14076661345536254,9.780813160959083,4539.856255570481,4460.9505987984185,3341.9633197514954,4474.1579746044545,1
10,21.1,0.042694207871040155,-0.04321652312346034,0.06183472573306695,-0.019251743210345913,0.020729618828465468,1.5676196372749702,-0.06006874242654983,0.05780845089895115,9.999486529664493,4472.30042839129,4468.979914672246,3267.860858070934,4463.609918988732,1
10,21.200000000000003,-0.05380464230067938,0.04623941045766602,0.05578498212639948,-0.03392004374383224,-0.010203339708125033,1.4073730729021372,0.08615301965088477,-0.044964573618608235,9.50111451543589,4505.104952033117,4518.1947632439405,3271.389047002847,4492.052522499557,1
10,21.3,-0.04511977423201223,0.062202369605939105,-0.043135813687193186,-0.014436763945248022,-0.0010265098769828538,1.4833960536026474,0.06884933938660034,0.12160472259288879,10.0547246502045,4488.542779182226,4509.15340899443,3344.6549973087135,4545.80996425125,1
10,21.400000000000002,-0.04379530773467678,0.029612260832167225,0.0423205572771827,0.018527750888893996,0.024872351356755754,1.4167219192564635,-0.06906783050345754,0.09076087563075926,9.839606150969997,4433.182763773326,4450.011526735626,3319.8771942389694,4525.173327677149,1
10,21.5,-0.06747438521401321,0.05495837810639209,-0.01971473310916516,-0.020449482595760637,-0.011205917800970475,1.4021805419160958,-0.061591098338106304,-0.18688979708886239,9.795233410200376,4517.61356063784,4459.577250976239,3300.510608118688,4475.860439154708,1
10,21.6,0.03344004176821193,-0.11572035456494517,0.07118888480489975,-0.036355131949060406,-0.004198806924467873,1.4432865506813841,-0.03607029268088617,-0.15293907567774342,10.142027528102757,4461.40310767169,4463.770391820728,3353.8446175525655,4509.68104908227,1
10,21.700000000000003,-0.06271282617302992,-0.006439383795192273,-0.023572946928579877,-0.033753016751492615,-0.015165251880364574,1.497889543049976,0.12664179058375521,-0.018882984322602964,9.7872709584772,4475.544999871194,4532.876723436247,3327.0696525450285,4523.680043189445,1
10,21.8,0.0055919432534790835,-0.07992867809518384,0.10866698988430352,0.001146594958755631,-0.006171830429726878,1.5358767249514105,0.022418970382801606,-0.10691979935618996,9.745840427702792,4442.87721622753,4502.580799037969,3339.903833019034,4446.131545875945,1
10,21.900000000000002,0.006431403490573803,0.03342392668972615,0.08163569837244668,-0.014923795216417568,-0.022044614593300076,1.4530358427901973,0.11908710299594519,-0.17095556453239635,9.566806600989638,4486.2369154642265,4470.729863462636,3298.749817937579,4542.435778182863,1
10,22.0,-0.06019092234041218,-0.007318308824888329,-0.0008250969400476565,-0.00669172497135922,-0.03156849952162443,1.4489739582258487,-0.06348363515497958,0.06335039556375781,9.893915859539701,4453.443127514076,4488.385909259497,3284.992343754487,4558.640858511518,1
10,22.1,0.014615659015081118,-0.05387192095152676,-0.07767979226016508,-0.007570907983907788,0.007247351507830839,1.538793675692979,0.02004826426914454,-0.020976524563626447,9.782799935161933,4496.130923207576,4446.512703081424,3298.16125135069,4482.682378326169,1
10,22.200000000000003,-0.08264151103923656,0.12089412890182423,0.0311303605987119,0.00026206516556594113,-0.0074225598119157885,1.5584177966918948,-0.11623002592070145,-0.031270429194281316,9.619565823465186,4521.646885610141,4475.197765624421,3333.039834349011,4497.021738371886,1
10,22.3,0.038724504841352814,0.019992944218543734,0.1059244833995519,-0.018703531920570466,0.01811246369893281,1.350992907741659,0.004312676211368586,-0.05459219323030147,9.529091723200994,4473.1943362502,4480.78032821162,3294.103449536884,4484.254510444524,1
10,22.400000000000002,0.004001298676982747,-0.04150791577942849,-0.04768577010013339,-0.005781321300817234,0.003641924446615136,1.567907782547005,0.08536630070653789,0.023748399180216494,9.89605060332112,4509.356007475364,4490.560734724094,3327.0174900785364,4472.565567225487,1
10,22.5,-0.10240727341519228,-0.05207446933771781,0.1403120815104287,-0.005908662769953574,0.005482580123675351,1.4780839986743837,0.05616653288263578,0.007071266600637727,9.79628159815355,4518.413350051514,4486.029661841435,3311.1623334809115,4494.758350167665,1
10,22.6,-0.005371312660644603,-0.04092987496616373,-0.02159556493862727,-0.010824851004943625,0.022598403575221887,1.3652742668912992,0.08892598914444627,-0.1744257680688982,9.917443127521993,4474.868092973627,4516.9896679250505,3296.359229759515,4457.029399323336,1
10,22.700000000000003,0.06793092699219086,0.03883231549278217,0.050317545699885606,-0.012807394887757296,0.016221692269049313,1.3973398702721407,-0.22276461225073307,-0.15623258691922012,9.625602392734718,4477.354893477284,4486.954692934617,3288.287002961411,4480.504851531269,1
10,22.8,-0.10581573860830883,0.00960616838053241,-0.02646747534513352,-0.01392687169094767,0.027960425827453884,1.480626770835571,0.005853173245617536,0.07958501517831325,9.512027831554501,4499.321698389963,4523.776435620499,3297.2601329190325,4460.899722399432,1
10,22.900000000000002,-0.0241237722472637,0.009449332287182387,-0.2106877890149133,-0.027053219902024882,0.03947073791870219,1.538767218214793,0.1483470560716281,0.08663177015078825,9.888796728634826,4490.727622831695,4511.436416231544,3343.498925725871,4524.766167695023,1
10,23.0,0.008340515242338966,-0.00861735345998219,0.04983235874708634,-0.01064085214581142,0.00996948820828904,1.444163560720316,-0.03539208874854238,-0.10277054662165004,9.722047391181135,4479.488170245412,4550.757461733273,3273.1651272831664,4511.545058868237,1
10,23.1,-0.047344115967679117,0.002344801833805801,0.028991540195438942,-0.03702207347847402,-0.027954029766444042,1.4236261447009613,-0.13032368740485362,0.00840852019455168,9.858516041750974,4468.107841338974,4503.725953107976,3287.2776415868584,4497.015718992933,1
10,23.200000000000003,-0.031421164480295825,0.024382836623107303,0.16349292569376775,0.015486684312371568,0.027867816973582347,1.3877740173514967,-0.06757091022731422,0.05652358327980154,10.111658834976689,4519.513212807197,4469.213277438784,3286.9602799554336,4510.002133097644,1
10,23.3,-0.008232976081537358,-0.03993862288591854,-0.029025444334443012,-0.00028872037519157964,-0.021698426109551576,1.5787607258029388,-0.04396148225590397,-0.007257622631079434,10.017010540744797,4496.250040016821,4529.410764853248,3269.123974172498,4512.988677438489,1
10,23.400000000000002,0.0419661177856977,-0.041493399923952456,-0.01783695923664053,-0.003153511692611605,0.00419278434299413,1.5379841293871814,-0.09112061986223108,-0.006005485830131774,10.128263634714916,4531.616303748744,4523.815315357315,3294.216612061961,4563.864924741813,1
10,23.5,0.051490709425313023,0.0018709433964716174,0.02204107155907014,-0.009176993094780823,0.007867433823166112,1.5474460026981531,0.07026080845470971,-0.018068389219044783,9.515260132474467,4507.253650385394,4521.203805177918,3270.643399789344,4497.275022660139,1
10,23.6,0.06707329126201965,-0.060173752903502235,-0.02837343497884642,0.029742782958766992,0.0031543070822754003,1.457919053740781,-0.000703159311040717,0.0825917132278281,9.76929889296325,4517.927463448173,4507.049704760272,3309.5123523104594,4519.846245330244,1
10,23.700000000000003,-0.014741404148664643,-0.04722553764361435,0.04743956054471049,-0.002648082255535389,-0.008962224518267678,1.5421108231446439,0.12773470811936966,-0.015457838301878449,9.811689907711623,4464.5469834262085,4493.319161747644,3306.6387134055253,4499.386677039368,1
10,23.8,-0.018107791642705134,0.03629208350667834,0.00580076785782899,0.051776062367633,0.004154385297122071,1.2802797717847645,-0.11120316087351441,0.053211927926970354,9.681338040011774,4482.563091965114,4462.823104681418,3285.69802588049,4505.817832676228,1
10,23.900000000000002,0.019291785719395983,-0.050994782574888625,0.08054061133164855,-0.02382738179609845,0.008759122179824956,1.5269637419709359,-0.09343581850344877,-0.10533155260839572,9.886458088120976,4483.203524441919,4494.2850196407035,3320.6200745374435,4514.374114836929,1
10,24.0,-0.04579722575472857,-0.002678959514841308,-0.09347152018928379,0.017398778999126733,0.030730337285634013,1.4323923747845286,-0.00311671039663635,0.09174610113311096,9.81484220166566,4516.845158621412,4501.548189945328,3268.2958887633868,4503.567750515336,1
10,24.1,0.05636418196165255,0.01571460349037898,0.1623674283789194,-0.03543007718042854,0.007580948992804128,1.4481593611853456,-0.08756311611257722,0.13344186085717288,9.758999004462124,4489.4536421600005,4510.307276553566,3235.424446408611,4540.64597819651,1
10,24.200000000000003,0.09522151570570676,0.0457556722511116,0.04119897405713974,-0.0043315085428293175,-0.021504246375643642,1.595525105258621,0.09163416232688715,0.04501162549173855,9.87672577788967,4509.017772415959,4484.22189840632,3375.0350648379545,4491.431293784331,1
10,24.3,-0.021335209673921943,0.05603031560225748,-0.0029205772424347816,-0.00037989030505680775,0.028291387441596077,1.55428921964403,0.07294185467742928,-0.14177104941927182,9.89010803572181,4469.831761932153,4486.350179797652,3305.269238086885,4498.913705937733,1
10,24.400000000000002,0.03271091530143861,0.038534982592080505,0.08456338392826222,-0.02688401886280323,0.047253165240737555,1.4980336904979303,0.121293335366721,-0.2514312847782599,9.75693424004726,4456.179537069872,4474.159038901229,3301.5166725475146,4489.957516844374,1
10,24.5,0.06570085035655418,0.08844959984866757,-0.09668342127320322,-0.009755303307357204,-0.020621764764641694,1.5924720143533964,0.01590436047237478,0.0032331169962347885,9.872493282145468,4490.664873268521,4474.305899224904,3301.5316426137238,4491.989749048877,1
10,24.6,0.017351203863734073,-0.08159892842601117,0.01863585827132914,-0.013784920116067514,0.003026098748271112,1.5724071687496601,-0.055624775111520336,0.11967205157701805,9.46184748299808,4546.314864915642,4537.154821570437,3273.402310922686,4473.6532376365485,1
10,24.700000000000003,-0.07474779765446082,0.04606893960603202,-0.033041081268219745,-0.008075398001176124,-0.022456299254771807,1.6449579115548343,-0.09727609296498729,0.0024166138725236416,9.85319394194514,4488.039864514731,4481.973278531247,3288.922156668796,4516.95999998259,1
10,24.8,-0.01735285775059364,0.08127728436497646,-0.07770386858035955,0.015082135053406854,-0.03512797423669121,1.4378459972131208,-0.08162921660792138,-0.11039135331636606,9.866694501451121,4496.694384192236,4431.635168464413,3359.8660631775756,4505.2804858303125,1
10,24.900000000000002,5.886772578726457e-05,0.06550594242984928,0.09888608893915007,-0.005963465877969966,-0.03905026119402335,1.5451508516228372,-0.09628461747486527,0.1239264458589424,9.654767267480462,4486.443993144301,4459.70456716082,3262.131139169915,4496.727738579033,1
10,25.0,-0.01011297642464668,-0.02379413067604246,0.205301162400888,0.012072927322398164,0.00020486645852505495,1.2794139399784215,0.08257682286943173,0.2994536298114114,9.772409948895591,4475.6846243060345,4504.899739642233,3257.0577380204336,4513.861816327999,1
10,25.1,0.0750109481968622,-0.03354655502671818,-0.06386407827659374,-0.0015939165746068134,-0.010024384637954756,1.3790146233699365,-0.03852376925845517,-0.05870092193080348,10.083310972666855,4534.6612415636,4541.919389257408,3324.0517500509013,4506.173487344432,1
10,25.200000000000003,-0.0437204013722185,0.06630578138260657,0.0347789436744237,-0.02496060695470104,-0.01827736384375824,1.398900385434916,-0.2052028960616588,0.038852218494913,9.562424925633492,4477.321641575078,4501.165188859433,3294.3632122833824,4478.596744760155,1
10,25.3,0.0759464506530879,-0.07633272458761747,-0.14833661483504065,0.00915687815177074,-0.012522659287012666,1.4467801778825184,-0.10790360311459615,0.033820118647696774,9.855126374922627,4503.573693260203,4482.51129236037,3277.4691118976607,4495.107184842845,1
10,25.400000000000002,0.048326990461825606,0.07840796990682836,0.1111355313029831,0.010114746837919329,0.01964352345677066,1.4054451304090203,-0.07137702745857608,0.05243985057008649,9.786367826590315,4510.12519138459,4529.383955730717,3324.7208485329247,4467.271094698014,1
10,25.5,0.0005922153049270631,-0.04604112909306929,-0.07773180386400837,-0.03421738010173239,0.0026720088470909677,1.3572180344694373,0.03941332388521774,0.13584476109827712,9.916067223796103,4501.556650735073,4546.033443762093,3309.8233709210867,4474.117700421394,1
10,25.6,0.006255322586557705,0.09798457502970748,-0.10926388346423177,-0.027602477594694554,0.012298172946830783,1.482075746562953,-0.05320018754998523,-0.12591794202018397,9.419977552402651,4456.307098835057,4548.447765759821,3299.7337727056656,4441.129065538397,1
10,25.700000000000003,0.05920429691593818,0.06174169835069872,0.1229233955682836,-0.008450626189679997,-0.0053762122348514334,1.5110102290966467,0.1401046507994684,-0.0554901019088634,9.659117351083857,4520.870306050715,4536.27764201549,3298.4162791735034,4520.113197234058,1
10,25.8,0.005622338203701662,-0.01256223030522606,-0.08292781984858515,-0.023077198028938976,-0.012295321235410273,1.4219152651305182,0.028348253305942997,0.1217545767416787,9.85080187027418,4472.3788998094,4525.661312430779,3308.9064448829913,4514.8447806213535,1
10,25.900000000000002,-0.02596838555411812,0.05666882861592463,0.1128265698178955,-0.003681342893168775,0.01436903693205848,1.5881191321657335,-0.046537222608852076,-0.008123864763480471,9.825958271440483,4467.065395252626,4513.2498753466325,3330.675684467982,4495.683419513464,1
10,26.0,0.01699250271761339,0.06992903979590882,-0.040515187480294805,0.007205299952540073,-0.011396244033393477,1.452231496074447,0.03418932614727872,0.024136956731328738,9.921013967905541,4502.284762488734,4513.954284518974,3349.965569162141,4531.797312159168,1
10,26.1,0.01691908493722442,0.025245349916833533,-0.029890201350420254,-0.0031837818227585814,0.009849218613429312,1.5070120179772688,0.0793018676231519,0.1267073003446025,9.789646807801248,4439.72350382649,4561.025667773718,3280.4251670078625,4505.85485109296,1
10,26.200000000000003,0.03637461433634869,0.07044867694215415,0.18060342085701267,-0.007277462755349201,0.02379379533885855,1.5158383930699892,0.2743203670212376,0.11004447242600397,9.774505182317537,4476.207815484153,4421.202308264581,3320.240277896404,4530.253462739723,1
10,26.3,0.0372730222199979,-0.1176707223684605,-0.12580109896894662,0.00961646955793574,0.03571047470961582,1.4955556957821838,0.10915182565916831,-0.10344068234384972,9.851425606530466,4491.760196071305,4535.627684214927,3283.8049100719086,4550.310380515948,1
10,26.400000000000002,-0.015385624180999391,-0.053493149807608345,-0.10363073177379178,-0.01244854264695717,0.00741134655845433,1.4512016019967102,-0.0820477375650972,0.08898080515344062,9.167756277912307,4487.103550906931,4459.972855567946,3273.9433668496854,4507.312497707672,1
10,26.5,-0.010261632251752256,-0.014778298223521686,0.1189508878964265,-0.00027236319492840547,0.03612113747213824,1.5569753422400612,-0.0966709721532309,0.19340919702848544,9.865621068898204,4556.152435777196,4492.017133709017,3308.166952422238,4512.963424959752,1
10,26.6,-0.008405688710885982,0.06359599977934431,0.1932582008504309,-0.04586852557233003,0.016296367499830225,1.4284396952119052,-0.25928084538697743,0.05170182564641928,9.913854699499977,4520.403815251857,4511.130836337105,3326.25075669851,4481.908535959673,1
10,26.700000000000003,0.013166719457745921,0.034908313421428465,0.13529561225593764,0.0008769094550426754,-0.004275911305950197,1.4955808884385868,-0.1193593105446089,0.0769624285721292,9.518536618640326,4511.728923091121,4502.537226667783,3253.470823037483,4455.181616948046,1
10,26.8,-0.04268457364898812,-0.017197098874763478,0.14804792816514142,-0.002214703326575982,0.010929738713438317,1.6013284301822486,0.10731672911525975,-0.0007059712870647239,9.668894944890656,4514.965636790831,4479.4328454438955,3354.4441395756744,4526.033954983057,1
10,26.900000000000002,0.010434815204183618,0.025633588303094243,0.01782864895135976,-0.007366592598272468,0.00997219856479168,1.480568647974625,0.1936688432437557,-0.06927034002684951,9.911759485052649,4476.518205208975,4476.205075993998,3246.417304074525,4512.344253143193,1
10,27.0,-0.026623295552262945,0.05416947594081595,0.04132953926168541,0.0029644931605860075,-0.02820997547968493,1.5467924243894349,-0.06621461519194502,-0.1432838696151378,9.896102695905764,4462.2512213842765,4437.26625898893,3338.914033644095,4483.17803991432,1
10,27.1,-0.08722440292313954,-0.04812959053382038,-0.07210515970716773,0.022884545805879543,-0.03325935520165277,1.392887497460054,0.09804029948857342,-0.04497327955785124,9.85559054760227,4485.272240097965,4560.61710470466,3261.3091453223883,4508.463470018347,1
10,27.200000000000003,0.07514782936287077,-0.01874930051366331,-0.07537740554091887,0.01534206061634283,0.02008129620552755,1.4360077052006959,0.1462196593905437,0.005122109214788834,9.911752259225654,4544.648435716185,4523.063406773652,3299.992524737455,4479.852236804472,1
10,27.3,0.13542528253411745,-0.03945080890266394,0.03181290939802716,0.01019978774735259,0.011146189372365532,1.67024135455252,0.004757039508893206,-0.00950659358636343,10.120455611521509,4495.923475617999,4526.280730140573,3305.831695157899,4527.629247484715,1
10,27.400000000000002,0.0362724138543351,-0.02015560497008903,-0.184401262165837,-0.03347817429088357,-0.03680757182191629,1.4927042682190999,-0.23526255700543022,-0.015999032037438216,9.8367534694142,4525.686793337917,4515.131390179806,3327.056552046234,4512.417153727062,1
10,27.5,-0.01617707700292074,-0.005299147195703827,-0.08516439622642528,0.0045617305667791635,-0.031683911007530735,1.5852828363205045,-0.09565938866318474,0.015384532167798443,9.874295667061519,4534.881687589631,4449.5650992569,3290.2362239129193,4516.4954350704,1
10,27.6,0.08755917565060645,-0.0019413863617222483,-0.05943457080094821,0.04053977512400098,0.016051213437095726,1.6098906617476145,-0.12095407276996253,0.0521129104119611,9.593334947817393,4460.848679905713,4517.456401900189,3319.5554219675505,4485.539642456221,1
10,27.700000000000003,0.07160186142787527,-0.01845098911697028,-0.026998101390414114,-0.0007207754998872375,-0.004858855533046102,1.6021809701880492,-0.10417033354840542,-0.07543431907634679,9.571718490624574,4556.5055121898595,4490.264420389818,3276.944502990607,4491.38076936401,1
10,27.8,0.042452805062120354,0.03318827359914594,-0.05751789549976456,-0.007991723467820532,-0.029109409021843623,1.5110978656927148,0.12823174359550898,-0.05817771620085033,9.9371626060813,4482.536610165561,4467.130528532269,3320.408394083834,4570.429481627644,1
10,27.900000000000002,0.02717118046438118,-0.020692809342997172,-0.03493659598831202,0.038183707788632996,0.0061396003967230574,1.438726718350403,-0.006222506337308195,0.021514046286154873,9.903842740319869,4545.361164422821,4538.276954822872,3305.9471632944005,4498.755143627223,1
10,28.0,0.019799287138438097,-0.030411674615417474,0.09800093436445145,-0.004069435971945749,0.00981802618234146,1.6370602856284802,0.05528064705268864,0.023070316602568253,9.70652250856903,4497.657778274535,4465.91848206301,3315.9960044026966,4435.96915714555,1
10,28.1,0.04842032827603466,0.036584177965813224,0.00981819255132007,-0.010660337884276573,-0.00032519844700553395,1.3580775978607689,0.0823800603264451,-0.016382453926042578,10.113046234993005,4511.759708553736,4506.943013109887,3312.0284441432423,4470.7346824109845,1
10,28.200000000000003,-0.02254969335233594,0.006647446680533341,-0.030256426671990966,-0.011530249439127834,-0.00564792640595841,1.5035303932314295,0.23187422670719032,-0.032539135500987366,9.674514104249324,4495.418130242291,4545.0478469549735,3347.1927516042047,4558.472942270641,1
10,28.3,0.003048775161328622,0.03207961347987389,-0.10500244746968712,-0.007068815461784679,-0.022301695546608435,1.5378607005696234,0.0038412762868914718,0.022618965994562836,9.64075783630914,4525.52061974069,4427.789142126539,3292.4391545349663,4496.8006623236415,1
10,28.400000000000002,-0.10108012517291359,0.01920641991837538,-0.01732641241043476,0.011222337916239864,0.03999657191069245,1.5259699099400221,0.09726613044896641,0.13809530899180295,9.908405419255638,4474.023732530664,4450.794980062749,3311.2313429851224,4487.992265324922,1
10,28.5,0.0641800533793662,-0.02375615804893909,-0.0014307061101270773,-0.023180213933529984,-0.006876653432836688,1.4245731999919236,-0.08515270464257609,-0.005281424781697,9.688616406500001,4578.877146063853,4525.076824534211,3332.5391973833753,4496.673210082832,1
10,28.6,0.00528760893412248,-0.021479647282825146,0.2624380900465348,-0.002177276372016061,-0.012075019984697068,1.4396796623481083,0.0335350026947146,0.1421022042741208,10.02739190104643,4477.310238373019,4476.571699561586,3337.388055268446,4563.041441208031,1
10,28.700000000000003,-0.007250125382887756,0.060331170418247475,-0.1466088105629348,-0.016870490019456227,-0.02019196485183161,1.5329771036118296,-0.017897602203862557,0.023809264467799757,10.05382319777006,4480.405014485646,4502.819793198386,3259.862033427763,4534.913571472256,1
10,28.8,0.05482068568316004,0.0180944073716397,0.011993610217871077,-0.0101829586912637,-0.02791098389400286,1.524443355300894,0.07562008106610874,0.20193716110532445,9.731290096850524,4508.105448546314,4533.432126492038,3334.3359863658247,4481.3258712966335,1
10,28.900000000000002,-0.013957969662935853,-0.026257532637981598,-0.0901844568535287,0.02943338826046493,0.0012542761796583187,1.494060362981447,0.024770816249270647,0.005376196517548161,9.765804525218066,4477.153279905996,4546.958413742908,3282.8918321131637,4472.084638004775,1
10,29.0,-0.004027782546001517,0.10787576087181511,-0.08215733043450757,0.01419230437457246,-0.004926632098337707,1.5195845798501577,0.09221808849615792,-0.17196888081929917,9.630731778241618,4527.240383847811,4502.92353252244,3306.3562392136328,4521.341508511366,1
10,29.1,-0.04448007454513081,0.052753626891366034,0.08197837246405498,0.004766344145167412,0.009362634657349727,1.5931979022125622,-0.05938390587341567,0.06613570184612205,10.158871447142953,4519.2187874846595,4493.328203170239,3369.546170711171,4506.924435072315,1
10,29.200000000000003,0.06992957998398736,-0.021076570684036594,0.10678024979057038,-0.010928500950821549,0.006467684765091036,1.4514607912714972,0.19011559761970448,-0.02211313321887195,9.588413574608873,4502.853555657067,4516.112843758239,3299.2019706788296,4475.600393144194,1
10,29.3,0.05186584036449894,0.06295900146408989,-0.16479573488464627,-0.017540539077212675,-0.0031885529326506363,1.4575259442272728,0.05259545831479395,0.18394772071211732,9.733817298098765,4547.30166603312,4455.950014310781,3313.6744443755474,4482.158655397368,1
10,29.400000000000002,0.023869496532713207,-0.08784049227285133,-0.12853904794030627,0.009506250290202512,-0.0126000181132628,1.4741505915243063,0.1836285174827357,0.013757146916885519,9.990303302856328,4477.221835511865,4459.76388921293,3297.577940368744,4455.285917899961,1
10,29.5,-0.03492948016208373,0.011887710924903237,-0.011126089706175074,0.006690387709902438,0.012006367920041632,1.4043420227355115,-0.09419342714304335,-0.2178584195362189,9.735895338471424,4522.102678728517,4544.738305908195,3305.714456072495,4541.19686590628,1
10,29.6,0.01919135118879922,0.005372471025050913,-0.061129087658518114,-0.047703200860317346,0.024463789744391912,1.495742001996672,0.1388296524800516,-0.09496331188556749,10.29576404201447,4492.536382360012,4479.2343301877145,3293.5643386086304,4505.1136926744675,1
10,29.700000000000003,-0.003495100303801286,-0.025766520456315202,-0.1803442556132616,-0.0160865515824768,0.021488713389517414,1.4296221839621703,-0.17169486370974874,-0.10554997477683042,9.792270742432173,4477.223364983048,4491.604887638724,3276.046403860626,4530.292316891864,1
10,29.8,0.024542475539929175,0.11089797832642752,-0.038172129660315135,-0.005697583504785303,0.023670040470838996,1.5312806708157003,-0.09415066802024327,0.05564213188236214,9.889305779462605,4446.186123356228,4480.460679002614,3305.7096057017884,4543.388391217321,1
10,29.900000000000002,0.03489992221468099,-0.028202230706599746,-0.07082019045090993,0.015954664878194576,-0.04852652792331814,1.4353934941173538,0.140930800237513,0.029681747923304604,9.658267769554415,4463.93749723499,4525.192040039675,3302.33434039779,4493.438686208245,1
